use Conquistadores;
go

-- Poblacion Conquistadores

insert into Subdirector (nombre, edad)
values('Juan Figueroa', '29')
insert into Subdirector (nombre, edad)
values('Pedro Calderon', '27')
insert into Subdirector (nombre, edad)
values('David Peña', '25')
insert into Subdirector (nombre, edad)
values('Kevin Valenzuela', '34')
insert into Subdirector (nombre, edad)
values('Roberto Garcia', '39')
insert into Subdirector (nombre, edad)
values('Jorge Osuna', '24')
insert into Subdirector (nombre, edad)
values('Julian Amarillas', '30')
insert into Subdirector (nombre, edad)
values('Ana Salcedo', '23')
insert into Subdirector (nombre, edad)
values('Maria Felix', '27')
insert into Subdirector (nombre, edad)
values('Luisa Quiñonez', '33')




insert into Secretario (nombre, edad)
values('Marco Renteria', '27')
insert into Secretario (nombre, edad)
values('Fidel Ramos', '20')
insert into Secretario (nombre, edad)
values('Noel Urias', '25')
insert into Secretario (nombre, edad)
values('Saul Valdez', '19')
insert into Secretario (nombre, edad)
values('Manuel Noriega', '30')
insert into Secretario (nombre, edad)
values('Silvia Lopez', '21')
insert into Secretario (nombre, edad)
values('Edgardo Loya', '28')
insert into Secretario (nombre, edad)
values('Carlos Medrano', '29')
insert into Secretario (nombre, edad)
values('David Armenta', '23')
insert into Secretario (nombre, edad)
values('Kevin Lachica', '28')




insert into Tesorero (nombre, edad)
values('Ricardo Delgado', '28')
insert into Tesorero (nombre, edad)
values('Martin Juarez', '2')
insert into Tesorero (nombre, edad)
values('Raul Lopez', '44')
insert into Tesorero (nombre, edad)
values('Ramon Aguirre', '38')
insert into Tesorero (nombre, edad)
values('Pablo Aramburo', '24')
insert into Tesorero (nombre, edad)
values('Julian Amador', '40')
insert into Tesorero (nombre, edad)
values('Oscar Valenzuela', '30')
insert into Tesorero (nombre, edad)
values('Miguel Cervantes', '25')
insert into Tesorero (nombre, edad)
values('Roberto Bueno', '28')
insert into Tesorero (nombre, edad)
values('Alan Zaragoza', '23')



insert into Pais (nombre)
values('Mexico')
insert into Pais (nombre)
values('Estados Unidos')
insert into Pais (nombre)
values('Canada')
insert into Pais (nombre)
values('Brasil')
insert into Pais (nombre)
values('Francia')
insert into Pais (nombre)
values('Venezuela')
insert into Pais (nombre)
values('Colombia')
insert into Pais (nombre)
values('Portugal')
insert into Pais (nombre)
values('Argentia')
insert into Pais(nombre)
values('Chile')


insert into Estado (nombre)
values('Sinaloa')
insert into Estado (nombre)
values('Texas')
insert into Estado (nombre)
values('Qebec')
insert into Estado (nombre)
values('Rio De Janeiro')
insert into Estado (nombre)
values('Altos De Francia')
insert into Estado (nombre)
values('Amazonas')
insert into Estado (nombre)
values('Medellin')
insert into Estado (nombre)
values('Porto')
insert into Estado (nombre)
values('Buenos Aires')
insert into Estado (nombre)
values('Región de Atacama')

insert into Ciudad (nombre)
values('Culiacan')
insert into Ciudad (nombre)
values('Chihuahua')
insert into Ciudad (nombre)
values('Navolato')
insert into Ciudad (nombre)
values('Parral')
insert into Ciudad (nombre)
values('Tijuana')
insert into Ciudad (nombre)
values('Monterrey')
insert into Ciudad (nombre)
values('los cabos')
insert into Ciudad (nombre)
values('Oaxaca')
insert into Ciudad (nombre)
values('Morelos')
insert into Ciudad (nombre)
values('Guadalajara')




insert into Reunion(fecha)
values('12-09-2018')
insert into Reunion(fecha)
values('01-10-2018')
insert into Reunion(fecha)
values('17-09-2018')
insert into Reunion(fecha)
values('04-10-2018')
insert into Reunion(fecha)
values('20-09-2018')
insert into Reunion(fecha)
values('29-09-2018')
insert into Reunion(fecha)
values('07-10-2018')
insert into Reunion(fecha)
values('30-09-2018')
insert into Reunion(fecha)
values('01-09-2018')
insert into Reunion(fecha)
values('21-09-2018')



insert into	Especialidad (nombre)
values('Tirador Profesional')
insert into	Especialidad (nombre)
values('Experto en pezca')
insert into	Especialidad (nombre)
values('Experto en excurciones')
insert into	Especialidad (nombre)
values('experto en tirolina')
insert into	Especialidad (nombre)
values('experto en escalado')
insert into	Especialidad (nombre)
values('experto en montar caballo')
insert into	Especialidad (nombre)
values('multilenguaje')
insert into	Especialidad (nombre)
values('Cocinero Profesional')
insert into	Especialidad (nombre)
values('Experto en musica')
insert into	Especialidad (nombre)
values('Experto en buseo')





insert into Actividad (nombre)
values('Tiro Con Arco')
insert into Actividad (nombre)
values('Pezca')
insert into Actividad (nombre)
values('Excursiones')
insert into Actividad (nombre)
values('Tirolina')
insert into Actividad (nombre)
values('Escalado')
insert into Actividad (nombre)
values('Montar Caballo')
insert into Actividad (nombre)
values('Aprender Idiomas')
insert into Actividad (nombre)
values('Cocina')
insert into Actividad (nombre)
values('Musica')
insert into	Actividad (nombre)
values('Buseo')

insert into Investidura(fecha)
values('18-10-2018')
insert into Investidura(fecha)
values('26-10-2018')
insert into Investidura(fecha)
values('14-10-2018')
insert into Investidura(fecha)
values('30-10-2018')
insert into Investidura(fecha)
values('28-10-2018')
insert into Investidura(fecha)
values('20-10-2018')
insert into Investidura(fecha)
values('12-10-2018')
insert into Investidura(fecha)
values('07-10-2018')
insert into Investidura(fecha)
values('03-10-2018')
insert into Investidura(fecha)
values('25-10-2018')


insert into Director(nombre)
values('Marco Moreno')
insert into Director(nombre)
values('Alberto Carrillo')
insert into Director(nombre)
values('Benito Bolivar')
insert into Director(nombre)
values('Carlos Zapata')
insert into Director(nombre)
values('Ignacio Salazar')
insert into Director(nombre)
values('Wendy Aguilar')
insert into Director(nombre)
values('Manuel Padilla')
insert into Director(nombre)
values('Pamela Corvera')
insert into Director(nombre)
values('Alejandro Felix')
insert into Director(nombre)
values('Daniel Cortes')



insert into Niño(nombre,  fecha_nacimiento,  edad, estatura, peso, numero_emergencia, enfermedades, alergias)
	values('Juan Perez', '26-06-1998',  20,  1.74,  78,  '6671345467',  'asma',  'animales')
insert into Niño(nombre, fecha_nacimiento, edad, estatura, peso, numero_emergencia, enfermedades, alergias)
	values('Marco Mendez', '13-01-1997', 21, 1.70, 85, '6674674536', 'ninguna', 'polvo')
insert into Niño(nombre, fecha_nacimiento, edad, estatura, peso, numero_emergencia, enfermedades, alergias)
	values('Carlos Aguilar', '13-08-1998', 20, 1.68, 65, '6671123432', 'ninguna', 'ninguna')
insert into Niño(nombre, fecha_nacimiento, edad, estatura, peso, numero_emergencia, enfermedades, alergias)
	values('Manuel Velazques', '30-05-1998', 20, 1.76, 76, '6671345467', 'ninguna', 'ninguna')
insert into Niño(nombre, fecha_nacimiento, edad, estatura, peso, numero_emergencia, enfermedades, alergias)
	values('Luis Ibarra', '14-04-1996', 22, 1.70, 78, '6673765849', 'ninguna', 'ninguna')
insert into Niño(nombre, fecha_nacimiento, edad, estatura, peso, numero_emergencia, enfermedades, alergias)
	values('Silvia Lopez', '27-03-1998', 20, 1.73, 65, '6672343234', 'ninguna', 'ninguna')
insert into Niño(nombre, fecha_nacimiento, edad, estatura, peso, numero_emergencia, enfermedades, alergias)
	values('Kevin Lachica', '26-09-1998', 20, 1.78, 74, '6671512535', 'ninguna', 'polvo')
insert into Niño(nombre, fecha_nacimiento, edad, estatura, peso, numero_emergencia, enfermedades, alergias)
	values('Edgardo Loya', '22-02-1997', 21, 1.80, 81, '6672768493', 'ninguna', 'ninguna')
insert into Niño(nombre, fecha_nacimiento, edad, estatura, peso, numero_emergencia, enfermedades, alergias)
	values('Edgardo Loya', '22-02-1997', 21, 1.80, 81, '6672768493', 'ninguna', 'ninguna')
insert into Niño(nombre, fecha_nacimiento, edad, estatura, peso, numero_emergencia, enfermedades, alergias)
	values('David Meza', '10-04-1995', 23, 1.69, 74, '6671765845', 'ninguna', 'ninguna')




insert into Padre(nombre, telefono, ocupacion)
values('Pablo Escobar', '6674375839', 'Abogado')
insert into Padre(nombre, telefono, ocupacion)
values('Amado Carrillo', '6671674563', 'Comerciante')
insert into Padre(nombre, telefono, ocupacion)
values('Joaquin Loera', '6672647389', 'Agricultor')
insert into Padre(nombre, telefono, ocupacion)
values('Miguel Felix', '6673675647', 'Vendedor')
insert into Padre(nombre, telefono, ocupacion)
values('Fernanda Guzman', '6671768943', 'Ama De Casa')
insert into Padre(nombre, telefono, ocupacion)
values('Luis Cazares', '6671890000', 'Doctor')
insert into Padre(nombre, telefono, ocupacion)
values('Mario Rios', '6671667755', 'Electricista')
insert into Padre(nombre, telefono, ocupacion)
values('Miguel Ortiz', '6672657788', 'Arquitecto')
insert into Padre(nombre, telefono, ocupacion)
values('Omar Chavez', '6671887733', 'Entrenador')
insert into Padre(nombre, telefono, ocupacion)
values('Daniela Leyva', '6671332211', 'Bioquimica')



insert into Clase(nombre, logotipo, color)
values('3A', 'Dragon', 'Rojo')
insert into Clase(nombre, logotipo, color)
values('1B', 'Oso', 'Cafe')
insert into Clase(nombre, logotipo, color)
values('2A', 'Halcon', 'Negro')
insert into Clase(nombre, logotipo, color)
values('4C', 'Tiburon', 'Azul')
insert into Clase(nombre, logotipo, color)
values('4A', 'Leon', 'Amarillo')
insert into Clase(nombre, logotipo, color)
values('2B', 'Jaguar', 'Verde')
insert into Clase(nombre, logotipo, color)
values('4B', 'Pantera', 'Blanco')
insert into Clase(nombre, logotipo, color)
values('5A', 'Lobo', 'Naranja')
insert into Clase(nombre, logotipo, color)
values('5B', 'Serpiente', 'Plateado')
insert into Clase(nombre, logotipo, color)
values('3A', 'Escorpion', 'Morado')



insert into Instructor(nombre)
values('Roberto Inzunza')
insert into Instructor(nombre)
values('Rogelio Nuñez')
insert into Instructor(nombre)
values('Alberto Ñañes')
insert into Instructor(nombre)
values('David Carrillo')
insert into Instructor(nombre)
values('Jaime Felix')
insert into Instructor(nombre)
values('Gerardo Santana')
insert into Instructor(nombre)
values('Kevin Lachica')
insert into Instructor(nombre)
values('Alan Zambada')
insert into Instructor(nombre)
values('Carlos Zamora')
insert into Instructor(nombre)
values('Valentin Elizalde')


insert into Club(nombre, lema, logo, calle, colonia)
values('Los De La Montaña', 'Nunca Te Rindas', 'Dos Espadas', 'Zapata', 'Ejidal')
insert into Club(nombre, lema, logo, calle, colonia)
values('Los Antorcha', 'jamas Te Des Por vencido', 'Caliz De Fuego', 'Quintas', 'Villa Torres')
insert into Club(nombre, lema, logo, calle, colonia)
values('Los Del Bosque', 'Fuertes como un tronco', '', 'Lopez Mateo', 'Centro')
insert into Club(nombre, lema, logo, calle, colonia)
values('Los De Fuego', 'Mentes brillantes', 'Un Fenix', 'Altezza Villas', 'Cerro De Los Frailes')
insert into Club(nombre, lema, logo, calle, colonia)
values('Los Corre Caminos ', 'Nunca te detengas', 'Un corre caminos', 'Lomas Del Sol', 'Angel Flores')
insert into Club(nombre, lema, logo, calle, colonia)
values('Los Angeles Azules', 'Sigue tus sueños', 'Un angel', 'Valle alto', 'Rubi')
insert into Club(nombre, lema, logo, calle, colonia)
values('Los Del Desierto', 'Resistentes bajo el calor', 'Una piramide', 'Bachigualato', 'Bachigualato')
insert into Club(nombre, lema, logo, calle, colonia)
values('Los De La Montaña', 'Nunca Te Rindas', 'Dos Espadas', 'Zapata', 'Ejidal')
insert into Club(nombre, lema, logo, calle, colonia)
values('Los De La Montaña', 'Nunca Te Rindas', 'Dos Espadas', 'Zapata', 'Ejidal')
insert into Club(nombre, lema, logo, calle, colonia)
values('Los De La Montaña', 'Nunca Te Rindas', 'Dos Espadas', 'Zapata', 'Ejidal')
insert into Club(nombre, lema, logo, calle, colonia)
values('Los De La Montaña', 'Nunca Te Rindas', 'Dos Espadas', 'Zapata', 'Ejidal')
insert into Club(nombre, lema, logo, calle, colonia)
values('Los De La Montaña', 'Nunca Te Rindas', 'Dos Espadas', 'Zapata', 'Ejidal')



insert into Reunion_Niño(reunion_id, niño_id, fecha, puntualidad, asistencia, cuota, tarea, uniforme)
 values(1,1, '12-09-2018', true, true, true, false, false); 
 go
insert into Reunion_Niño(reunion_id, niño_id, fecha, puntualidad, asistencia, cuota, tarea, uniforme)
 values(1,2, '12-09-2018', true, false, false, true, true); 
 go
insert into Reunion_Niño(reunion_id, niño_id, fecha, puntualidad, asistencia, cuota, tarea, uniforme)
 values(1,3, '12-09-2018', true, true, false, false, false); 
 go
insert into Reunion_Niño(reunion_id, niño_id, fecha, puntualidad, asistencia, cuota, tarea, uniforme)
 values(1,4, '12-09-2018', false, false, false, false, false); 
 go
insert into Reunion_Niño(reunion_id, niño_id, fecha, puntualidad, asistencia, cuota, tarea, uniforme)
 values(1,5, '12-09-2018', false, true, true, false, true); 
 go
insert into Reunion_Niño(reunion_id, niño_id, fecha, puntualidad, asistencia, cuota, tarea, uniforme)
 values(1,6, '12-09-2018', true, true, false, true, false); 
 go
insert into Reunion_Niño(reunion_id, niño_id, fecha, puntualidad, asistencia, cuota, tarea, uniforme)
 values(1,7, '12-09-2018', true, true, false, true, false); 
 go
insert into Reunion_Niño(reunion_id, niño_id, fecha, puntualidad, asistencia, cuota, tarea, uniforme)
 values(1,8, '12-09-2018', false, true, false, true, true); 
 go
insert into Reunion_Niño(reunion_id, niño_id, fecha, puntualidad, asistencia, cuota, tarea, uniforme)
 values(1,9, '12-09-2018', true, true, false, false, true); 
 go
insert into Reunion_Niño(reunion_id, niño_id, fecha, puntualidad, asistencia, cuota, tarea, uniforme)
 values(1,10, '12-09-2018', true, false, true, false, false); 
 go
insert into Reunion_Niño(reunion_id, niño_id, fecha, puntualidad, asistencia, cuota, tarea, uniforme)
 values(2,1, '01-10-2018', true, false, true, true, false); 
 go
insert into Reunion_Niño(reunion_id, niño_id, fecha, puntualidad, asistencia, cuota, tarea, uniforme)
 values(2,2, '01-10-2018', false, true, false, true, true); 
 go
insert into Reunion_Niño(reunion_id, niño_id, fecha, puntualidad, asistencia, cuota, tarea, uniforme)
 values(2,3, '01-10-2018', true, true, true, false, true); 
 go
insert into Reunion_Niño(reunion_id, niño_id, fecha, puntualidad, asistencia, cuota, tarea, uniforme)
 values(2,4, '01-10-2018', false, true, true, false, false); 
 go
insert into Reunion_Niño(reunion_id, niño_id, fecha, puntualidad, asistencia, cuota, tarea, uniforme)
 values(2,5, '01-10-2018', false, false, false, false, false); 
 go
insert into Reunion_Niño(reunion_id, niño_id, fecha, puntualidad, asistencia, cuota, tarea, uniforme)
 values(2,6, '01-10-2018', true, true, false, true, true); 
 go
insert into Reunion_Niño(reunion_id, niño_id, fecha, puntualidad, asistencia, cuota, tarea, uniforme)
 values(2,7, '01-10-2018', true, true, true, true, false); 
 go
insert into Reunion_Niño(reunion_id, niño_id, fecha, puntualidad, asistencia, cuota, tarea, uniforme)
 values(2,8, '01-10-2018', false, true, false, false, false); 
 go
insert into Reunion_Niño(reunion_id, niño_id, fecha, puntualidad, asistencia, cuota, tarea, uniforme)
 values(2,9, '01-10-2018', true, true, false, true, false); 
 go
insert into Reunion_Niño(reunion_id, niño_id, fecha, puntualidad, asistencia, cuota, tarea, uniforme)
 values(2,10, '01-10-2018', false, true, true, true, false); 
 go
insert into Reunion_Niño(reunion_id, niño_id, fecha, puntualidad, asistencia, cuota, tarea, uniforme)
 values(3,1, '17-09-2018', true, true, false, true, false); 
 go
insert into Reunion_Niño(reunion_id, niño_id, fecha, puntualidad, asistencia, cuota, tarea, uniforme)
 values(3,2, '17-09-2018', true, false, true, false, true); 
 go
insert into Reunion_Niño(reunion_id, niño_id, fecha, puntualidad, asistencia, cuota, tarea, uniforme)
 values(3,3, '17-09-2018', true, true, false, false, true); 
 go
insert into Reunion_Niño(reunion_id, niño_id, fecha, puntualidad, asistencia, cuota, tarea, uniforme)
 values(3,4, '17-09-2018', true, true, false, true, false); 
 go
insert into Reunion_Niño(reunion_id, niño_id, fecha, puntualidad, asistencia, cuota, tarea, uniforme)
 values(3,5, '17-09-2018', false, false, true, true, false); 
 go
insert into Reunion_Niño(reunion_id, niño_id, fecha, puntualidad, asistencia, cuota, tarea, uniforme)
 values(3,6, '17-09-2018', true, true, false, false, false); 
 go
insert into Reunion_Niño(reunion_id, niño_id, fecha, puntualidad, asistencia, cuota, tarea, uniforme)
 values(3,7, '17-09-2018', false, false, false, false, true); 
 go
insert into Reunion_Niño(reunion_id, niño_id, fecha, puntualidad, asistencia, cuota, tarea, uniforme)
 values(3,8, '17-09-2018', true, true, true, true, true); 
 go
insert into Reunion_Niño(reunion_id, niño_id, fecha, puntualidad, asistencia, cuota, tarea, uniforme)
 values(3,9, '17-09-2018', false, true, true, true, true); 
 go
insert into Reunion_Niño(reunion_id, niño_id, fecha, puntualidad, asistencia, cuota, tarea, uniforme)
 values(3,10, '17-09-2018', false, true, true, false, false); 
 go
insert into Reunion_Niño(reunion_id, niño_id, fecha, puntualidad, asistencia, cuota, tarea, uniforme)
 values(4,1, '04-10-2018', true, true, true, false, false); 
 go
insert into Reunion_Niño(reunion_id, niño_id, fecha, puntualidad, asistencia, cuota, tarea, uniforme)
 values(4,2, '04-10-2018', false, true, false, false, false); 
 go
insert into Reunion_Niño(reunion_id, niño_id, fecha, puntualidad, asistencia, cuota, tarea, uniforme)
 values(4,3, '04-10-2018', true, false, true, false, true); 
 go
insert into Reunion_Niño(reunion_id, niño_id, fecha, puntualidad, asistencia, cuota, tarea, uniforme)
 values(4,4, '04-10-2018', true, true, false, true, false); 
 go
insert into Reunion_Niño(reunion_id, niño_id, fecha, puntualidad, asistencia, cuota, tarea, uniforme)
 values(4,5, '04-10-2018', false, true, true, false, true); 
 go
insert into Reunion_Niño(reunion_id, niño_id, fecha, puntualidad, asistencia, cuota, tarea, uniforme)
 values(4,6, '04-10-2018', false, false, true, false, false); 
 go
insert into Reunion_Niño(reunion_id, niño_id, fecha, puntualidad, asistencia, cuota, tarea, uniforme)
 values(4,7, '04-10-2018', false, false, true, false, false); 
 go
insert into Reunion_Niño(reunion_id, niño_id, fecha, puntualidad, asistencia, cuota, tarea, uniforme)
 values(4,8, '04-10-2018', false, false, true, false, false); 
 go
insert into Reunion_Niño(reunion_id, niño_id, fecha, puntualidad, asistencia, cuota, tarea, uniforme)
 values(4,9, '04-10-2018', false, false, false, false, true); 
 go
insert into Reunion_Niño(reunion_id, niño_id, fecha, puntualidad, asistencia, cuota, tarea, uniforme)
 values(4,10, '04-10-2018', false, false, true, true, false); 
 go
insert into Reunion_Niño(reunion_id, niño_id, fecha, puntualidad, asistencia, cuota, tarea, uniforme)
 values(5,1, '20-09-2018', false, true, false, false, false); 
 go
insert into Reunion_Niño(reunion_id, niño_id, fecha, puntualidad, asistencia, cuota, tarea, uniforme)
 values(5,2, '20-09-2018', false, false, false, true, false); 
 go
insert into Reunion_Niño(reunion_id, niño_id, fecha, puntualidad, asistencia, cuota, tarea, uniforme)
 values(5,3, '20-09-2018', true, true, true, true, false); 
 go
insert into Reunion_Niño(reunion_id, niño_id, fecha, puntualidad, asistencia, cuota, tarea, uniforme)
 values(5,4, '20-09-2018', true, true, false, true, false); 
 go
insert into Reunion_Niño(reunion_id, niño_id, fecha, puntualidad, asistencia, cuota, tarea, uniforme)
 values(5,5, '20-09-2018', true, true, true, false, false); 
 go
insert into Reunion_Niño(reunion_id, niño_id, fecha, puntualidad, asistencia, cuota, tarea, uniforme)
 values(5,6, '20-09-2018', false, false, true, false, true); 
 go
insert into Reunion_Niño(reunion_id, niño_id, fecha, puntualidad, asistencia, cuota, tarea, uniforme)
 values(5,7, '20-09-2018', true, true, false, false, true); 
 go
insert into Reunion_Niño(reunion_id, niño_id, fecha, puntualidad, asistencia, cuota, tarea, uniforme)
 values(5,8, '20-09-2018', true, true, true, true, false); 
 go
insert into Reunion_Niño(reunion_id, niño_id, fecha, puntualidad, asistencia, cuota, tarea, uniforme)
 values(5,9, '20-09-2018', false, false, false, true, true); 
 go
insert into Reunion_Niño(reunion_id, niño_id, fecha, puntualidad, asistencia, cuota, tarea, uniforme)
 values(5,10, '20-09-2018', false, true, false, true, true); 
 go
insert into Reunion_Niño(reunion_id, niño_id, fecha, puntualidad, asistencia, cuota, tarea, uniforme)
 values(6,1, '29-09-2018', false, true, false, false, true); 
 go
insert into Reunion_Niño(reunion_id, niño_id, fecha, puntualidad, asistencia, cuota, tarea, uniforme)
 values(6,2, '29-09-2018', false, true, false, false, true); 
 go
insert into Reunion_Niño(reunion_id, niño_id, fecha, puntualidad, asistencia, cuota, tarea, uniforme)
 values(6,3, '29-09-2018', true, false, false, false, false); 
 go
insert into Reunion_Niño(reunion_id, niño_id, fecha, puntualidad, asistencia, cuota, tarea, uniforme)
 values(6,4, '29-09-2018', false, false, false, false, false); 
 go
insert into Reunion_Niño(reunion_id, niño_id, fecha, puntualidad, asistencia, cuota, tarea, uniforme)
 values(6,5, '29-09-2018', false, false, false, true, false); 
 go
insert into Reunion_Niño(reunion_id, niño_id, fecha, puntualidad, asistencia, cuota, tarea, uniforme)
 values(6,6, '29-09-2018', false, true, true, false, false); 
 go
insert into Reunion_Niño(reunion_id, niño_id, fecha, puntualidad, asistencia, cuota, tarea, uniforme)
 values(6,7, '29-09-2018', false, true, false, false, false); 
 go
insert into Reunion_Niño(reunion_id, niño_id, fecha, puntualidad, asistencia, cuota, tarea, uniforme)
 values(6,8, '29-09-2018', true, true, true, true, false); 
 go
insert into Reunion_Niño(reunion_id, niño_id, fecha, puntualidad, asistencia, cuota, tarea, uniforme)
 values(6,9, '29-09-2018', false, true, true, false, false); 
 go
insert into Reunion_Niño(reunion_id, niño_id, fecha, puntualidad, asistencia, cuota, tarea, uniforme)
 values(6,10, '29-09-2018', false, true, false, false, true); 
 go
insert into Reunion_Niño(reunion_id, niño_id, fecha, puntualidad, asistencia, cuota, tarea, uniforme)
 values(7,1, '07-10-2018', true, false, false, true, false); 
 go
insert into Reunion_Niño(reunion_id, niño_id, fecha, puntualidad, asistencia, cuota, tarea, uniforme)
 values(7,2, '07-10-2018', true, true, false, true, true); 
 go
insert into Reunion_Niño(reunion_id, niño_id, fecha, puntualidad, asistencia, cuota, tarea, uniforme)
 values(7,3, '07-10-2018', false, false, false, true, false); 
 go
insert into Reunion_Niño(reunion_id, niño_id, fecha, puntualidad, asistencia, cuota, tarea, uniforme)
 values(7,4, '07-10-2018', false, true, false, false, false); 
 go
insert into Reunion_Niño(reunion_id, niño_id, fecha, puntualidad, asistencia, cuota, tarea, uniforme)
 values(7,5, '07-10-2018', false, false, true, true, false); 
 go
insert into Reunion_Niño(reunion_id, niño_id, fecha, puntualidad, asistencia, cuota, tarea, uniforme)
 values(7,6, '07-10-2018', true, true, false, true, false); 
 go
insert into Reunion_Niño(reunion_id, niño_id, fecha, puntualidad, asistencia, cuota, tarea, uniforme)
 values(7,7, '07-10-2018', true, false, true, false, false); 
 go
insert into Reunion_Niño(reunion_id, niño_id, fecha, puntualidad, asistencia, cuota, tarea, uniforme)
 values(7,8, '07-10-2018', false, true, true, true, true); 
 go
insert into Reunion_Niño(reunion_id, niño_id, fecha, puntualidad, asistencia, cuota, tarea, uniforme)
 values(7,9, '07-10-2018', false, false, false, true, false); 
 go
insert into Reunion_Niño(reunion_id, niño_id, fecha, puntualidad, asistencia, cuota, tarea, uniforme)
 values(7,10, '07-10-2018', true, false, false, true, false); 
 go
insert into Reunion_Niño(reunion_id, niño_id, fecha, puntualidad, asistencia, cuota, tarea, uniforme)
 values(8,1, '30-09-2018', true, true, true, false, false); 
 go
insert into Reunion_Niño(reunion_id, niño_id, fecha, puntualidad, asistencia, cuota, tarea, uniforme)
 values(8,2, '30-09-2018', true, false, false, true, true); 
 go
insert into Reunion_Niño(reunion_id, niño_id, fecha, puntualidad, asistencia, cuota, tarea, uniforme)
 values(8,3, '30-09-2018', true, true, true, true, true); 
 go
insert into Reunion_Niño(reunion_id, niño_id, fecha, puntualidad, asistencia, cuota, tarea, uniforme)
 values(8,4, '30-09-2018', false, true, false, false, false); 
 go
insert into Reunion_Niño(reunion_id, niño_id, fecha, puntualidad, asistencia, cuota, tarea, uniforme)
 values(8,5, '30-09-2018', true, false, true, true, true); 
 go
insert into Reunion_Niño(reunion_id, niño_id, fecha, puntualidad, asistencia, cuota, tarea, uniforme)
 values(8,6, '30-09-2018', false, true, true, false, false); 
 go
insert into Reunion_Niño(reunion_id, niño_id, fecha, puntualidad, asistencia, cuota, tarea, uniforme)
 values(8,7, '30-09-2018', false, false, true, false, false); 
 go
insert into Reunion_Niño(reunion_id, niño_id, fecha, puntualidad, asistencia, cuota, tarea, uniforme)
 values(8,8, '30-09-2018', true, true, false, true, false); 
 go
insert into Reunion_Niño(reunion_id, niño_id, fecha, puntualidad, asistencia, cuota, tarea, uniforme)
 values(8,9, '30-09-2018', true, true, false, true, true); 
 go
insert into Reunion_Niño(reunion_id, niño_id, fecha, puntualidad, asistencia, cuota, tarea, uniforme)
 values(8,10, '30-09-2018', false, false, false, true, true); 
 go
insert into Reunion_Niño(reunion_id, niño_id, fecha, puntualidad, asistencia, cuota, tarea, uniforme)
 values(9,1, '01-09-2018', true, true, false, false, false); 
 go
insert into Reunion_Niño(reunion_id, niño_id, fecha, puntualidad, asistencia, cuota, tarea, uniforme)
 values(9,2, '01-09-2018', false, false, true, false, false); 
 go
insert into Reunion_Niño(reunion_id, niño_id, fecha, puntualidad, asistencia, cuota, tarea, uniforme)
 values(9,3, '01-09-2018', true, true, true, true, false); 
 go
insert into Reunion_Niño(reunion_id, niño_id, fecha, puntualidad, asistencia, cuota, tarea, uniforme)
 values(9,4, '01-09-2018', false, true, false, false, false); 
 go
insert into Reunion_Niño(reunion_id, niño_id, fecha, puntualidad, asistencia, cuota, tarea, uniforme)
 values(9,5, '01-09-2018', false, true, true, true, true); 
 go
insert into Reunion_Niño(reunion_id, niño_id, fecha, puntualidad, asistencia, cuota, tarea, uniforme)
 values(9,6, '01-09-2018', true, true, false, false, true); 
 go
insert into Reunion_Niño(reunion_id, niño_id, fecha, puntualidad, asistencia, cuota, tarea, uniforme)
 values(9,7, '01-09-2018', false, true, true, true, false); 
 go
insert into Reunion_Niño(reunion_id, niño_id, fecha, puntualidad, asistencia, cuota, tarea, uniforme)
 values(9,8, '01-09-2018', true, false, false, true, true); 
 go
insert into Reunion_Niño(reunion_id, niño_id, fecha, puntualidad, asistencia, cuota, tarea, uniforme)
 values(9,9, '01-09-2018', false, false, false, true, false); 
 go
insert into Reunion_Niño(reunion_id, niño_id, fecha, puntualidad, asistencia, cuota, tarea, uniforme)
 values(9,10, '01-09-2018', true, false, false, false, true); 
 go
insert into Reunion_Niño(reunion_id, niño_id, fecha, puntualidad, asistencia, cuota, tarea, uniforme)
 values(10,1, '21-09-2018', false, false, true, false, false); 
 go
insert into Reunion_Niño(reunion_id, niño_id, fecha, puntualidad, asistencia, cuota, tarea, uniforme)
 values(10,2, '21-09-2018', false, false, true, false, true); 
 go
insert into Reunion_Niño(reunion_id, niño_id, fecha, puntualidad, asistencia, cuota, tarea, uniforme)
 values(10,3, '21-09-2018', false, false, false, false, false); 
 go
insert into Reunion_Niño(reunion_id, niño_id, fecha, puntualidad, asistencia, cuota, tarea, uniforme)
 values(10,4, '21-09-2018', true, true, false, false, false); 
 go
insert into Reunion_Niño(reunion_id, niño_id, fecha, puntualidad, asistencia, cuota, tarea, uniforme)
 values(10,5, '21-09-2018', false, true, false, true, false); 
 go
insert into Reunion_Niño(reunion_id, niño_id, fecha, puntualidad, asistencia, cuota, tarea, uniforme)
 values(10,6, '21-09-2018', true, false, false, true, true); 
 go
insert into Reunion_Niño(reunion_id, niño_id, fecha, puntualidad, asistencia, cuota, tarea, uniforme)
 values(10,7, '21-09-2018', true, false, true, false, false); 
 go
insert into Reunion_Niño(reunion_id, niño_id, fecha, puntualidad, asistencia, cuota, tarea, uniforme)
 values(10,8, '21-09-2018', true, true, true, false, false); 
 go
insert into Reunion_Niño(reunion_id, niño_id, fecha, puntualidad, asistencia, cuota, tarea, uniforme)
 values(10,9, '21-09-2018', false, false, false, false, true); 
 go
insert into Reunion_Niño(reunion_id, niño_id, fecha, puntualidad, asistencia, cuota, tarea, uniforme)
 values(10,10, '21-09-2018', true, false, true, false, true); 
 go



 insert into Actividad_Niño(actividad_id, niño_id, fecha)
 values(1, 1, '05-03-2018');
 go
insert into Actividad_Niño(actividad_id, niño_id, fecha)
 values(1, 2, '05-03-2018');
 go
insert into Actividad_Niño(actividad_id, niño_id, fecha)
 values(1, 3, '05-03-2018');
 go
insert into Actividad_Niño(actividad_id, niño_id, fecha)
 values(1, 4, '05-03-2018');
 go
insert into Actividad_Niño(actividad_id, niño_id, fecha)
 values(1, 5, '05-03-2018');
 go
insert into Actividad_Niño(actividad_id, niño_id, fecha)
 values(1, 6, '05-03-2018');
 go
insert into Actividad_Niño(actividad_id, niño_id, fecha)
 values(1, 7, '05-03-2018');
 go
insert into Actividad_Niño(actividad_id, niño_id, fecha)
 values(1, 8, '05-03-2018');
 go
insert into Actividad_Niño(actividad_id, niño_id, fecha)
 values(1, 9, '05-03-2018');
 go
insert into Actividad_Niño(actividad_id, niño_id, fecha)
 values(1, 10, '05-03-2018');
 go
insert into Actividad_Niño(actividad_id, niño_id, fecha)
 values(2, 1, '23-03-2018');
 go
insert into Actividad_Niño(actividad_id, niño_id, fecha)
 values(2, 2, '23-03-2018');
 go
insert into Actividad_Niño(actividad_id, niño_id, fecha)
 values(2, 3, '23-03-2018');
 go
insert into Actividad_Niño(actividad_id, niño_id, fecha)
 values(2, 4, '23-03-2018');
 go
insert into Actividad_Niño(actividad_id, niño_id, fecha)
 values(2, 5, '23-03-2018');
 go
insert into Actividad_Niño(actividad_id, niño_id, fecha)
 values(2, 6, '23-03-2018');
 go
insert into Actividad_Niño(actividad_id, niño_id, fecha)
 values(2, 7, '23-03-2018');
 go
insert into Actividad_Niño(actividad_id, niño_id, fecha)
 values(2, 8, '23-03-2018');
 go
insert into Actividad_Niño(actividad_id, niño_id, fecha)
 values(2, 9, '23-03-2018');
 go
insert into Actividad_Niño(actividad_id, niño_id, fecha)
 values(2, 10, '23-03-2018');
 go
insert into Actividad_Niño(actividad_id, niño_id, fecha)
 values(3, 1, '08-04-2018');
 go
insert into Actividad_Niño(actividad_id, niño_id, fecha)
 values(3, 2, '08-04-2018');
 go
insert into Actividad_Niño(actividad_id, niño_id, fecha)
 values(3, 3, '08-04-2018');
 go
insert into Actividad_Niño(actividad_id, niño_id, fecha)
 values(3, 4, '08-04-2018');
 go
insert into Actividad_Niño(actividad_id, niño_id, fecha)
 values(3, 5, '08-04-2018');
 go
insert into Actividad_Niño(actividad_id, niño_id, fecha)
 values(3, 6, '08-04-2018');
 go
insert into Actividad_Niño(actividad_id, niño_id, fecha)
 values(3, 7, '08-04-2018');
 go
insert into Actividad_Niño(actividad_id, niño_id, fecha)
 values(3, 8, '08-04-2018');
 go
insert into Actividad_Niño(actividad_id, niño_id, fecha)
 values(3, 9, '08-04-2018');
 go
insert into Actividad_Niño(actividad_id, niño_id, fecha)
 values(3, 10, '08-04-2018');
 go
insert into Actividad_Niño(actividad_id, niño_id, fecha)
 values(4, 1, '18-04-2018');
 go
insert into Actividad_Niño(actividad_id, niño_id, fecha)
 values(4, 2, '18-04-2018');
 go
insert into Actividad_Niño(actividad_id, niño_id, fecha)
 values(4, 3, '18-04-2018');
 go
insert into Actividad_Niño(actividad_id, niño_id, fecha)
 values(4, 4, '18-04-2018');
 go
insert into Actividad_Niño(actividad_id, niño_id, fecha)
 values(4, 5, '18-04-2018');
 go
insert into Actividad_Niño(actividad_id, niño_id, fecha)
 values(4, 6, '18-04-2018');
 go
insert into Actividad_Niño(actividad_id, niño_id, fecha)
 values(4, 7, '18-04-2018');
 go
insert into Actividad_Niño(actividad_id, niño_id, fecha)
 values(4, 8, '18-04-2018');
 go
insert into Actividad_Niño(actividad_id, niño_id, fecha)
 values(4, 9, '18-04-2018');
 go
insert into Actividad_Niño(actividad_id, niño_id, fecha)
 values(4, 10, '18-04-2018');
 go
insert into Actividad_Niño(actividad_id, niño_id, fecha)
 values(5, 1, '30-04-2018');
 go
insert into Actividad_Niño(actividad_id, niño_id, fecha)
 values(5, 2, '30-04-2018');
 go
insert into Actividad_Niño(actividad_id, niño_id, fecha)
 values(5, 3, '30-04-2018');
 go
insert into Actividad_Niño(actividad_id, niño_id, fecha)
 values(5, 4, '30-04-2018');
 go
insert into Actividad_Niño(actividad_id, niño_id, fecha)
 values(5, 5, '30-04-2018');
 go
insert into Actividad_Niño(actividad_id, niño_id, fecha)
 values(5, 6, '30-04-2018');
 go
insert into Actividad_Niño(actividad_id, niño_id, fecha)
 values(5, 7, '30-04-2018');
 go
insert into Actividad_Niño(actividad_id, niño_id, fecha)
 values(5, 8, '30-04-2018');
 go
insert into Actividad_Niño(actividad_id, niño_id, fecha)
 values(5, 9, '30-04-2018');
 go
insert into Actividad_Niño(actividad_id, niño_id, fecha)
 values(5, 10, '30-04-2018');
 go
insert into Actividad_Niño(actividad_id, niño_id, fecha)
 values(6, 1, '10-05-2018');
 go
insert into Actividad_Niño(actividad_id, niño_id, fecha)
 values(6, 2, '10-05-2018');
 go
insert into Actividad_Niño(actividad_id, niño_id, fecha)
 values(6, 3, '10-05-2018');
 go
insert into Actividad_Niño(actividad_id, niño_id, fecha)
 values(6, 4, '10-05-2018');
 go
insert into Actividad_Niño(actividad_id, niño_id, fecha)
 values(6, 5, '10-05-2018');
 go
insert into Actividad_Niño(actividad_id, niño_id, fecha)
 values(6, 6, '10-05-2018');
 go
insert into Actividad_Niño(actividad_id, niño_id, fecha)
 values(6, 7, '10-05-2018');
 go
insert into Actividad_Niño(actividad_id, niño_id, fecha)
 values(6, 8, '10-05-2018');
 go
insert into Actividad_Niño(actividad_id, niño_id, fecha)
 values(6, 9, '10-05-2018');
 go
insert into Actividad_Niño(actividad_id, niño_id, fecha)
 values(6, 10, '10-05-2018');
 go
insert into Actividad_Niño(actividad_id, niño_id, fecha)
 values(7, 1, '18-05-2018');
 go
insert into Actividad_Niño(actividad_id, niño_id, fecha)
 values(7, 2, '18-05-2018');
 go
insert into Actividad_Niño(actividad_id, niño_id, fecha)
 values(7, 3, '18-05-2018');
 go
insert into Actividad_Niño(actividad_id, niño_id, fecha)
 values(7, 4, '18-05-2018');
 go
insert into Actividad_Niño(actividad_id, niño_id, fecha)
 values(7, 5, '18-05-2018');
 go
insert into Actividad_Niño(actividad_id, niño_id, fecha)
 values(7, 6, '18-05-2018');
 go
insert into Actividad_Niño(actividad_id, niño_id, fecha)
 values(7, 7, '18-05-2018');
 go
insert into Actividad_Niño(actividad_id, niño_id, fecha)
 values(7, 8, '18-05-2018');
 go
insert into Actividad_Niño(actividad_id, niño_id, fecha)
 values(7, 9, '18-05-2018');
 go
insert into Actividad_Niño(actividad_id, niño_id, fecha)
 values(7, 10, '18-05-2018');
 go
insert into Actividad_Niño(actividad_id, niño_id, fecha)
 values(8, 1, '29-05-2018');
 go
insert into Actividad_Niño(actividad_id, niño_id, fecha)
 values(8, 2, '29-05-2018');
 go
insert into Actividad_Niño(actividad_id, niño_id, fecha)
 values(8, 3, '29-05-2018');
 go
insert into Actividad_Niño(actividad_id, niño_id, fecha)
 values(8, 4, '29-05-2018');
 go
insert into Actividad_Niño(actividad_id, niño_id, fecha)
 values(8, 5, '29-05-2018');
 go
insert into Actividad_Niño(actividad_id, niño_id, fecha)
 values(8, 6, '29-05-2018');
 go
insert into Actividad_Niño(actividad_id, niño_id, fecha)
 values(8, 7, '29-05-2018');
 go
insert into Actividad_Niño(actividad_id, niño_id, fecha)
 values(8, 8, '29-05-2018');
 go
insert into Actividad_Niño(actividad_id, niño_id, fecha)
 values(8, 9, '29-05-2018');
 go
insert into Actividad_Niño(actividad_id, niño_id, fecha)
 values(8, 10, '29-05-2018');
 go
insert into Actividad_Niño(actividad_id, niño_id, fecha)
 values(9, 1, '12-06-2018');
 go
insert into Actividad_Niño(actividad_id, niño_id, fecha)
 values(9, 2, '12-06-2018');
 go
insert into Actividad_Niño(actividad_id, niño_id, fecha)
 values(9, 3, '12-06-2018');
 go
insert into Actividad_Niño(actividad_id, niño_id, fecha)
 values(9, 4, '12-06-2018');
 go
insert into Actividad_Niño(actividad_id, niño_id, fecha)
 values(9, 5, '12-06-2018');
 go
insert into Actividad_Niño(actividad_id, niño_id, fecha)
 values(9, 6, '12-06-2018');
 go
insert into Actividad_Niño(actividad_id, niño_id, fecha)
 values(9, 7, '12-06-2018');
 go
insert into Actividad_Niño(actividad_id, niño_id, fecha)
 values(9, 8, '12-06-2018');
 go
insert into Actividad_Niño(actividad_id, niño_id, fecha)
 values(9, 9, '12-06-2018');
 go
insert into Actividad_Niño(actividad_id, niño_id, fecha)
 values(9, 10, '12-06-2018');
 go
insert into Actividad_Niño(actividad_id, niño_id, fecha)
 values(10, 1, '20-06-2018');
 go
insert into Actividad_Niño(actividad_id, niño_id, fecha)
 values(10, 2, '20-06-2018');
 go
insert into Actividad_Niño(actividad_id, niño_id, fecha)
 values(10, 3, '20-06-2018');
 go
insert into Actividad_Niño(actividad_id, niño_id, fecha)
 values(10, 4, '20-06-2018');
 go
insert into Actividad_Niño(actividad_id, niño_id, fecha)
 values(10, 5, '20-06-2018');
 go
insert into Actividad_Niño(actividad_id, niño_id, fecha)
 values(10, 6, '20-06-2018');
 go
insert into Actividad_Niño(actividad_id, niño_id, fecha)
 values(10, 7, '20-06-2018');
 go
insert into Actividad_Niño(actividad_id, niño_id, fecha)
 values(10, 8, '20-06-2018');
 go
insert into Actividad_Niño(actividad_id, niño_id, fecha)
 values(10, 9, '20-06-2018');
 go
insert into Actividad_Niño(actividad_id, niño_id, fecha)
 values(10, 10, '20-06-2018');
 go




insert into Investidura_Niño(investidura_id, niño_id, fecha)
 values(1, 1, 05-06-2018);
 go
insert into Investidura_Niño(investidura_id, niño_id, fecha)
 values(1, 2, 05-06-2018);
 go
insert into Investidura_Niño(investidura_id, niño_id, fecha)
 values(1, 3, 05-06-2018);
 go
insert into Investidura_Niño(investidura_id, niño_id, fecha)
 values(1, 4, 05-06-2018);
 go
insert into Investidura_Niño(investidura_id, niño_id, fecha)
 values(1, 5, 05-06-2018);
 go
insert into Investidura_Niño(investidura_id, niño_id, fecha)
 values(1, 6, 05-06-2018);
 go
insert into Investidura_Niño(investidura_id, niño_id, fecha)
 values(1, 7, 05-06-2018);
 go
insert into Investidura_Niño(investidura_id, niño_id, fecha)
 values(1, 8, 05-06-2018);
 go
insert into Investidura_Niño(investidura_id, niño_id, fecha)
 values(1, 9, 05-06-2018);
 go
insert into Investidura_Niño(investidura_id, niño_id, fecha)
 values(1, 10, 05-06-2018);
 go
insert into Investidura_Niño(investidura_id, niño_id, fecha)
 values(2, 1, 23-06-2018);
 go
insert into Investidura_Niño(investidura_id, niño_id, fecha)
 values(2, 2, 23-06-2018);
 go
insert into Investidura_Niño(investidura_id, niño_id, fecha)
 values(2, 3, 23-06-2018);
 go
insert into Investidura_Niño(investidura_id, niño_id, fecha)
 values(2, 4, 23-06-2018);
 go
insert into Investidura_Niño(investidura_id, niño_id, fecha)
 values(2, 5, 23-06-2018);
 go
insert into Investidura_Niño(investidura_id, niño_id, fecha)
 values(2, 6, 23-06-2018);
 go
insert into Investidura_Niño(investidura_id, niño_id, fecha)
 values(2, 7, 23-06-2018);
 go
insert into Investidura_Niño(investidura_id, niño_id, fecha)
 values(2, 8, 23-06-2018);
 go
insert into Investidura_Niño(investidura_id, niño_id, fecha)
 values(2, 9, 23-06-2018);
 go
insert into Investidura_Niño(investidura_id, niño_id, fecha)
 values(2, 10, 23-06-2018);
 go
insert into Investidura_Niño(investidura_id, niño_id, fecha)
 values(3, 1, 30-06-2018);
 go
insert into Investidura_Niño(investidura_id, niño_id, fecha)
 values(3, 2, 30-06-2018);
 go
insert into Investidura_Niño(investidura_id, niño_id, fecha)
 values(3, 3, 30-06-2018);
 go
insert into Investidura_Niño(investidura_id, niño_id, fecha)
 values(3, 4, 30-06-2018);
 go
insert into Investidura_Niño(investidura_id, niño_id, fecha)
 values(3, 5, 30-06-2018);
 go
insert into Investidura_Niño(investidura_id, niño_id, fecha)
 values(3, 6, 30-06-2018);
 go
insert into Investidura_Niño(investidura_id, niño_id, fecha)
 values(3, 7, 30-06-2018);
 go
insert into Investidura_Niño(investidura_id, niño_id, fecha)
 values(3, 8, 30-06-2018);
 go
insert into Investidura_Niño(investidura_id, niño_id, fecha)
 values(3, 9, 30-06-2018);
 go
insert into Investidura_Niño(investidura_id, niño_id, fecha)
 values(3, 10, 30-06-2018);
 go
insert into Investidura_Niño(investidura_id, niño_id, fecha)
 values(4, 1, 30-06-2018);
 go
insert into Investidura_Niño(investidura_id, niño_id, fecha)
 values(4, 2, 30-06-2018);
 go
insert into Investidura_Niño(investidura_id, niño_id, fecha)
 values(4, 3, 30-06-2018);
 go
insert into Investidura_Niño(investidura_id, niño_id, fecha)
 values(4, 4, 30-06-2018);
 go
insert into Investidura_Niño(investidura_id, niño_id, fecha)
 values(4, 5, 30-06-2018);
 go
insert into Investidura_Niño(investidura_id, niño_id, fecha)
 values(4, 6, 30-06-2018);
 go
insert into Investidura_Niño(investidura_id, niño_id, fecha)
 values(4, 7, 30-06-2018);
 go
insert into Investidura_Niño(investidura_id, niño_id, fecha)
 values(4, 8, 30-06-2018);
 go
insert into Investidura_Niño(investidura_id, niño_id, fecha)
 values(4, 9, 30-06-2018);
 go
insert into Investidura_Niño(investidura_id, niño_id, fecha)
 values(4, 10, 30-06-2018);
 go
insert into Investidura_Niño(investidura_id, niño_id, fecha)
 values(5, 1, 04-06-2018);
 go
insert into Investidura_Niño(investidura_id, niño_id, fecha)
 values(5, 2, 04-06-2018);
 go
insert into Investidura_Niño(investidura_id, niño_id, fecha)
 values(5, 3, 04-06-2018);
 go
insert into Investidura_Niño(investidura_id, niño_id, fecha)
 values(5, 4, 04-06-2018);
 go
insert into Investidura_Niño(investidura_id, niño_id, fecha)
 values(5, 5, 04-06-2018);
 go
insert into Investidura_Niño(investidura_id, niño_id, fecha)
 values(5, 6, 04-06-2018);
 go
insert into Investidura_Niño(investidura_id, niño_id, fecha)
 values(5, 7, 04-06-2018);
 go
insert into Investidura_Niño(investidura_id, niño_id, fecha)
 values(5, 8, 04-06-2018);
 go
insert into Investidura_Niño(investidura_id, niño_id, fecha)
 values(5, 9, 04-06-2018);
 go
insert into Investidura_Niño(investidura_id, niño_id, fecha)
 values(5, 10, 04-06-2018);
 go
insert into Investidura_Niño(investidura_id, niño_id, fecha)
 values(6, 1, 14-06-2018);
 go
insert into Investidura_Niño(investidura_id, niño_id, fecha)
 values(6, 2, 14-06-2018);
 go
insert into Investidura_Niño(investidura_id, niño_id, fecha)
 values(6, 3, 14-06-2018);
 go
insert into Investidura_Niño(investidura_id, niño_id, fecha)
 values(6, 4, 14-06-2018);
 go
insert into Investidura_Niño(investidura_id, niño_id, fecha)
 values(6, 5, 14-06-2018);
 go
insert into Investidura_Niño(investidura_id, niño_id, fecha)
 values(6, 6, 14-06-2018);
 go
insert into Investidura_Niño(investidura_id, niño_id, fecha)
 values(6, 7, 14-06-2018);
 go
insert into Investidura_Niño(investidura_id, niño_id, fecha)
 values(6, 8, 14-06-2018);
 go
insert into Investidura_Niño(investidura_id, niño_id, fecha)
 values(6, 9, 14-06-2018);
 go
insert into Investidura_Niño(investidura_id, niño_id, fecha)
 values(6, 10, 14-06-2018);
 go
insert into Investidura_Niño(investidura_id, niño_id, fecha)
 values(7, 1, 23-06-2018);
 go
insert into Investidura_Niño(investidura_id, niño_id, fecha)
 values(7, 2, 23-06-2018);
 go
insert into Investidura_Niño(investidura_id, niño_id, fecha)
 values(7, 3, 23-06-2018);
 go
insert into Investidura_Niño(investidura_id, niño_id, fecha)
 values(7, 4, 23-06-2018);
 go
insert into Investidura_Niño(investidura_id, niño_id, fecha)
 values(7, 5, 23-06-2018);
 go
insert into Investidura_Niño(investidura_id, niño_id, fecha)
 values(7, 6, 23-06-2018);
 go
insert into Investidura_Niño(investidura_id, niño_id, fecha)
 values(7, 7, 23-06-2018);
 go
insert into Investidura_Niño(investidura_id, niño_id, fecha)
 values(7, 8, 23-06-2018);
 go
insert into Investidura_Niño(investidura_id, niño_id, fecha)
 values(7, 9, 23-06-2018);
 go
insert into Investidura_Niño(investidura_id, niño_id, fecha)
 values(7, 10, 23-06-2018);
 go
insert into Investidura_Niño(investidura_id, niño_id, fecha)
 values(8, 1, 30-06-2018);
 go
insert into Investidura_Niño(investidura_id, niño_id, fecha)
 values(8, 2, 30-06-2018);
 go
insert into Investidura_Niño(investidura_id, niño_id, fecha)
 values(8, 3, 30-06-2018);
 go
insert into Investidura_Niño(investidura_id, niño_id, fecha)
 values(8, 4, 30-06-2018);
 go
insert into Investidura_Niño(investidura_id, niño_id, fecha)
 values(8, 5, 30-06-2018);
 go
insert into Investidura_Niño(investidura_id, niño_id, fecha)
 values(8, 6, 30-06-2018);
 go
insert into Investidura_Niño(investidura_id, niño_id, fecha)
 values(8, 7, 30-06-2018);
 go
insert into Investidura_Niño(investidura_id, niño_id, fecha)
 values(8, 8, 30-06-2018);
 go
insert into Investidura_Niño(investidura_id, niño_id, fecha)
 values(8, 9, 30-06-2018);
 go
insert into Investidura_Niño(investidura_id, niño_id, fecha)
 values(8, 10, 30-06-2018);
 go
insert into Investidura_Niño(investidura_id, niño_id, fecha)
 values(9, 1, 15-07-2018);
 go
insert into Investidura_Niño(investidura_id, niño_id, fecha)
 values(9, 2, 15-07-2018);
 go
insert into Investidura_Niño(investidura_id, niño_id, fecha)
 values(9, 3, 15-07-2018);
 go
insert into Investidura_Niño(investidura_id, niño_id, fecha)
 values(9, 4, 15-07-2018);
 go
insert into Investidura_Niño(investidura_id, niño_id, fecha)
 values(9, 5, 15-07-2018);
 go
insert into Investidura_Niño(investidura_id, niño_id, fecha)
 values(9, 6, 15-07-2018);
 go
insert into Investidura_Niño(investidura_id, niño_id, fecha)
 values(9, 7, 15-07-2018);
 go
insert into Investidura_Niño(investidura_id, niño_id, fecha)
 values(9, 8, 15-07-2018);
 go
insert into Investidura_Niño(investidura_id, niño_id, fecha)
 values(9, 9, 15-07-2018);
 go
insert into Investidura_Niño(investidura_id, niño_id, fecha)
 values(9, 10, 15-07-2018);
 go
insert into Investidura_Niño(investidura_id, niño_id, fecha)
 values(10, 1, 24-07-2018);
 go
insert into Investidura_Niño(investidura_id, niño_id, fecha)
 values(10, 2, 24-07-2018);
 go
insert into Investidura_Niño(investidura_id, niño_id, fecha)
 values(10, 3, 24-07-2018);
 go
insert into Investidura_Niño(investidura_id, niño_id, fecha)
 values(10, 4, 24-07-2018);
 go
insert into Investidura_Niño(investidura_id, niño_id, fecha)
 values(10, 5, 24-07-2018);
 go
insert into Investidura_Niño(investidura_id, niño_id, fecha)
 values(10, 6, 24-07-2018);
 go
insert into Investidura_Niño(investidura_id, niño_id, fecha)
 values(10, 7, 24-07-2018);
 go
insert into Investidura_Niño(investidura_id, niño_id, fecha)
 values(10, 8, 24-07-2018);
 go
insert into Investidura_Niño(investidura_id, niño_id, fecha)
 values(10, 9, 24-07-2018);
 go
insert into Investidura_Niño(investidura_id, niño_id, fecha)
 values(10, 10, 24-07-2018);
 go



 declare @inicio date='2013-01-01';
 declare @diferenciaDias int=datediff(day, @inicio, getdate());
 insert into Consejero_Especialidad(consejero_id, especialidad_id, fecha)
 values(1, 1, DATEADD(day, rand()*(diferenciaDias-1+1), @inicio);
 go
insert into Consejero_Especialidad(consejero_id, especialidad_id, fecha)
 values(1, 2, DATEADD(day, rand()*(diferenciaDias-1+1), @inicio);
 go
insert into Consejero_Especialidad(consejero_id, especialidad_id, fecha)
 values(1, 3, DATEADD(day, rand()*(diferenciaDias-1+1), @inicio);
 go
insert into Consejero_Especialidad(consejero_id, especialidad_id, fecha)
 values(1, 4, DATEADD(day, rand()*(diferenciaDias-1+1), @inicio);
 go
insert into Consejero_Especialidad(consejero_id, especialidad_id, fecha)
 values(1, 5, DATEADD(day, rand()*(diferenciaDias-1+1), @inicio);
 go
insert into Consejero_Especialidad(consejero_id, especialidad_id, fecha)
 values(1, 6, DATEADD(day, rand()*(diferenciaDias-1+1), @inicio);
 go
insert into Consejero_Especialidad(consejero_id, especialidad_id, fecha)
 values(1, 7, DATEADD(day, rand()*(diferenciaDias-1+1), @inicio);
 go
insert into Consejero_Especialidad(consejero_id, especialidad_id, fecha)
 values(1, 8, DATEADD(day, rand()*(diferenciaDias-1+1), @inicio);
 go
insert into Consejero_Especialidad(consejero_id, especialidad_id, fecha)
 values(1, 9, DATEADD(day, rand()*(diferenciaDias-1+1), @inicio);
 go
insert into Consejero_Especialidad(consejero_id, especialidad_id, fecha)
 values(1, 10, DATEADD(day, rand()*(diferenciaDias-1+1), @inicio);
 go
insert into Consejero_Especialidad(consejero_id, especialidad_id, fecha)
 values(2, 1, DATEADD(day, rand()*(diferenciaDias-1+1), @inicio);
 go
insert into Consejero_Especialidad(consejero_id, especialidad_id, fecha)
 values(2, 2, DATEADD(day, rand()*(diferenciaDias-1+1), @inicio);
 go
insert into Consejero_Especialidad(consejero_id, especialidad_id, fecha)
 values(2, 3, DATEADD(day, rand()*(diferenciaDias-1+1), @inicio);
 go
insert into Consejero_Especialidad(consejero_id, especialidad_id, fecha)
 values(2, 4, DATEADD(day, rand()*(diferenciaDias-1+1), @inicio);
 go
insert into Consejero_Especialidad(consejero_id, especialidad_id, fecha)
 values(2, 5, DATEADD(day, rand()*(diferenciaDias-1+1), @inicio);
 go
insert into Consejero_Especialidad(consejero_id, especialidad_id, fecha)
 values(2, 6, DATEADD(day, rand()*(diferenciaDias-1+1), @inicio);
 go
insert into Consejero_Especialidad(consejero_id, especialidad_id, fecha)
 values(2, 7, DATEADD(day, rand()*(diferenciaDias-1+1), @inicio);
 go
insert into Consejero_Especialidad(consejero_id, especialidad_id, fecha)
 values(2, 8, DATEADD(day, rand()*(diferenciaDias-1+1), @inicio);
 go
insert into Consejero_Especialidad(consejero_id, especialidad_id, fecha)
 values(2, 9, DATEADD(day, rand()*(diferenciaDias-1+1), @inicio);
 go
insert into Consejero_Especialidad(consejero_id, especialidad_id, fecha)
 values(2, 10, DATEADD(day, rand()*(diferenciaDias-1+1), @inicio);
 go
insert into Consejero_Especialidad(consejero_id, especialidad_id, fecha)
 values(3, 1, DATEADD(day, rand()*(diferenciaDias-1+1), @inicio);
 go
insert into Consejero_Especialidad(consejero_id, especialidad_id, fecha)
 values(3, 2, DATEADD(day, rand()*(diferenciaDias-1+1), @inicio);
 go
insert into Consejero_Especialidad(consejero_id, especialidad_id, fecha)
 values(3, 3, DATEADD(day, rand()*(diferenciaDias-1+1), @inicio);
 go
insert into Consejero_Especialidad(consejero_id, especialidad_id, fecha)
 values(3, 4, DATEADD(day, rand()*(diferenciaDias-1+1), @inicio);
 go
insert into Consejero_Especialidad(consejero_id, especialidad_id, fecha)
 values(3, 5, DATEADD(day, rand()*(diferenciaDias-1+1), @inicio);
 go
insert into Consejero_Especialidad(consejero_id, especialidad_id, fecha)
 values(3, 6, DATEADD(day, rand()*(diferenciaDias-1+1), @inicio);
 go
insert into Consejero_Especialidad(consejero_id, especialidad_id, fecha)
 values(3, 7, DATEADD(day, rand()*(diferenciaDias-1+1), @inicio);
 go
insert into Consejero_Especialidad(consejero_id, especialidad_id, fecha)
 values(3, 8, DATEADD(day, rand()*(diferenciaDias-1+1), @inicio);
 go
insert into Consejero_Especialidad(consejero_id, especialidad_id, fecha)
 values(3, 9, DATEADD(day, rand()*(diferenciaDias-1+1), @inicio);
 go
insert into Consejero_Especialidad(consejero_id, especialidad_id, fecha)
 values(3, 10, DATEADD(day, rand()*(diferenciaDias-1+1), @inicio);
 go
insert into Consejero_Especialidad(consejero_id, especialidad_id, fecha)
 values(4, 1, DATEADD(day, rand()*(diferenciaDias-1+1), @inicio);
 go
insert into Consejero_Especialidad(consejero_id, especialidad_id, fecha)
 values(4, 2, DATEADD(day, rand()*(diferenciaDias-1+1), @inicio);
 go
insert into Consejero_Especialidad(consejero_id, especialidad_id, fecha)
 values(4, 3, DATEADD(day, rand()*(diferenciaDias-1+1), @inicio);
 go
insert into Consejero_Especialidad(consejero_id, especialidad_id, fecha)
 values(4, 4, DATEADD(day, rand()*(diferenciaDias-1+1), @inicio);
 go
insert into Consejero_Especialidad(consejero_id, especialidad_id, fecha)
 values(4, 5, DATEADD(day, rand()*(diferenciaDias-1+1), @inicio);
 go
insert into Consejero_Especialidad(consejero_id, especialidad_id, fecha)
 values(4, 6, DATEADD(day, rand()*(diferenciaDias-1+1), @inicio);
 go
insert into Consejero_Especialidad(consejero_id, especialidad_id, fecha)
 values(4, 7, DATEADD(day, rand()*(diferenciaDias-1+1), @inicio);
 go
insert into Consejero_Especialidad(consejero_id, especialidad_id, fecha)
 values(4, 8, DATEADD(day, rand()*(diferenciaDias-1+1), @inicio);
 go
insert into Consejero_Especialidad(consejero_id, especialidad_id, fecha)
 values(4, 9, DATEADD(day, rand()*(diferenciaDias-1+1), @inicio);
 go
insert into Consejero_Especialidad(consejero_id, especialidad_id, fecha)
 values(4, 10, DATEADD(day, rand()*(diferenciaDias-1+1), @inicio);
 go
insert into Consejero_Especialidad(consejero_id, especialidad_id, fecha)
 values(5, 1, DATEADD(day, rand()*(diferenciaDias-1+1), @inicio);
 go
insert into Consejero_Especialidad(consejero_id, especialidad_id, fecha)
 values(5, 2, DATEADD(day, rand()*(diferenciaDias-1+1), @inicio);
 go
insert into Consejero_Especialidad(consejero_id, especialidad_id, fecha)
 values(5, 3, DATEADD(day, rand()*(diferenciaDias-1+1), @inicio);
 go
insert into Consejero_Especialidad(consejero_id, especialidad_id, fecha)
 values(5, 4, DATEADD(day, rand()*(diferenciaDias-1+1), @inicio);
 go
insert into Consejero_Especialidad(consejero_id, especialidad_id, fecha)
 values(5, 5, DATEADD(day, rand()*(diferenciaDias-1+1), @inicio);
 go
insert into Consejero_Especialidad(consejero_id, especialidad_id, fecha)
 values(5, 6, DATEADD(day, rand()*(diferenciaDias-1+1), @inicio);
 go
insert into Consejero_Especialidad(consejero_id, especialidad_id, fecha)
 values(5, 7, DATEADD(day, rand()*(diferenciaDias-1+1), @inicio);
 go
insert into Consejero_Especialidad(consejero_id, especialidad_id, fecha)
 values(5, 8, DATEADD(day, rand()*(diferenciaDias-1+1), @inicio);
 go
insert into Consejero_Especialidad(consejero_id, especialidad_id, fecha)
 values(5, 9, DATEADD(day, rand()*(diferenciaDias-1+1), @inicio);
 go
insert into Consejero_Especialidad(consejero_id, especialidad_id, fecha)
 values(5, 10, DATEADD(day, rand()*(diferenciaDias-1+1), @inicio);
 go
insert into Consejero_Especialidad(consejero_id, especialidad_id, fecha)
 values(6, 1, DATEADD(day, rand()*(diferenciaDias-1+1), @inicio);
 go
insert into Consejero_Especialidad(consejero_id, especialidad_id, fecha)
 values(6, 2, DATEADD(day, rand()*(diferenciaDias-1+1), @inicio);
 go
insert into Consejero_Especialidad(consejero_id, especialidad_id, fecha)
 values(6, 3, DATEADD(day, rand()*(diferenciaDias-1+1), @inicio);
 go
insert into Consejero_Especialidad(consejero_id, especialidad_id, fecha)
 values(6, 4, DATEADD(day, rand()*(diferenciaDias-1+1), @inicio);
 go
insert into Consejero_Especialidad(consejero_id, especialidad_id, fecha)
 values(6, 5, DATEADD(day, rand()*(diferenciaDias-1+1), @inicio);
 go
insert into Consejero_Especialidad(consejero_id, especialidad_id, fecha)
 values(6, 6, DATEADD(day, rand()*(diferenciaDias-1+1), @inicio);
 go
insert into Consejero_Especialidad(consejero_id, especialidad_id, fecha)
 values(6, 7, DATEADD(day, rand()*(diferenciaDias-1+1), @inicio);
 go
insert into Consejero_Especialidad(consejero_id, especialidad_id, fecha)
 values(6, 8, DATEADD(day, rand()*(diferenciaDias-1+1), @inicio);
 go
insert into Consejero_Especialidad(consejero_id, especialidad_id, fecha)
 values(6, 9, DATEADD(day, rand()*(diferenciaDias-1+1), @inicio);
 go
insert into Consejero_Especialidad(consejero_id, especialidad_id, fecha)
 values(6, 10, DATEADD(day, rand()*(diferenciaDias-1+1), @inicio);
 go
insert into Consejero_Especialidad(consejero_id, especialidad_id, fecha)
 values(7, 1, DATEADD(day, rand()*(diferenciaDias-1+1), @inicio);
 go
insert into Consejero_Especialidad(consejero_id, especialidad_id, fecha)
 values(7, 2, DATEADD(day, rand()*(diferenciaDias-1+1), @inicio);
 go
insert into Consejero_Especialidad(consejero_id, especialidad_id, fecha)
 values(7, 3, DATEADD(day, rand()*(diferenciaDias-1+1), @inicio);
 go
insert into Consejero_Especialidad(consejero_id, especialidad_id, fecha)
 values(7, 4, DATEADD(day, rand()*(diferenciaDias-1+1), @inicio);
 go
insert into Consejero_Especialidad(consejero_id, especialidad_id, fecha)
 values(7, 5, DATEADD(day, rand()*(diferenciaDias-1+1), @inicio);
 go
insert into Consejero_Especialidad(consejero_id, especialidad_id, fecha)
 values(7, 6, DATEADD(day, rand()*(diferenciaDias-1+1), @inicio);
 go
insert into Consejero_Especialidad(consejero_id, especialidad_id, fecha)
 values(7, 7, DATEADD(day, rand()*(diferenciaDias-1+1), @inicio);
 go
insert into Consejero_Especialidad(consejero_id, especialidad_id, fecha)
 values(7, 8, DATEADD(day, rand()*(diferenciaDias-1+1), @inicio);
 go
insert into Consejero_Especialidad(consejero_id, especialidad_id, fecha)
 values(7, 9, DATEADD(day, rand()*(diferenciaDias-1+1), @inicio);
 go
insert into Consejero_Especialidad(consejero_id, especialidad_id, fecha)
 values(7, 10, DATEADD(day, rand()*(diferenciaDias-1+1), @inicio);
 go
insert into Consejero_Especialidad(consejero_id, especialidad_id, fecha)
 values(8, 1, DATEADD(day, rand()*(diferenciaDias-1+1), @inicio);
 go
insert into Consejero_Especialidad(consejero_id, especialidad_id, fecha)
 values(8, 2, DATEADD(day, rand()*(diferenciaDias-1+1), @inicio);
 go
insert into Consejero_Especialidad(consejero_id, especialidad_id, fecha)
 values(8, 3, DATEADD(day, rand()*(diferenciaDias-1+1), @inicio);
 go
insert into Consejero_Especialidad(consejero_id, especialidad_id, fecha)
 values(8, 4, DATEADD(day, rand()*(diferenciaDias-1+1), @inicio);
 go
insert into Consejero_Especialidad(consejero_id, especialidad_id, fecha)
 values(8, 5, DATEADD(day, rand()*(diferenciaDias-1+1), @inicio);
 go
insert into Consejero_Especialidad(consejero_id, especialidad_id, fecha)
 values(8, 6, DATEADD(day, rand()*(diferenciaDias-1+1), @inicio);
 go
insert into Consejero_Especialidad(consejero_id, especialidad_id, fecha)
 values(8, 7, DATEADD(day, rand()*(diferenciaDias-1+1), @inicio);
 go
insert into Consejero_Especialidad(consejero_id, especialidad_id, fecha)
 values(8, 8, DATEADD(day, rand()*(diferenciaDias-1+1), @inicio);
 go
insert into Consejero_Especialidad(consejero_id, especialidad_id, fecha)
 values(8, 9, DATEADD(day, rand()*(diferenciaDias-1+1), @inicio);
 go
insert into Consejero_Especialidad(consejero_id, especialidad_id, fecha)
 values(8, 10, DATEADD(day, rand()*(diferenciaDias-1+1), @inicio);
 go
insert into Consejero_Especialidad(consejero_id, especialidad_id, fecha)
 values(9, 1, DATEADD(day, rand()*(diferenciaDias-1+1), @inicio);
 go
insert into Consejero_Especialidad(consejero_id, especialidad_id, fecha)
 values(9, 2, DATEADD(day, rand()*(diferenciaDias-1+1), @inicio);
 go
insert into Consejero_Especialidad(consejero_id, especialidad_id, fecha)
 values(9, 3, DATEADD(day, rand()*(diferenciaDias-1+1), @inicio);
 go
insert into Consejero_Especialidad(consejero_id, especialidad_id, fecha)
 values(9, 4, DATEADD(day, rand()*(diferenciaDias-1+1), @inicio);
 go
insert into Consejero_Especialidad(consejero_id, especialidad_id, fecha)
 values(9, 5, DATEADD(day, rand()*(diferenciaDias-1+1), @inicio);
 go
insert into Consejero_Especialidad(consejero_id, especialidad_id, fecha)
 values(9, 6, DATEADD(day, rand()*(diferenciaDias-1+1), @inicio);
 go
insert into Consejero_Especialidad(consejero_id, especialidad_id, fecha)
 values(9, 7, DATEADD(day, rand()*(diferenciaDias-1+1), @inicio);
 go
insert into Consejero_Especialidad(consejero_id, especialidad_id, fecha)
 values(9, 8, DATEADD(day, rand()*(diferenciaDias-1+1), @inicio);
 go
insert into Consejero_Especialidad(consejero_id, especialidad_id, fecha)
 values(9, 9, DATEADD(day, rand()*(diferenciaDias-1+1), @inicio);
 go
insert into Consejero_Especialidad(consejero_id, especialidad_id, fecha)
 values(9, 10, DATEADD(day, rand()*(diferenciaDias-1+1), @inicio);
 go
insert into Consejero_Especialidad(consejero_id, especialidad_id, fecha)
 values(10, 1, DATEADD(day, rand()*(diferenciaDias-1+1), @inicio);
 go
insert into Consejero_Especialidad(consejero_id, especialidad_id, fecha)
 values(10, 2, DATEADD(day, rand()*(diferenciaDias-1+1), @inicio);
 go
insert into Consejero_Especialidad(consejero_id, especialidad_id, fecha)
 values(10, 3, DATEADD(day, rand()*(diferenciaDias-1+1), @inicio);
 go
insert into Consejero_Especialidad(consejero_id, especialidad_id, fecha)
 values(10, 4, DATEADD(day, rand()*(diferenciaDias-1+1), @inicio);
 go
insert into Consejero_Especialidad(consejero_id, especialidad_id, fecha)
 values(10, 5, DATEADD(day, rand()*(diferenciaDias-1+1), @inicio);
 go
insert into Consejero_Especialidad(consejero_id, especialidad_id, fecha)
 values(10, 6, DATEADD(day, rand()*(diferenciaDias-1+1), @inicio);
 go
insert into Consejero_Especialidad(consejero_id, especialidad_id, fecha)
 values(10, 7, DATEADD(day, rand()*(diferenciaDias-1+1), @inicio);
 go
insert into Consejero_Especialidad(consejero_id, especialidad_id, fecha)
 values(10, 8, DATEADD(day, rand()*(diferenciaDias-1+1), @inicio);
 go
insert into Consejero_Especialidad(consejero_id, especialidad_id, fecha)
 values(10, 9, DATEADD(day, rand()*(diferenciaDias-1+1), @inicio);
 go
insert into Consejero_Especialidad(consejero_id, especialidad_id, fecha)
 values(10, 10, DATEADD(day, rand()*(diferenciaDias-1+1), @inicio);
 go




declare @inicio date='2013-01-01';
declare @diferenciaDias int=datediff(day, @inicio, getdate());
insert into Especialidad_Instructor(especialidad_id, instructor_id, fecha)
 values(1, 1, DATEADD(day, rand()*(diferenciaDias-1+1), @inicio);
 go
insert into Especialidad_Instructor(especialidad_id, instructor_id, fecha)
 values(1, 2, DATEADD(day, rand()*(diferenciaDias-1+1), @inicio);
 go
insert into Especialidad_Instructor(especialidad_id, instructor_id, fecha)
 values(1, 3, DATEADD(day, rand()*(diferenciaDias-1+1), @inicio);
 go
insert into Especialidad_Instructor(especialidad_id, instructor_id, fecha)
 values(1, 4, DATEADD(day, rand()*(diferenciaDias-1+1), @inicio);
 go
insert into Especialidad_Instructor(especialidad_id, instructor_id, fecha)
 values(1, 5, DATEADD(day, rand()*(diferenciaDias-1+1), @inicio);
 go
insert into Especialidad_Instructor(especialidad_id, instructor_id, fecha)
 values(1, 6, DATEADD(day, rand()*(diferenciaDias-1+1), @inicio);
 go
insert into Especialidad_Instructor(especialidad_id, instructor_id, fecha)
 values(1, 7, DATEADD(day, rand()*(diferenciaDias-1+1), @inicio);
 go
insert into Especialidad_Instructor(especialidad_id, instructor_id, fecha)
 values(1, 8, DATEADD(day, rand()*(diferenciaDias-1+1), @inicio);
 go
insert into Especialidad_Instructor(especialidad_id, instructor_id, fecha)
 values(1, 9, DATEADD(day, rand()*(diferenciaDias-1+1), @inicio);
 go
insert into Especialidad_Instructor(especialidad_id, instructor_id, fecha)
 values(1, 10, DATEADD(day, rand()*(diferenciaDias-1+1), @inicio);
 go
insert into Especialidad_Instructor(especialidad_id, instructor_id, fecha)
 values(2, 1, DATEADD(day, rand()*(diferenciaDias-1+1), @inicio);
 go
insert into Especialidad_Instructor(especialidad_id, instructor_id, fecha)
 values(2, 2, DATEADD(day, rand()*(diferenciaDias-1+1), @inicio);
 go
insert into Especialidad_Instructor(especialidad_id, instructor_id, fecha)
 values(2, 3, DATEADD(day, rand()*(diferenciaDias-1+1), @inicio);
 go
insert into Especialidad_Instructor(especialidad_id, instructor_id, fecha)
 values(2, 4, DATEADD(day, rand()*(diferenciaDias-1+1), @inicio);
 go
insert into Especialidad_Instructor(especialidad_id, instructor_id, fecha)
 values(2, 5, DATEADD(day, rand()*(diferenciaDias-1+1), @inicio);
 go
insert into Especialidad_Instructor(especialidad_id, instructor_id, fecha)
 values(2, 6, DATEADD(day, rand()*(diferenciaDias-1+1), @inicio);
 go
insert into Especialidad_Instructor(especialidad_id, instructor_id, fecha)
 values(2, 7, DATEADD(day, rand()*(diferenciaDias-1+1), @inicio);
 go
insert into Especialidad_Instructor(especialidad_id, instructor_id, fecha)
 values(2, 8, DATEADD(day, rand()*(diferenciaDias-1+1), @inicio);
 go
insert into Especialidad_Instructor(especialidad_id, instructor_id, fecha)
 values(2, 9, DATEADD(day, rand()*(diferenciaDias-1+1), @inicio);
 go
insert into Especialidad_Instructor(especialidad_id, instructor_id, fecha)
 values(2, 10, DATEADD(day, rand()*(diferenciaDias-1+1), @inicio);
 go
insert into Especialidad_Instructor(especialidad_id, instructor_id, fecha)
 values(3, 1, DATEADD(day, rand()*(diferenciaDias-1+1), @inicio);
 go
insert into Especialidad_Instructor(especialidad_id, instructor_id, fecha)
 values(3, 2, DATEADD(day, rand()*(diferenciaDias-1+1), @inicio);
 go
insert into Especialidad_Instructor(especialidad_id, instructor_id, fecha)
 values(3, 3, DATEADD(day, rand()*(diferenciaDias-1+1), @inicio);
 go
insert into Especialidad_Instructor(especialidad_id, instructor_id, fecha)
 values(3, 4, DATEADD(day, rand()*(diferenciaDias-1+1), @inicio);
 go
insert into Especialidad_Instructor(especialidad_id, instructor_id, fecha)
 values(3, 5, DATEADD(day, rand()*(diferenciaDias-1+1), @inicio);
 go
insert into Especialidad_Instructor(especialidad_id, instructor_id, fecha)
 values(3, 6, DATEADD(day, rand()*(diferenciaDias-1+1), @inicio);
 go
insert into Especialidad_Instructor(especialidad_id, instructor_id, fecha)
 values(3, 7, DATEADD(day, rand()*(diferenciaDias-1+1), @inicio);
 go
insert into Especialidad_Instructor(especialidad_id, instructor_id, fecha)
 values(3, 8, DATEADD(day, rand()*(diferenciaDias-1+1), @inicio);
 go
insert into Especialidad_Instructor(especialidad_id, instructor_id, fecha)
 values(3, 9, DATEADD(day, rand()*(diferenciaDias-1+1), @inicio);
 go
insert into Especialidad_Instructor(especialidad_id, instructor_id, fecha)
 values(3, 10, DATEADD(day, rand()*(diferenciaDias-1+1), @inicio);
 go
insert into Especialidad_Instructor(especialidad_id, instructor_id, fecha)
 values(4, 1, DATEADD(day, rand()*(diferenciaDias-1+1), @inicio);
 go
insert into Especialidad_Instructor(especialidad_id, instructor_id, fecha)
 values(4, 2, DATEADD(day, rand()*(diferenciaDias-1+1), @inicio);
 go
insert into Especialidad_Instructor(especialidad_id, instructor_id, fecha)
 values(4, 3, DATEADD(day, rand()*(diferenciaDias-1+1), @inicio);
 go
insert into Especialidad_Instructor(especialidad_id, instructor_id, fecha)
 values(4, 4, DATEADD(day, rand()*(diferenciaDias-1+1), @inicio);
 go
insert into Especialidad_Instructor(especialidad_id, instructor_id, fecha)
 values(4, 5, DATEADD(day, rand()*(diferenciaDias-1+1), @inicio);
 go
insert into Especialidad_Instructor(especialidad_id, instructor_id, fecha)
 values(4, 6, DATEADD(day, rand()*(diferenciaDias-1+1), @inicio);
 go
insert into Especialidad_Instructor(especialidad_id, instructor_id, fecha)
 values(4, 7, DATEADD(day, rand()*(diferenciaDias-1+1), @inicio);
 go
insert into Especialidad_Instructor(especialidad_id, instructor_id, fecha)
 values(4, 8, DATEADD(day, rand()*(diferenciaDias-1+1), @inicio);
 go
insert into Especialidad_Instructor(especialidad_id, instructor_id, fecha)
 values(4, 9, DATEADD(day, rand()*(diferenciaDias-1+1), @inicio);
 go
insert into Especialidad_Instructor(especialidad_id, instructor_id, fecha)
 values(4, 10, DATEADD(day, rand()*(diferenciaDias-1+1), @inicio);
 go
insert into Especialidad_Instructor(especialidad_id, instructor_id, fecha)
 values(5, 1, DATEADD(day, rand()*(diferenciaDias-1+1), @inicio);
 go
insert into Especialidad_Instructor(especialidad_id, instructor_id, fecha)
 values(5, 2, DATEADD(day, rand()*(diferenciaDias-1+1), @inicio);
 go
insert into Especialidad_Instructor(especialidad_id, instructor_id, fecha)
 values(5, 3, DATEADD(day, rand()*(diferenciaDias-1+1), @inicio);
 go
insert into Especialidad_Instructor(especialidad_id, instructor_id, fecha)
 values(5, 4, DATEADD(day, rand()*(diferenciaDias-1+1), @inicio);
 go
insert into Especialidad_Instructor(especialidad_id, instructor_id, fecha)
 values(5, 5, DATEADD(day, rand()*(diferenciaDias-1+1), @inicio);
 go
insert into Especialidad_Instructor(especialidad_id, instructor_id, fecha)
 values(5, 6, DATEADD(day, rand()*(diferenciaDias-1+1), @inicio);
 go
insert into Especialidad_Instructor(especialidad_id, instructor_id, fecha)
 values(5, 7, DATEADD(day, rand()*(diferenciaDias-1+1), @inicio);
 go
insert into Especialidad_Instructor(especialidad_id, instructor_id, fecha)
 values(5, 8, DATEADD(day, rand()*(diferenciaDias-1+1), @inicio);
 go
insert into Especialidad_Instructor(especialidad_id, instructor_id, fecha)
 values(5, 9, DATEADD(day, rand()*(diferenciaDias-1+1), @inicio);
 go
insert into Especialidad_Instructor(especialidad_id, instructor_id, fecha)
 values(5, 10, DATEADD(day, rand()*(diferenciaDias-1+1), @inicio);
 go
insert into Especialidad_Instructor(especialidad_id, instructor_id, fecha)
 values(6, 1, DATEADD(day, rand()*(diferenciaDias-1+1), @inicio);
 go
insert into Especialidad_Instructor(especialidad_id, instructor_id, fecha)
 values(6, 2, DATEADD(day, rand()*(diferenciaDias-1+1), @inicio);
 go
insert into Especialidad_Instructor(especialidad_id, instructor_id, fecha)
 values(6, 3, DATEADD(day, rand()*(diferenciaDias-1+1), @inicio);
 go
insert into Especialidad_Instructor(especialidad_id, instructor_id, fecha)
 values(6, 4, DATEADD(day, rand()*(diferenciaDias-1+1), @inicio);
 go
insert into Especialidad_Instructor(especialidad_id, instructor_id, fecha)
 values(6, 5, DATEADD(day, rand()*(diferenciaDias-1+1), @inicio);
 go
insert into Especialidad_Instructor(especialidad_id, instructor_id, fecha)
 values(6, 6, DATEADD(day, rand()*(diferenciaDias-1+1), @inicio);
 go
insert into Especialidad_Instructor(especialidad_id, instructor_id, fecha)
 values(6, 7, DATEADD(day, rand()*(diferenciaDias-1+1), @inicio);
 go
insert into Especialidad_Instructor(especialidad_id, instructor_id, fecha)
 values(6, 8, DATEADD(day, rand()*(diferenciaDias-1+1), @inicio);
 go
insert into Especialidad_Instructor(especialidad_id, instructor_id, fecha)
 values(6, 9, DATEADD(day, rand()*(diferenciaDias-1+1), @inicio);
 go
insert into Especialidad_Instructor(especialidad_id, instructor_id, fecha)
 values(6, 10, DATEADD(day, rand()*(diferenciaDias-1+1), @inicio);
 go
insert into Especialidad_Instructor(especialidad_id, instructor_id, fecha)
 values(7, 1, DATEADD(day, rand()*(diferenciaDias-1+1), @inicio);
 go
insert into Especialidad_Instructor(especialidad_id, instructor_id, fecha)
 values(7, 2, DATEADD(day, rand()*(diferenciaDias-1+1), @inicio);
 go
insert into Especialidad_Instructor(especialidad_id, instructor_id, fecha)
 values(7, 3, DATEADD(day, rand()*(diferenciaDias-1+1), @inicio);
 go
insert into Especialidad_Instructor(especialidad_id, instructor_id, fecha)
 values(7, 4, DATEADD(day, rand()*(diferenciaDias-1+1), @inicio);
 go
insert into Especialidad_Instructor(especialidad_id, instructor_id, fecha)
 values(7, 5, DATEADD(day, rand()*(diferenciaDias-1+1), @inicio);
 go
insert into Especialidad_Instructor(especialidad_id, instructor_id, fecha)
 values(7, 6, DATEADD(day, rand()*(diferenciaDias-1+1), @inicio);
 go
insert into Especialidad_Instructor(especialidad_id, instructor_id, fecha)
 values(7, 7, DATEADD(day, rand()*(diferenciaDias-1+1), @inicio);
 go
insert into Especialidad_Instructor(especialidad_id, instructor_id, fecha)
 values(7, 8, DATEADD(day, rand()*(diferenciaDias-1+1), @inicio);
 go
insert into Especialidad_Instructor(especialidad_id, instructor_id, fecha)
 values(7, 9, DATEADD(day, rand()*(diferenciaDias-1+1), @inicio);
 go
insert into Especialidad_Instructor(especialidad_id, instructor_id, fecha)
 values(7, 10, DATEADD(day, rand()*(diferenciaDias-1+1), @inicio);
 go
insert into Especialidad_Instructor(especialidad_id, instructor_id, fecha)
 values(8, 1, DATEADD(day, rand()*(diferenciaDias-1+1), @inicio);
 go
insert into Especialidad_Instructor(especialidad_id, instructor_id, fecha)
 values(8, 2, DATEADD(day, rand()*(diferenciaDias-1+1), @inicio);
 go
insert into Especialidad_Instructor(especialidad_id, instructor_id, fecha)
 values(8, 3, DATEADD(day, rand()*(diferenciaDias-1+1), @inicio);
 go
insert into Especialidad_Instructor(especialidad_id, instructor_id, fecha)
 values(8, 4, DATEADD(day, rand()*(diferenciaDias-1+1), @inicio);
 go
insert into Especialidad_Instructor(especialidad_id, instructor_id, fecha)
 values(8, 5, DATEADD(day, rand()*(diferenciaDias-1+1), @inicio);
 go
insert into Especialidad_Instructor(especialidad_id, instructor_id, fecha)
 values(8, 6, DATEADD(day, rand()*(diferenciaDias-1+1), @inicio);
 go
insert into Especialidad_Instructor(especialidad_id, instructor_id, fecha)
 values(8, 7, DATEADD(day, rand()*(diferenciaDias-1+1), @inicio);
 go
insert into Especialidad_Instructor(especialidad_id, instructor_id, fecha)
 values(8, 8, DATEADD(day, rand()*(diferenciaDias-1+1), @inicio);
 go
insert into Especialidad_Instructor(especialidad_id, instructor_id, fecha)
 values(8, 9, DATEADD(day, rand()*(diferenciaDias-1+1), @inicio);
 go
insert into Especialidad_Instructor(especialidad_id, instructor_id, fecha)
 values(8, 10, DATEADD(day, rand()*(diferenciaDias-1+1), @inicio);
 go
insert into Especialidad_Instructor(especialidad_id, instructor_id, fecha)
 values(9, 1, DATEADD(day, rand()*(diferenciaDias-1+1), @inicio);
 go
insert into Especialidad_Instructor(especialidad_id, instructor_id, fecha)
 values(9, 2, DATEADD(day, rand()*(diferenciaDias-1+1), @inicio);
 go
insert into Especialidad_Instructor(especialidad_id, instructor_id, fecha)
 values(9, 3, DATEADD(day, rand()*(diferenciaDias-1+1), @inicio);
 go
insert into Especialidad_Instructor(especialidad_id, instructor_id, fecha)
 values(9, 4, DATEADD(day, rand()*(diferenciaDias-1+1), @inicio);
 go
insert into Especialidad_Instructor(especialidad_id, instructor_id, fecha)
 values(9, 5, DATEADD(day, rand()*(diferenciaDias-1+1), @inicio);
 go
insert into Especialidad_Instructor(especialidad_id, instructor_id, fecha)
 values(9, 6, DATEADD(day, rand()*(diferenciaDias-1+1), @inicio);
 go
insert into Especialidad_Instructor(especialidad_id, instructor_id, fecha)
 values(9, 7, DATEADD(day, rand()*(diferenciaDias-1+1), @inicio);
 go
insert into Especialidad_Instructor(especialidad_id, instructor_id, fecha)
 values(9, 8, DATEADD(day, rand()*(diferenciaDias-1+1), @inicio);
 go
insert into Especialidad_Instructor(especialidad_id, instructor_id, fecha)
 values(9, 9, DATEADD(day, rand()*(diferenciaDias-1+1), @inicio);
 go
insert into Especialidad_Instructor(especialidad_id, instructor_id, fecha)
 values(9, 10, DATEADD(day, rand()*(diferenciaDias-1+1), @inicio);
 go
insert into Especialidad_Instructor(especialidad_id, instructor_id, fecha)
 values(10, 1, DATEADD(day, rand()*(diferenciaDias-1+1), @inicio);
 go
insert into Especialidad_Instructor(especialidad_id, instructor_id, fecha)
 values(10, 2, DATEADD(day, rand()*(diferenciaDias-1+1), @inicio);
 go
insert into Especialidad_Instructor(especialidad_id, instructor_id, fecha)
 values(10, 3, DATEADD(day, rand()*(diferenciaDias-1+1), @inicio);
 go
insert into Especialidad_Instructor(especialidad_id, instructor_id, fecha)
 values(10, 4, DATEADD(day, rand()*(diferenciaDias-1+1), @inicio);
 go
insert into Especialidad_Instructor(especialidad_id, instructor_id, fecha)
 values(10, 5, DATEADD(day, rand()*(diferenciaDias-1+1), @inicio);
 go
insert into Especialidad_Instructor(especialidad_id, instructor_id, fecha)
 values(10, 6, DATEADD(day, rand()*(diferenciaDias-1+1), @inicio);
 go
insert into Especialidad_Instructor(especialidad_id, instructor_id, fecha)
 values(10, 7, DATEADD(day, rand()*(diferenciaDias-1+1), @inicio);
 go
insert into Especialidad_Instructor(especialidad_id, instructor_id, fecha)
 values(10, 8, DATEADD(day, rand()*(diferenciaDias-1+1), @inicio);
 go
insert into Especialidad_Instructor(especialidad_id, instructor_id, fecha)
 values(10, 9, DATEADD(day, rand()*(diferenciaDias-1+1), @inicio);
 go
insert into Especialidad_Instructor(especialidad_id, instructor_id, fecha)
 values(10, 10, DATEADD(day, rand()*(diferenciaDias-1+1), @inicio);
 go




 declare @inicio date='2013-01-01';
declare @diferenciaDias int=datediff(day, @inicio, getdate());
insert into Especialidad_Actividad(especialidad_id, actividad_id, fecha)
 values(1, 1, DATEADD(day, rand()*(diferenciaDias-1+1), @inicio);
 go
insert into Especialidad_Actividad(especialidad_id, actividad_id, fecha)
 values(1, 2, DATEADD(day, rand()*(diferenciaDias-1+1), @inicio);
 go
insert into Especialidad_Actividad(especialidad_id, actividad_id, fecha)
 values(1, 3, DATEADD(day, rand()*(diferenciaDias-1+1), @inicio);
 go
insert into Especialidad_Actividad(especialidad_id, actividad_id, fecha)
 values(1, 4, DATEADD(day, rand()*(diferenciaDias-1+1), @inicio);
 go
insert into Especialidad_Actividad(especialidad_id, actividad_id, fecha)
 values(1, 5, DATEADD(day, rand()*(diferenciaDias-1+1), @inicio);
 go
insert into Especialidad_Actividad(especialidad_id, actividad_id, fecha)
 values(1, 6, DATEADD(day, rand()*(diferenciaDias-1+1), @inicio);
 go
insert into Especialidad_Actividad(especialidad_id, actividad_id, fecha)
 values(1, 7, DATEADD(day, rand()*(diferenciaDias-1+1), @inicio);
 go
insert into Especialidad_Actividad(especialidad_id, actividad_id, fecha)
 values(1, 8, DATEADD(day, rand()*(diferenciaDias-1+1), @inicio);
 go
insert into Especialidad_Actividad(especialidad_id, actividad_id, fecha)
 values(1, 9, DATEADD(day, rand()*(diferenciaDias-1+1), @inicio);
 go
insert into Especialidad_Actividad(especialidad_id, actividad_id, fecha)
 values(1, 10, DATEADD(day, rand()*(diferenciaDias-1+1), @inicio);
 go
insert into Especialidad_Actividad(especialidad_id, actividad_id, fecha)
 values(2, 1, DATEADD(day, rand()*(diferenciaDias-1+1), @inicio);
 go
insert into Especialidad_Actividad(especialidad_id, actividad_id, fecha)
 values(2, 2, DATEADD(day, rand()*(diferenciaDias-1+1), @inicio);
 go
insert into Especialidad_Actividad(especialidad_id, actividad_id, fecha)
 values(2, 3, DATEADD(day, rand()*(diferenciaDias-1+1), @inicio);
 go
insert into Especialidad_Actividad(especialidad_id, actividad_id, fecha)
 values(2, 4, DATEADD(day, rand()*(diferenciaDias-1+1), @inicio);
 go
insert into Especialidad_Actividad(especialidad_id, actividad_id, fecha)
 values(2, 5, DATEADD(day, rand()*(diferenciaDias-1+1), @inicio);
 go
insert into Especialidad_Actividad(especialidad_id, actividad_id, fecha)
 values(2, 6, DATEADD(day, rand()*(diferenciaDias-1+1), @inicio);
 go
insert into Especialidad_Actividad(especialidad_id, actividad_id, fecha)
 values(2, 7, DATEADD(day, rand()*(diferenciaDias-1+1), @inicio);
 go
insert into Especialidad_Actividad(especialidad_id, actividad_id, fecha)
 values(2, 8, DATEADD(day, rand()*(diferenciaDias-1+1), @inicio);
 go
insert into Especialidad_Actividad(especialidad_id, actividad_id, fecha)
 values(2, 9, DATEADD(day, rand()*(diferenciaDias-1+1), @inicio);
 go
insert into Especialidad_Actividad(especialidad_id, actividad_id, fecha)
 values(2, 10, DATEADD(day, rand()*(diferenciaDias-1+1), @inicio);
 go
insert into Especialidad_Actividad(especialidad_id, actividad_id, fecha)
 values(3, 1, DATEADD(day, rand()*(diferenciaDias-1+1), @inicio);
 go
insert into Especialidad_Actividad(especialidad_id, actividad_id, fecha)
 values(3, 2, DATEADD(day, rand()*(diferenciaDias-1+1), @inicio);
 go
insert into Especialidad_Actividad(especialidad_id, actividad_id, fecha)
 values(3, 3, DATEADD(day, rand()*(diferenciaDias-1+1), @inicio);
 go
insert into Especialidad_Actividad(especialidad_id, actividad_id, fecha)
 values(3, 4, DATEADD(day, rand()*(diferenciaDias-1+1), @inicio);
 go
insert into Especialidad_Actividad(especialidad_id, actividad_id, fecha)
 values(3, 5, DATEADD(day, rand()*(diferenciaDias-1+1), @inicio);
 go
insert into Especialidad_Actividad(especialidad_id, actividad_id, fecha)
 values(3, 6, DATEADD(day, rand()*(diferenciaDias-1+1), @inicio);
 go
insert into Especialidad_Actividad(especialidad_id, actividad_id, fecha)
 values(3, 7, DATEADD(day, rand()*(diferenciaDias-1+1), @inicio);
 go
insert into Especialidad_Actividad(especialidad_id, actividad_id, fecha)
 values(3, 8, DATEADD(day, rand()*(diferenciaDias-1+1), @inicio);
 go
insert into Especialidad_Actividad(especialidad_id, actividad_id, fecha)
 values(3, 9, DATEADD(day, rand()*(diferenciaDias-1+1), @inicio);
 go
insert into Especialidad_Actividad(especialidad_id, actividad_id, fecha)
 values(3, 10, DATEADD(day, rand()*(diferenciaDias-1+1), @inicio);
 go
insert into Especialidad_Actividad(especialidad_id, actividad_id, fecha)
 values(4, 1, DATEADD(day, rand()*(diferenciaDias-1+1), @inicio);
 go
insert into Especialidad_Actividad(especialidad_id, actividad_id, fecha)
 values(4, 2, DATEADD(day, rand()*(diferenciaDias-1+1), @inicio);
 go
insert into Especialidad_Actividad(especialidad_id, actividad_id, fecha)
 values(4, 3, DATEADD(day, rand()*(diferenciaDias-1+1), @inicio);
 go
insert into Especialidad_Actividad(especialidad_id, actividad_id, fecha)
 values(4, 4, DATEADD(day, rand()*(diferenciaDias-1+1), @inicio);
 go
insert into Especialidad_Actividad(especialidad_id, actividad_id, fecha)
 values(4, 5, DATEADD(day, rand()*(diferenciaDias-1+1), @inicio);
 go
insert into Especialidad_Actividad(especialidad_id, actividad_id, fecha)
 values(4, 6, DATEADD(day, rand()*(diferenciaDias-1+1), @inicio);
 go
insert into Especialidad_Actividad(especialidad_id, actividad_id, fecha)
 values(4, 7, DATEADD(day, rand()*(diferenciaDias-1+1), @inicio);
 go
insert into Especialidad_Actividad(especialidad_id, actividad_id, fecha)
 values(4, 8, DATEADD(day, rand()*(diferenciaDias-1+1), @inicio);
 go
insert into Especialidad_Actividad(especialidad_id, actividad_id, fecha)
 values(4, 9, DATEADD(day, rand()*(diferenciaDias-1+1), @inicio);
 go
insert into Especialidad_Actividad(especialidad_id, actividad_id, fecha)
 values(4, 10, DATEADD(day, rand()*(diferenciaDias-1+1), @inicio);
 go
insert into Especialidad_Actividad(especialidad_id, actividad_id, fecha)
 values(5, 1, DATEADD(day, rand()*(diferenciaDias-1+1), @inicio);
 go
insert into Especialidad_Actividad(especialidad_id, actividad_id, fecha)
 values(5, 2, DATEADD(day, rand()*(diferenciaDias-1+1), @inicio);
 go
insert into Especialidad_Actividad(especialidad_id, actividad_id, fecha)
 values(5, 3, DATEADD(day, rand()*(diferenciaDias-1+1), @inicio);
 go
insert into Especialidad_Actividad(especialidad_id, actividad_id, fecha)
 values(5, 4, DATEADD(day, rand()*(diferenciaDias-1+1), @inicio);
 go
insert into Especialidad_Actividad(especialidad_id, actividad_id, fecha)
 values(5, 5, DATEADD(day, rand()*(diferenciaDias-1+1), @inicio);
 go
insert into Especialidad_Actividad(especialidad_id, actividad_id, fecha)
 values(5, 6, DATEADD(day, rand()*(diferenciaDias-1+1), @inicio);
 go
insert into Especialidad_Actividad(especialidad_id, actividad_id, fecha)
 values(5, 7, DATEADD(day, rand()*(diferenciaDias-1+1), @inicio);
 go
insert into Especialidad_Actividad(especialidad_id, actividad_id, fecha)
 values(5, 8, DATEADD(day, rand()*(diferenciaDias-1+1), @inicio);
 go
insert into Especialidad_Actividad(especialidad_id, actividad_id, fecha)
 values(5, 9, DATEADD(day, rand()*(diferenciaDias-1+1), @inicio);
 go
insert into Especialidad_Actividad(especialidad_id, actividad_id, fecha)
 values(5, 10, DATEADD(day, rand()*(diferenciaDias-1+1), @inicio);
 go
insert into Especialidad_Actividad(especialidad_id, actividad_id, fecha)
 values(6, 1, DATEADD(day, rand()*(diferenciaDias-1+1), @inicio);
 go
insert into Especialidad_Actividad(especialidad_id, actividad_id, fecha)
 values(6, 2, DATEADD(day, rand()*(diferenciaDias-1+1), @inicio);
 go
insert into Especialidad_Actividad(especialidad_id, actividad_id, fecha)
 values(6, 3, DATEADD(day, rand()*(diferenciaDias-1+1), @inicio);
 go
insert into Especialidad_Actividad(especialidad_id, actividad_id, fecha)
 values(6, 4, DATEADD(day, rand()*(diferenciaDias-1+1), @inicio);
 go
insert into Especialidad_Actividad(especialidad_id, actividad_id, fecha)
 values(6, 5, DATEADD(day, rand()*(diferenciaDias-1+1), @inicio);
 go
insert into Especialidad_Actividad(especialidad_id, actividad_id, fecha)
 values(6, 6, DATEADD(day, rand()*(diferenciaDias-1+1), @inicio);
 go
insert into Especialidad_Actividad(especialidad_id, actividad_id, fecha)
 values(6, 7, DATEADD(day, rand()*(diferenciaDias-1+1), @inicio);
 go
insert into Especialidad_Actividad(especialidad_id, actividad_id, fecha)
 values(6, 8, DATEADD(day, rand()*(diferenciaDias-1+1), @inicio);
 go
insert into Especialidad_Actividad(especialidad_id, actividad_id, fecha)
 values(6, 9, DATEADD(day, rand()*(diferenciaDias-1+1), @inicio);
 go
insert into Especialidad_Actividad(especialidad_id, actividad_id, fecha)
 values(6, 10, DATEADD(day, rand()*(diferenciaDias-1+1), @inicio);
 go
insert into Especialidad_Actividad(especialidad_id, actividad_id, fecha)
 values(7, 1, DATEADD(day, rand()*(diferenciaDias-1+1), @inicio);
 go
insert into Especialidad_Actividad(especialidad_id, actividad_id, fecha)
 values(7, 2, DATEADD(day, rand()*(diferenciaDias-1+1), @inicio);
 go
insert into Especialidad_Actividad(especialidad_id, actividad_id, fecha)
 values(7, 3, DATEADD(day, rand()*(diferenciaDias-1+1), @inicio);
 go
insert into Especialidad_Actividad(especialidad_id, actividad_id, fecha)
 values(7, 4, DATEADD(day, rand()*(diferenciaDias-1+1), @inicio);
 go
insert into Especialidad_Actividad(especialidad_id, actividad_id, fecha)
 values(7, 5, DATEADD(day, rand()*(diferenciaDias-1+1), @inicio);
 go
insert into Especialidad_Actividad(especialidad_id, actividad_id, fecha)
 values(7, 6, DATEADD(day, rand()*(diferenciaDias-1+1), @inicio);
 go
insert into Especialidad_Actividad(especialidad_id, actividad_id, fecha)
 values(7, 7, DATEADD(day, rand()*(diferenciaDias-1+1), @inicio);
 go
insert into Especialidad_Actividad(especialidad_id, actividad_id, fecha)
 values(7, 8, DATEADD(day, rand()*(diferenciaDias-1+1), @inicio);
 go
insert into Especialidad_Actividad(especialidad_id, actividad_id, fecha)
 values(7, 9, DATEADD(day, rand()*(diferenciaDias-1+1), @inicio);
 go
insert into Especialidad_Actividad(especialidad_id, actividad_id, fecha)
 values(7, 10, DATEADD(day, rand()*(diferenciaDias-1+1), @inicio);
 go
insert into Especialidad_Actividad(especialidad_id, actividad_id, fecha)
 values(8, 1, DATEADD(day, rand()*(diferenciaDias-1+1), @inicio);
 go
insert into Especialidad_Actividad(especialidad_id, actividad_id, fecha)
 values(8, 2, DATEADD(day, rand()*(diferenciaDias-1+1), @inicio);
 go
insert into Especialidad_Actividad(especialidad_id, actividad_id, fecha)
 values(8, 3, DATEADD(day, rand()*(diferenciaDias-1+1), @inicio);
 go
insert into Especialidad_Actividad(especialidad_id, actividad_id, fecha)
 values(8, 4, DATEADD(day, rand()*(diferenciaDias-1+1), @inicio);
 go
insert into Especialidad_Actividad(especialidad_id, actividad_id, fecha)
 values(8, 5, DATEADD(day, rand()*(diferenciaDias-1+1), @inicio);
 go
insert into Especialidad_Actividad(especialidad_id, actividad_id, fecha)
 values(8, 6, DATEADD(day, rand()*(diferenciaDias-1+1), @inicio);
 go
insert into Especialidad_Actividad(especialidad_id, actividad_id, fecha)
 values(8, 7, DATEADD(day, rand()*(diferenciaDias-1+1), @inicio);
 go
insert into Especialidad_Actividad(especialidad_id, actividad_id, fecha)
 values(8, 8, DATEADD(day, rand()*(diferenciaDias-1+1), @inicio);
 go
insert into Especialidad_Actividad(especialidad_id, actividad_id, fecha)
 values(8, 9, DATEADD(day, rand()*(diferenciaDias-1+1), @inicio);
 go
insert into Especialidad_Actividad(especialidad_id, actividad_id, fecha)
 values(8, 10, DATEADD(day, rand()*(diferenciaDias-1+1), @inicio);
 go
insert into Especialidad_Actividad(especialidad_id, actividad_id, fecha)
 values(9, 1, DATEADD(day, rand()*(diferenciaDias-1+1), @inicio);
 go
insert into Especialidad_Actividad(especialidad_id, actividad_id, fecha)
 values(9, 2, DATEADD(day, rand()*(diferenciaDias-1+1), @inicio);
 go
insert into Especialidad_Actividad(especialidad_id, actividad_id, fecha)
 values(9, 3, DATEADD(day, rand()*(diferenciaDias-1+1), @inicio);
 go
insert into Especialidad_Actividad(especialidad_id, actividad_id, fecha)
 values(9, 4, DATEADD(day, rand()*(diferenciaDias-1+1), @inicio);
 go
insert into Especialidad_Actividad(especialidad_id, actividad_id, fecha)
 values(9, 5, DATEADD(day, rand()*(diferenciaDias-1+1), @inicio);
 go
insert into Especialidad_Actividad(especialidad_id, actividad_id, fecha)
 values(9, 6, DATEADD(day, rand()*(diferenciaDias-1+1), @inicio);
 go
insert into Especialidad_Actividad(especialidad_id, actividad_id, fecha)
 values(9, 7, DATEADD(day, rand()*(diferenciaDias-1+1), @inicio);
 go
insert into Especialidad_Actividad(especialidad_id, actividad_id, fecha)
 values(9, 8, DATEADD(day, rand()*(diferenciaDias-1+1), @inicio);
 go
insert into Especialidad_Actividad(especialidad_id, actividad_id, fecha)
 values(9, 9, DATEADD(day, rand()*(diferenciaDias-1+1), @inicio);
 go
insert into Especialidad_Actividad(especialidad_id, actividad_id, fecha)
 values(9, 10, DATEADD(day, rand()*(diferenciaDias-1+1), @inicio);
 go
insert into Especialidad_Actividad(especialidad_id, actividad_id, fecha)
 values(10, 1, DATEADD(day, rand()*(diferenciaDias-1+1), @inicio);
 go
insert into Especialidad_Actividad(especialidad_id, actividad_id, fecha)
 values(10, 2, DATEADD(day, rand()*(diferenciaDias-1+1), @inicio);
 go
insert into Especialidad_Actividad(especialidad_id, actividad_id, fecha)
 values(10, 3, DATEADD(day, rand()*(diferenciaDias-1+1), @inicio);
 go
insert into Especialidad_Actividad(especialidad_id, actividad_id, fecha)
 values(10, 4, DATEADD(day, rand()*(diferenciaDias-1+1), @inicio);
 go
insert into Especialidad_Actividad(especialidad_id, actividad_id, fecha)
 values(10, 5, DATEADD(day, rand()*(diferenciaDias-1+1), @inicio);
 go
insert into Especialidad_Actividad(especialidad_id, actividad_id, fecha)
 values(10, 6, DATEADD(day, rand()*(diferenciaDias-1+1), @inicio);
 go
insert into Especialidad_Actividad(especialidad_id, actividad_id, fecha)
 values(10, 7, DATEADD(day, rand()*(diferenciaDias-1+1), @inicio);
 go
insert into Especialidad_Actividad(especialidad_id, actividad_id, fecha)
 values(10, 8, DATEADD(day, rand()*(diferenciaDias-1+1), @inicio);
 go
insert into Especialidad_Actividad(especialidad_id, actividad_id, fecha)
 values(10, 9, DATEADD(day, rand()*(diferenciaDias-1+1), @inicio);
 go
insert into Especialidad_Actividad(especialidad_id, actividad_id, fecha)
 values(10, 10, DATEADD(day, rand()*(diferenciaDias-1+1), @inicio);
 go
