Use [Gallo Giro]
Go
---6to Paso: Cargas iniciales
select*from Ciudad
insert into Ciudad(Nombre)
values('Anáhuac'), ('CD. Obregón'),('Chihuahua'),('Culiacan'), ('Guamuchil'),('Guaymas'), ('Hermosillo'),('Mazatlán'),('CD.Cuauthemoc'),('Navojoa')

---Colonia
select * from Colonia
INSERT INTO Colonia(Nombre,ID_Ciudad)
VALUES('Barranchos',4)
insert into Colonia (Nombre,ID_Ciudad)
values('Lomas del Sol',4)
insert into Colonia(Nombre,ID_Ciudad)
values('Las Quintas',4)
insert into Colonia (Nombre,ID_Ciudad)
values('Los venados',8)
insert into Colonia (Nombre,ID_Ciudad)
values('El Conchi',8)
insert into Colonia (Nombre,ID_Ciudad)
values('Cerro Gandereño',6)
insert into Colonia (Nombre,ID_Ciudad)
values('Las Plazas',6)
insert into Colonia (Nombre,ID_Ciudad)
values('Petrolera',6)
insert into Colonia (Nombre,ID_Ciudad)
values('La Matanza',7)
insert into Colonia (Nombre,ID_Ciudad)
values('Parque Industrial',7)
insert into Colonia (Nombre,ID_Ciudad)
values('Obrera',3)
insert into Colonia (Nombre,ID_Ciudad)
values('El Pedregal',1)
insert into Colonia (Nombre,ID_Ciudad)
values('Real de Sevilla',2)
insert into Colonia (Nombre,ID_Ciudad)
values('Satelite',2)
insert into Colonia (Nombre,ID_Ciudad)
values('Progreso',9)
insert into Colonia (Nombre,ID_Ciudad)
values('Francisco Villa',9)
insert into Colonia (Nombre,ID_Ciudad)
values('Morelos',5)
insert into Colonia (Nombre,ID_Ciudad)
values('Sonora Progresista',10)


---Calle
select Calle.Nombre,Calle.ID,Ciudad.Nombre from Calle inner join Ciudad on Ciudad.ID=Calle.ID_Ciudad order by Calle.ID
select Colonia.ID,Colonia.Nombre,Ciudad.Nombre from Colonia inner join Ciudad on Ciudad.ID=Colonia.ID_Ciudad order by Colonia.ID
insert into Calle(Nombre,ID_Ciudad)
values('Av. Gral. Maximiliano Gamez',4)
insert into Calle(Nombre,ID_Ciudad)
values('Profa. Emiliano Zapata',4)
insert into Calle(Nombre,ID_Ciudad)
values('Gral. Angel Flores',4)
insert into Calle(Nombre,ID_Ciudad)
values('Vison',8)
insert into Calle(Nombre,ID_Ciudad)
values('La Amapá',8)
insert into Calle(Nombre,ID_Ciudad)
values('Manuel J. Clouthier',8)
insert into Calle(Nombre,ID_Ciudad)
values('Calle Ocho',6)
insert into Calle(Nombre,ID_Ciudad)
values('Plaza del Centenario',6)
insert into Calle(Nombre,ID_Ciudad)
values('Oscar Ruiz Almeida',6)
insert into Calle(Nombre,ID_Ciudad)
values('5 de febrero',1)
insert into Calle(Nombre,ID_Ciudad)
values('Nicaragua',7)
insert into Calle(Nombre,ID_Ciudad)
values('Calle Ignacio Zaragoza',2)
insert into Calle(Nombre,ID_Ciudad)
values('Sta Matilde',2)
insert into Calle(Nombre,ID_Ciudad)
values('San Clemente',2)
insert into Calle(Nombre,ID_Ciudad)
values('21 de marzo',9)
insert into Calle(Nombre,ID_Ciudad)
values('10 de mayo',9)
insert into Calle(Nombre,ID_Ciudad)
values('Calle Mina',7)
insert into Calle(Nombre,ID_Ciudad)
values('De los pimas',7)
insert into Calle(Nombre,ID_Ciudad)
values('Mariano Jiménez',9)
insert into Calle(Nombre,ID_Ciudad)
values('Leona Vicario',9)
insert into Calle(Nombre,ID_Ciudad)
values('Manuel Cubillas',10)
insert into Calle(Nombre,ID_Ciudad)
values('16 de septiembre',5)
insert into Calle(Nombre,ID_Ciudad)
values('José Maria Morelos',5)
insert into Calle(Nombre,ID_Ciudad)
values('Calle 35',3)
insert into Calle(Nombre,ID_Ciudad)
values('Mariano Horcasitas',3)
insert into Calle(Nombre,ID_Ciudad)
values('Felipe Bárcenas Sartini',6)
insert into Calle(Nombre,ID_Ciudad)
values('Lago de Patzcuaro',4)
insert into Calle(Nombre,ID_Ciudad)
values('Laguna',1)
insert into Calle(Nombre,ID_Ciudad)
values('Jesus García',10)
insert into Calle(Nombre,ID_Ciudad)
values('De los deportes',1)
insert into Calle(Nombre,ID_Ciudad)
values('Calz de las Americas',4)

---Dirección
select*from Dirección
insert into Dirección(CP,Número,ID_Calle,ID_Colonia)
values(80190,3190,1,1)
insert into Dirección(CP,Número,ID_Calle,ID_Colonia)
values(80016,2145,2,2)
insert into Dirección(CP,Número,ID_Calle,ID_Colonia)
values(80060,1112,3,3)
insert into Dirección(CP,Número,ID_Calle,ID_Colonia)
values(82154,84,4,4)
insert into Dirección(CP,Número,ID_Calle,ID_Colonia)
values(82190,313,5,5)
insert into Dirección(CP,Número,ID_Calle,ID_Colonia)
values(82190,null,6,5)
insert into Dirección(CP,Número,ID_Calle,ID_Colonia)
values(85440,124,7,6)
insert into Dirección(CP,Número,ID_Calle,ID_Colonia)
values(85440,13,8,7)
insert into Dirección(CP,Número,ID_Calle,ID_Colonia)
values(85456,205,9,8)
insert into Dirección(CP,Número,ID_Calle,ID_Colonia)
values(31600,202,10,12)
insert into Dirección(CP,Número,ID_Calle,ID_Colonia)
values(85060,null,12,14)
insert into Dirección(CP,Número,ID_Calle,ID_Colonia)
values(null,517,13,13)
insert into Dirección(CP,Número,ID_Calle,ID_Colonia)
values(85890,211,29,18)
insert into Dirección(CP,Número,ID_Calle,ID_Colonia)
values(81460,534,22,17)
insert into Dirección(CP,Número,ID_Calle,ID_Colonia)
values(80016,3774,31,2)
insert into Dirección(CP,Número,ID_Calle,ID_Colonia)
values(31530,3795,20,16)
insert into Dirección(CP,Número,ID_Calle,ID_Colonia)
values(31350,2703,25,11)
insert into Dirección(CP,Número,ID_Calle,ID_Colonia)
values(85890,300,29,18)
insert into Dirección(CP,Número,ID_Calle,ID_Colonia)
values(85890,304,21,18)
insert into Dirección(CP,Número,ID_Calle,ID_Colonia)
values(85456,12,26,8)
insert into Dirección(CP,Número,ID_Calle,ID_Colonia)
values(31600,406,28,12)
insert into Dirección(CP,Número,ID_Calle,ID_Colonia)
values(31600,405,30,12)
insert into Dirección(CP,Número,ID_Calle,ID_Colonia)
values(null,2795,14,13)
insert into Dirección(CP,Número,ID_Calle,ID_Colonia)
values(31550,null,15,15)
insert into Dirección(CP,Número,ID_Calle,ID_Colonia)
values(31550,1085,16,15)
insert into Dirección(CP,Número,ID_Calle,ID_Colonia)
values(31530,3733,19,16)
insert into Dirección(CP,Número,ID_Calle,ID_Colonia)
values(81460,null,23,17)
insert into Dirección(CP,Número,ID_Calle,ID_Colonia)
values(80190,3280,1,1)
insert into Dirección(CP,Número,ID_Calle,ID_Colonia)
values(83080,50,11,9)
insert into Dirección(CP,Número,ID_Calle,ID_Colonia)
values(83080,100,11,9)
insert into Dirección(CP,Número,ID_Calle,ID_Colonia)
values(83118,17,18,10)
insert into Dirección(CP,Número,ID_Calle,ID_Colonia)
values(80060,1325,27,3)
insert into Dirección(CP,Número,ID_Calle,ID_Colonia)
values(83080,221,17,9)
insert into Dirección(CP,Número,ID_Calle,ID_Colonia)
values(31350,2202,24,11)

---Almacen
select ID as AlmacenID from Almacen except (select ID_Almacen from CEDIS) 
select*from Almacen
insert into Almacen(ID_Dirección)
values(9),(10),(4),(3),(12),(15),(31),(24),(19),(7),(18),(21),(13),(11),(8),(27),(30),(14),(22)

---CEDIS
select*from CEDIS
insert into CEDIS(ID_Almacen,[CapacIDad_(palets/nivel)])
values(250,840),(258,250),(262,370),(270,default),(278,default),(286,674),(294,default),(298,530),(306,780)

---Sucursal
select*from Sucursal
insert into Sucursal(ID_Almacen,ID_CEDIS)
values(254,258),(266,250),(274,262),(282,262),(290,270),(302,286),(310,286),(314,294),(318,306),(322,298)

---Tipo Clientes
select*from TipoCliente
insert into TipoCliente(ID,Tipo,Descripción)
values(1,'Domestico','Personas que compran productos para su jardín o huerto familiar.'),
(2,'Agricultor','Persona que siembra grandes cantidades de tierra.')

---Clientes
select d.ID as IdDirección, c.Nombre as NombreCalle from Dirección d inner join calle c on c.id=d.ID_Calle 
where not exists (select Almacen.ID_Dirección from Almacen where d.ID=Almacen.ID_Dirección) order by IdDirección

select d.ID as IdDirección, c.Nombre as NombreCalle from Dirección d inner join calle c on c.id=d.ID_Calle 
where d.ID not in (select Almacen.ID_Dirección from Almacen) order by IdDirección

select*from [Cliente]
insert into [Cliente](ID_Dirección,Nombre,ApellIDoPaterno,ApellIDoMaterno,ID_Tipo,RFC)
values(1,'Jorge','Osuna','Quintana',1,'OUQJ990608F53')
insert into [Cliente](ID_Dirección,Nombre,ApellIDoPaterno,ApellIDoMaterno,ID_Tipo,RFC)
values(1,'Carmen','Quintana','Santana',1,'QUSC640831AS3')
insert into [Cliente](ID_Dirección,Nombre,ApellIDoPaterno,ApellIDoMaterno,ID_Tipo,RFC)
values(2,'Oliver','Rodriguez','Gomez',2,'ROGO9907049F6')
insert into [Cliente](ID_Dirección,Nombre,ApellIDoPaterno,ApellIDoMaterno,ID_Tipo,RFC)
values(5,'Juanito','Lopez','Perez',1,'LOPJ941118RE7')
insert into [Cliente](ID_Dirección,Nombre,ApellIDoPaterno,ApellIDoMaterno,ID_Tipo,RFC)
values(6,'Carito','Lopez','Villa',2,'LOVC990101HR5')
insert into [Cliente](ID_Dirección,Nombre,ApellIDoPaterno,ApellIDoMaterno,ID_Tipo,RFC)
values(16,'Pedro','Villas','Casas',2,'VICP650414CF3')
insert into [Cliente](ID_Dirección,Nombre,ApellIDoPaterno,ApellIDoMaterno,ID_Tipo,RFC)
values(17,'Marina','Manjarrez','Quintana',1,'MAQM851209HR2')
insert into [Cliente](ID_Dirección,Nombre,ApellIDoPaterno,ApellIDoMaterno,ID_Tipo,RFC)
values(20,'Luis','Guerrero','Gutierrez',2,'GUGL010220LD4')
insert into [Cliente](ID_Dirección,Nombre,ApellIDoPaterno,ApellIDoMaterno,ID_Tipo,RFC)
values(23,'Fernando','Smith','Peraza',1,'SIPF880515MT7')
insert into [Cliente](ID_Dirección,Nombre,ApellIDoPaterno,ApellIDoMaterno,ID_Tipo,RFC)
values(25,'Daniel','Encizo','Lopez',1,'EILD941012K3A')
insert into [Cliente](ID_Dirección,Nombre,ApellIDoPaterno,ApellIDoMaterno,ID_Tipo,RFC)
values(26,'Francisco','Gonzáles','Esquivel',2,'GOEF900530HCA')
insert into [Cliente](ID_Dirección,Nombre,ApellIDoPaterno,ApellIDoMaterno,ID_Tipo,RFC)
values(26,'Flor','Hernandez','Esquivel',1,'HEEF960816MI0')
insert into [Cliente](ID_Dirección,Nombre,ApellIDoPaterno,ApellIDoMaterno,ID_Tipo,RFC)
values(28,'Nadia','Florencia','Martinez',2,'FOMN8207247F3')
insert into [Cliente](ID_Dirección,Nombre,ApellIDoPaterno,ApellIDoMaterno,ID_Tipo,RFC)
values(29,'Claudia','Bejarano','Martinez',2,'BEMC511110QC9')
insert into [Cliente](ID_Dirección,Nombre,ApellIDoPaterno,ApellIDoMaterno,ID_Tipo,RFC)
values(32,'Daniela','Mascareño','Quiroz',1,'MAQD8307216R8')
insert into [Cliente](ID_Dirección,Nombre,ApellIDoPaterno,ApellIDoMaterno,ID_Tipo,RFC)
values(33,'Luis','Fernando','Arriaga',1,'FEAL681019K12')
insert into [Cliente](ID_Dirección,Nombre,ApellIDoPaterno,ApellIDoMaterno,ID_Tipo,RFC)
values(33,'Clarisa','Fernando','Arriaga',1,'FEAC750117T35')
insert into [Cliente](ID_Dirección,Nombre,ApellIDoPaterno,ApellIDoMaterno,ID_Tipo,RFC)
values(34,'Angel','Esquivel','Morales',2,'EUMA960922Q18')

---Actividad 
select*from Actividad
insert into Actividad(Nombre)
values('Horticultor'),('Floricultor'),('Productor de semillas'),('Productor de granos')

---Actividad agricultor
select Cliente.ID,Nombre,ApellIDoPaterno from Cliente inner join TipoCliente on TipoCliente.ID=Cliente.ID_Tipo where TipoCliente.Tipo='Agricultor'
select*from Actividad order by ID
select*from Actividad_Agricultor
insert into Actividad_Agricultor(ID_Agricultor,ID_Actividad)
values(108,2),(108,4),(120,2),(128,4),(128,3),(140,1),(148,2),(148,4),(152,3),(168,4) 

---Dimensión
select convert(varchar, Cantidad)+' '+Unidad_de_Medida as Presentación from Dimensión---Importante
insert into Dimensión(ID,Cantidad,Unidad_de_Medida)
values(1,100,'g'),(2,1,'Kg'),(3,1,'L'),(4,2.2,'Kg'),(5,10,'L'),(6,3.54,'Kg'),(7,25,'Lb'),(8,20,'Kg'),(9,9.53,'Lb'),(10,250,'ml'),
(11,20,'L'),(12,500,'g'),(13,1,'gal')
insert into Dimensión(ID,Cantidad,Unidad_de_Medida)
values(14,50,'g')
insert into Dimensión(ID,Cantidad,Unidad_de_Medida)
values(15,390,'g')
insert into Dimensión(ID,Cantidad,Unidad_de_Medida)
values(16,10,'Kg')
insert into Dimensión(ID,Cantidad,Unidad_de_Medida)
values(17,6,'L')
insert into Dimensión(ID,Cantidad,Unidad_de_Medida)
values(18,25,'L')
insert into Dimensión(ID,Cantidad,Unidad_de_Medida)
values(19,2.6,'gal')


---Componente activo
select*from Componente_Activo
insert into Componente_Activo(Nombre,Fórmula_Química)
values('Azadiractina','C35H44O16'),('Bacillus thuringiensis',null),('Sales potasicas de acidos grasos','CH3-(CH2)n-COO-Na+'),('Hidróxido cúprico','Cu(OH)2'),
('Bacillus subtilis',null),('Bicarbonato de potasio','2 KHCO3 → K2CO3 + CO2 + H2O'),('Ácido peracético','CH3CO3H'),('Peróxido de hidrógeno','H2O2'),('Gliocladium virens',null)
,('Pineno','C10H16'),('Alcohol Etoxilado','C11-C13')
insert into Componente_Activo(Nombre,Fórmula_Química)
values('Tebuconazole','C16H22ClN3O')
insert into Componente_Activo(Nombre,Fórmula_Química)
values('Cipermetrina','C22H19Cl2NO3')
insert into Componente_Activo(Nombre,Fórmula_Química)
values('Trifluralina','C13H16F3N3O4')
insert into Componente_Activo(Nombre,Fórmula_Química)
values('Nitrogeno','N')
insert into Componente_Activo(Nombre,Fórmula_Química)
values('Dimetilamina','(CH3)2NH')

---Familia
select*from [Familia]
insert into [Familia](Nombre,Descripción)
values('Fertilizantes','Sustancias que facilitan el crecimiento de los cultivos y jardines'),
('Fungicida','Sustancias tóxicas que impiden el crecimiento o eliminar los hongos y mohos perjudiciales.')
,('Herbicida','Producto que se utiliza para interrumpir el desarrollo de plantas indeseadas(malas hierbas)'),
('Insecticida','Compuesto químico utilizado para matar insectos.'),
('Semillas','Cuerpos que forman parte del fruto que da origen a una nueva planta.'),
('Coadyuvante','Sustancia que se agrega al tanque de pulverización y separada del pesticida para mejorar su rendimiento.')

---Proveedor 
select*from Proveedor
insert into Proveedor(Nombre,RFC,[E-Mail])
values('Agroindustrias Martel','AGM790923QW3','ContactoAgroindustrias@Martel.com')
insert into Proveedor(Nombre,RFC,[E-Mail])
values('Celuz Agro','CEA170612DF6','ventas@celuz.mx')
insert into Proveedor(Nombre,RFC,[E-Mail])
values('Agricola de León','AGL980312GL9','ContactoVentas@agleón.mx')
insert into Proveedor(Nombre,RFC,[E-Mail])
values('Agricola del Sur','ASU021014ZM4','ventas@agricoladelsur.com')

---Frase R
select*from FraseR
insert into FraseR(Frase,Descripción)
values('R1','Explosivo en estado seco.')
insert into FraseR(Frase,Descripción)
values('R2','Riesgo de explosión por choque, fricción u otras fuentes de ignición.')
insert into FraseR(Frase,Descripción)
values('R3','Alto riesgo de explosión por choque, fricción, fuego u otras fuentes de ignición.')
insert into FraseR(Frase,Descripción)
values('R10','Inflamable.')
insert into FraseR(Frase,Descripción)
values('R20','Nocivo por inhalación.')
insert into FraseR(Frase,Descripción)
values('R22','Nocivo por ingestión.')
insert into FraseR(Frase,Descripción)
values('R24','Tóxico en contacto con la piel.')
insert into FraseR(Frase,Descripción)
values('R28','Muy tóxico por ingestión.')
insert into FraseR(Frase,Descripción)
values('R35','Provoca quemaduras graves.')
insert into FraseR(Frase,Descripción)
values('R36','Irrita los ojos.')
insert into FraseR(Frase,Descripción)
values('R38','Irrita la piel.')
insert into FraseR(Frase,Descripción)
values('R56','Tóxico para los organismos del suelo.')
insert into FraseR(Frase,Descripción)
values('R48 ','Riesgo de efectos graves para la salud en caso de exposición prolongada.')
insert into FraseR(Frase,Descripción)
values('R65','Nocivo. Si se ingiere puede causar daño pulmonar.')
insert into FraseR(Frase,Descripción)
values('R68','Posibilidad de efectos irreversibles.')

---Etiqueta de Peligro
select*from Etiqueta_Peligro
insert into Etiqueta_Peligro(Simbolo,Nombre_Peligro)
values('E','Explosivo')
insert into Etiqueta_Peligro(Simbolo,Nombre_Peligro)
values('O ','Comburente')
insert into Etiqueta_Peligro(Simbolo,Nombre_Peligro)
values('F ','Fácilmente inflamable')
insert into Etiqueta_Peligro(Simbolo,Nombre_Peligro)
values('F+','Extremadamente inflamable')
insert into Etiqueta_Peligro(Simbolo,Nombre_Peligro)
values('T','Tóxico')
insert into Etiqueta_Peligro(Simbolo,Nombre_Peligro)
values('T+',' Muy tóxico')
insert into Etiqueta_Peligro(Simbolo,Nombre_Peligro)
values('Xn','Nocivo')
insert into Etiqueta_Peligro(Simbolo,Nombre_Peligro)
values('Xi','Irritante')
insert into Etiqueta_Peligro(Simbolo,Nombre_Peligro)
values('C','Corrosivo')
insert into Etiqueta_Peligro(Simbolo,Nombre_Peligro)
values('N','Peligroso para el medio ambiente')

---Producto
select*from Producto
insert into Producto(Nombre,ID_ComponenteActivo,ID_Familia,ID_Proveedor,Punto_de_reorden)
values('IMPIDE',3,39,2,25)
insert into Producto(Nombre,ID_ComponenteActivo,ID_Familia,ID_Proveedor,Punto_de_reorden)
values('SoilBuilder',5,45,2,14)
insert into Producto(Nombre,ID_ComponenteActivo,ID_Familia,ID_Proveedor,Punto_de_reorden)
values('Cebada Orchesta',null,42,4,40)
insert into Producto(Nombre,ID_ComponenteActivo,ID_Familia,ID_Proveedor,Punto_de_reorden)
values('Solaris Bio 250 EW',12,30,3,12)
insert into Producto(Nombre,ID_ComponenteActivo,ID_Familia,ID_Proveedor,Punto_de_reorden)
values('CYNOFF® 40 WP',13,39,4,16)
insert into Producto(Nombre,ID_ComponenteActivo,ID_Familia,ID_Proveedor,Punto_de_reorden)
values('OxiCure',8,33,3,23)
insert into Producto(Nombre,ID_ComponenteActivo,ID_Familia,ID_Proveedor,Punto_de_reorden)
values('Nutrileaf',3,30,3,18)
insert into Producto(Nombre,ID_ComponenteActivo,ID_Familia,ID_Proveedor,Punto_de_reorden)
values('OROCIT',11,45,1,25)
insert into Producto(Nombre,ID_ComponenteActivo,ID_Familia,ID_Proveedor,Punto_de_reorden)
values('TRILOGY',4,39,2,23)
insert into Producto(Nombre,ID_ComponenteActivo,ID_Familia,ID_Proveedor,Punto_de_reorden)
values('Triflurex 48 EC',14,36,1,31)
insert into Producto(Nombre,ID_ComponenteActivo,ID_Familia,ID_Proveedor,Punto_de_reorden)
values('PHC® MilStop Plus®',6,33,2,15)
insert into Producto(Nombre,ID_ComponenteActivo,ID_Familia,ID_Proveedor,Punto_de_reorden)
values('Maíz Superbia',null,42,4,53)
insert into Producto(Nombre,ID_ComponenteActivo,ID_Familia,ID_Proveedor,Punto_de_reorden)
values('NITRO BLEND®',15,30,1,23)
insert into Producto(Nombre,ID_ComponenteActivo,ID_Familia,ID_Proveedor,Punto_de_reorden)
values('XenTari DF',5,39,2,18)
insert into Producto(Nombre,ID_ComponenteActivo,ID_Familia,ID_Proveedor,Punto_de_reorden)
values('Sorgo Ascoli',null,42,1,210)
insert into Producto(Nombre,ID_ComponenteActivo,ID_Familia,ID_Proveedor,Punto_de_reorden)
values('PFR-97',2,39,4,16)
insert into Producto(Nombre,ID_ComponenteActivo,ID_Familia,ID_Proveedor,Punto_de_reorden)
values('GESAPRIM® AUTOSUSPENSIBLE',10,36,3,24)
insert into Producto(Nombre,ID_ComponenteActivo,ID_Familia,ID_Proveedor,Punto_de_reorden)
values('Trigo Blando Bonifacio',null,42,3,15)
insert into Producto(Nombre,ID_ComponenteActivo,ID_Familia,ID_Proveedor,Punto_de_reorden)
values('Javelin® WG',2,39,2,29)
insert into Producto(Nombre,ID_ComponenteActivo,ID_Familia,ID_Proveedor,Punto_de_reorden)
values('ECO-FILM',10,45,1,15)
insert into Producto(Nombre,ID_ComponenteActivo,ID_Familia,ID_Proveedor,Punto_de_reorden)
values('CELL FORCE MAX',12,30,4,25)
insert into Producto(Nombre,ID_ComponenteActivo,ID_Familia,ID_Proveedor,Punto_de_reorden)
values('PROMISE',7,45,4,17)
insert into Producto(Nombre,ID_ComponenteActivo,ID_Familia,ID_Proveedor,Punto_de_reorden)
values('Kocide® 2000',4,33,2,34)
insert into Producto(Nombre,ID_ComponenteActivo,ID_Familia,ID_Proveedor,Punto_de_reorden)
values('FAENA ® FUERTE 360',3,36,1,37)
insert into Producto(Nombre,ID_ComponenteActivo,ID_Familia,ID_Proveedor,Punto_de_reorden)
values('AZA-Direct 1.2 CE',1,39,2,34)
insert into Producto(Nombre,ID_ComponenteActivo,ID_Familia,ID_Proveedor,Punto_de_reorden)
values('Paso D',16,36,1,38)
insert into Producto(Nombre,ID_ComponenteActivo,ID_Familia,ID_Proveedor,Punto_de_reorden)
values('Remolacha Maressa',null,42,3,30)

---Tipo entrega
select*from TipoEntrega
insert into TipoEntrega(Nombre,Descripción)
values('A Domicilio','El producto se entrega en el domicilio o campo donde se utilizará el producto.')
insert into TipoEntrega(Nombre,Descripción)
values('En CEDIS','El cliente recoge directamente del CEDIS el producto comprado cuando no se tienen unidades en sucursal.')
insert into TipoEntrega(Nombre,Descripción)
values('En Sucursal','El cliente recoge el producto comprado en sucursal si hay unidades en existencia.')

---Presentación
select*from Presentación
select p.ID,p.Nombre,f.Nombre from Producto p inner join Familia f on f.ID=p.ID_Familia 
select ID, Cantidad, Unidad_de_medida from Dimensión 

insert into Presentación(ID_Base,ID_Dimensión,PrecioUnitarioActual,[Volumen(dm3)],UPC)
values(1,5,$1420,10,754165146475)
insert into Presentación(ID_Base,ID_Dimensión,PrecioUnitarioActual,[Volumen(dm3)],UPC)
values(1,17,$890,6,754165106575)
insert into Presentación(ID_Base,ID_Dimensión,PrecioUnitarioActual,[Volumen(dm3)],UPC)
values(2,5,$1564,10,186865883233)
insert into Presentación(ID_Base,ID_Dimensión,PrecioUnitarioActual,[Volumen(dm3)],UPC)
values(2,11,$2820,20,186865765893)
insert into Presentación(ID_Base,ID_Dimensión,PrecioUnitarioActual,[Volumen(dm3)],UPC)
values(3,7,$540,null,739251063190)
insert into Presentación(ID_Base,ID_Dimensión,PrecioUnitarioActual,[Volumen(dm3)],UPC)
values(3,8,$790,null,739251629190)
insert into Presentación(ID_Base,ID_Dimensión,PrecioUnitarioActual,[Volumen(dm3)],UPC)
values(4,10,$250,0.250,16956784382)
insert into Presentación(ID_Base,ID_Dimensión,PrecioUnitarioActual,[Volumen(dm3)],UPC)
values(4,3,$640,1,16956794382)
insert into Presentación(ID_Base,ID_Dimensión,PrecioUnitarioActual,[Volumen(dm3)],UPC)
values(5,14,$90,null,752229106791)
insert into Presentación(ID_Base,ID_Dimensión,PrecioUnitarioActual,[Volumen(dm3)],UPC)
values(5,12,$1679,1.65,752229872791)
insert into Presentación(ID_Base,ID_Dimensión,PrecioUnitarioActual,[Volumen(dm3)],UPC)
values(6,3,$217,1,144844572326)
insert into Presentación(ID_Base,ID_Dimensión,PrecioUnitarioActual,[Volumen(dm3)],UPC)
values(7,7,$774,4,760803117475)
insert into Presentación(ID_Base,ID_Dimensión,PrecioUnitarioActual,[Volumen(dm3)],UPC)
values(8,5,$532,10,080160170427)
insert into Presentación(ID_Base,ID_Dimensión,PrecioUnitarioActual,[Volumen(dm3)],UPC)
values(8,13,$170,3.73,0801600890427)
insert into Presentación(ID_Base,ID_Dimensión,PrecioUnitarioActual,[Volumen(dm3)],UPC)
values(9,3,$900,1,072670665286)
insert into Presentación(ID_Base,ID_Dimensión,PrecioUnitarioActual,[Volumen(dm3)],UPC)
values(9,19,$2736,9.46,129303147829)
insert into Presentación(ID_Base,ID_Dimensión,PrecioUnitarioActual,[Volumen(dm3)],UPC)
values(10,3,$120,1,7568034283)
insert into Presentación(ID_Base,ID_Dimensión,PrecioUnitarioActual,[Volumen(dm3)],UPC)
values(10,5,$744,10,7568005483)
insert into Presentación(ID_Base,ID_Dimensión,PrecioUnitarioActual,[Volumen(dm3)],UPC)
values(11,2,$296,1,171247017183)
insert into Presentación(ID_Base,ID_Dimensión,PrecioUnitarioActual,[Volumen(dm3)],UPC)
values(11,15,$90,null,171247502183)

---[FraseR_Producto]
select p.Nombre,r.Frase,r.Descripción from [FraseR_Producto] f inner join Producto p on p.ID=f.ID_Producto 
inner join FraseR r on r.ID=f.ID_Frase
select p.ID,p.Nombre,f.Nombre from Producto p inner join Familia f on f.ID=p.ID_Familia 
select*from FraseR

insert into [FraseR_Producto](ID_Producto,ID_Frase)
values(1,6)
insert into [FraseR_Producto](ID_Producto,ID_Frase)
values(1,5)
insert into [FraseR_Producto](ID_Producto,ID_Frase)
values(2,10)
insert into [FraseR_Producto](ID_Producto,ID_Frase)
values(2,11)
insert into [FraseR_Producto](ID_Producto,ID_Frase)
values(4,6)
insert into [FraseR_Producto](ID_Producto,ID_Frase)
values(4,10)
insert into [FraseR_Producto](ID_Producto,ID_Frase)
values(4,14)
insert into [FraseR_Producto](ID_Producto,ID_Frase)
values(5,5)
insert into [FraseR_Producto](ID_Producto,ID_Frase)
values(5,6)
insert into [FraseR_Producto](ID_Producto,ID_Frase)
values(5,8)
insert into [FraseR_Producto](ID_Producto,ID_Frase)
values(5,9)
insert into [FraseR_Producto](ID_Producto,ID_Frase)
values(6,6)
insert into [FraseR_Producto](ID_Producto,ID_Frase)
values(6,7)
insert into [FraseR_Producto](ID_Producto,ID_Frase)
values(6,10)
insert into [FraseR_Producto](ID_Producto,ID_Frase)
values(7,10)
insert into [FraseR_Producto](ID_Producto,ID_Frase)
values(8,15)
insert into [FraseR_Producto](ID_Producto,ID_Frase)
values(8,9)
insert into [FraseR_Producto](ID_Producto,ID_Frase)
values(9,11)

---Peligrosidad Etiqueta
select*from Peligrosidad_Etiqueta
select*from Etiqueta_Peligro
select p.ID,p.Nombre,r.Frase,r.Descripción from [FraseR_Producto] f inner join Producto p on p.ID=f.ID_Producto 
inner join FraseR r on r.ID=f.ID_Frase

insert into PeligrosIDad_Etiqueta(ID_Producto,ID_Etiqueta)
values(1,38)
insert into PeligrosIDad_Etiqueta(ID_Producto,ID_Etiqueta)
values(2,41)
insert into PeligrosIDad_Etiqueta(ID_Producto,ID_Etiqueta)
values(4,38)
insert into PeligrosIDad_Etiqueta(ID_Producto,ID_Etiqueta)
values(4,41)
insert into PeligrosIDad_Etiqueta(ID_Producto,ID_Etiqueta)
values(5,32)
insert into PeligrosIDad_Etiqueta(ID_Producto,ID_Etiqueta)
values(5,38)
insert into PeligrosIDad_Etiqueta(ID_Producto,ID_Etiqueta)
values(6,38)
insert into PeligrosIDad_Etiqueta(ID_Producto,ID_Etiqueta)
values(6,41)
insert into PeligrosIDad_Etiqueta(ID_Producto,ID_Etiqueta)
values(7,41)
insert into PeligrosIDad_Etiqueta(ID_Producto,ID_Etiqueta)
values(8,35)
insert into PeligrosIDad_Etiqueta(ID_Producto,ID_Etiqueta)
values(8,44)
insert into PeligrosIDad_Etiqueta(ID_Producto,ID_Etiqueta)
values(9,41)

---Venta
select*from Venta
select*from Cliente
select*from Sucursal
select*from TipoEntrega

insert into Venta(Folio,ID_Cliente,ID_Sucursal,ID_TipoEntrega,Fecha,Hora,Estatus)
values(1,148,254,2,(select*from Fecha),(select*from Hora),'Pagado')
insert into Venta(Folio,ID_Cliente,ID_Sucursal,ID_TipoEntrega,Fecha,Hora,Estatus)
values(2,152,274,1,(select*from Fecha),(select*from Hora),'Pendiente')
insert into Venta(Folio,ID_Cliente,ID_Sucursal,ID_TipoEntrega,Fecha,Hora,Estatus)
values(3,104,282,2,(select*from Fecha),(select*from Hora),'Pendiente')
insert into Venta(Folio,ID_Cliente,ID_Sucursal,ID_TipoEntrega,Fecha,Hora,Estatus)
values(4,120,322,3,(select*from Fecha),(select*from Hora),'Pagado')
insert into Venta(Folio,ID_Cliente,ID_Sucursal,ID_TipoEntrega,Fecha,Hora,Estatus)
values(5,152,318,1,(select*from Fecha),(select*from Hora),'Pagado')
insert into Venta(Folio,ID_Cliente,ID_Sucursal,ID_TipoEntrega,Fecha,Hora,Estatus)
values(6,152,314,2,(select*from Fecha),(select*from Hora),'Pendiente')
insert into Venta(Folio,ID_Cliente,ID_Sucursal,ID_TipoEntrega,Fecha,Hora,Estatus)
values(7,152,290,2,(select*from Fecha),(select*from Hora),'Pendiente')
insert into Venta(Folio,ID_Cliente,ID_Sucursal,ID_TipoEntrega,Fecha,Hora,Estatus)
values(8,100,282,1,(select*from Fecha),(select*from Hora),'Pendiente')
insert into Venta(Folio,ID_Cliente,ID_Sucursal,ID_TipoEntrega,Fecha,Hora,Estatus)
values(9,156,266,3,(select*from Fecha),(select*from Hora),'Pagado')
insert into Venta(Folio,ID_Cliente,ID_Sucursal,ID_TipoEntrega,Fecha,Hora,Estatus)
values(10,120,310,3,(select*from Fecha),(select*from Hora),'Pagado')
insert into Venta(Folio,ID_Cliente,ID_Sucursal,ID_TipoEntrega,Fecha,Hora,Estatus)
values(11,120,310,1,(select*from Fecha),(select*from Hora),'Pagado')
insert into Venta(Folio,ID_Cliente,ID_Sucursal,ID_TipoEntrega,Fecha,Hora,Estatus)
values(12,160,266,1,(select*from Fecha),(select*from Hora),'Pendiente')
insert into Venta(Folio,ID_Cliente,ID_Sucursal,ID_TipoEntrega,Fecha,Hora,Estatus)
values(13,152,314,2,(select*from Fecha),(select*from Hora),'Pendiente')
insert into Venta(Folio,ID_Cliente,ID_Sucursal,ID_TipoEntrega,Fecha,Hora,Estatus)
values(14,132,310,1,(select*from Fecha),(select*from Hora),'Pendiente')
insert into Venta(Folio,ID_Cliente,ID_Sucursal,ID_TipoEntrega,Fecha,Hora,Estatus)
values(15,148,254,3,(select*from Fecha),(select*from Hora),'Pagado')
insert into Venta(Folio,ID_Cliente,ID_Sucursal,ID_TipoEntrega,Fecha,Hora,Estatus)
values(16,148,266,1,(select*from Fecha),(select*from Hora),'Pagado')
insert into Venta(Folio,ID_Cliente,ID_Sucursal,ID_TipoEntrega,Fecha,Hora,Estatus)
values(17,108,290,2,(select*from Fecha),(select*from Hora),'Pagado')
insert into Venta(Folio,ID_Cliente,ID_Sucursal,ID_TipoEntrega,Fecha,Hora,Estatus)
values(18,124,302,3,(select*from Fecha),(select*from Hora),'Pendiente')
insert into Venta(Folio,ID_Cliente,ID_Sucursal,ID_TipoEntrega,Fecha,Hora,Estatus)
values(19,128,318,2,(select*from Fecha),(select*from Hora),'Pagado')
insert into Venta(Folio,ID_Cliente,ID_Sucursal,ID_TipoEntrega,Fecha,Hora,Estatus)
values(20,116,302,2,(select*from Fecha),(select*from Hora),'Pendiente')
insert into Venta(Folio,ID_Cliente,ID_Sucursal,ID_TipoEntrega,Fecha,Hora,Estatus)
values(21,144,274,3,(select*from Fecha),(select*from Hora),'Pagado')
insert into Venta(Folio,ID_Cliente,ID_Sucursal,ID_TipoEntrega,Fecha,Hora,Estatus)
values(22,108,322,3,(select*from Fecha),(select*from Hora),'Pendiente')
insert into Venta(Folio,ID_Cliente,ID_Sucursal,ID_TipoEntrega,Fecha,Hora,Estatus)
values(23,136,254,3,(select*from Fecha),(select*from Hora),'Pagado')
insert into Venta(Folio,ID_Cliente,ID_Sucursal,ID_TipoEntrega,Fecha,Hora,Estatus)
values(24,152,274,2,(select*from Fecha),(select*from Hora),'Pendiente')
insert into Venta(Folio,ID_Cliente,ID_Sucursal,ID_TipoEntrega,Fecha,Hora,Estatus)
values(25,108,290,2,(select*from Fecha),(select*from Hora),'Pendiente')
insert into Venta(Folio,ID_Cliente,ID_Sucursal,ID_TipoEntrega,Fecha,Hora,Estatus)
values(26,136,302,3,(select*from Fecha),(select*from Hora),'Pagado')
insert into Venta(Folio,ID_Cliente,ID_Sucursal,ID_TipoEntrega,Fecha,Hora,Estatus)
values(27,152,274,2,(select*from Fecha),(select*from Hora),'Pendiente')
insert into Venta(Folio,ID_Cliente,ID_Sucursal,ID_TipoEntrega,Fecha,Hora,Estatus)
values(28,168,282,2,(select*from Fecha),(select*from Hora),'Pagado')
insert into Venta(Folio,ID_Cliente,ID_Sucursal,ID_TipoEntrega,Fecha,Hora,Estatus)
values(29,136,290,2,(select*from Fecha),(select*from Hora),'Pagado')
insert into Venta(Folio,ID_Cliente,ID_Sucursal,ID_TipoEntrega,Fecha,Hora,Estatus)
values(30,148,290,3,(select*from Fecha),(select*from Hora),'Pendiente')
insert into Venta(Folio,ID_Cliente,ID_Sucursal,ID_TipoEntrega,Fecha,Hora,Estatus)
values(31,136,302,1,(select*from Fecha),(select*from Hora),'Pagado')
insert into Venta(Folio,ID_Cliente,ID_Sucursal,ID_TipoEntrega,Fecha,Hora,Estatus)
values(32,156,310,1,(select*from Fecha),(select*from Hora),'Pagado')
insert into Venta(Folio,ID_Cliente,ID_Sucursal,ID_TipoEntrega,Fecha,Hora,Estatus)
values(33,132,282,1,(select*from Fecha),(select*from Hora),'Pendiente')
insert into Venta(Folio,ID_Cliente,ID_Sucursal,ID_TipoEntrega,Fecha,Hora,Estatus)
values(34,144,314,2,(select*from Fecha),(select*from Hora),'Pendiente')
insert into Venta(Folio,ID_Cliente,ID_Sucursal,ID_TipoEntrega,Fecha,Hora,Estatus)
values(35,140,266,1,(select*from Fecha),(select*from Hora),'Pendiente')
insert into Venta(Folio,ID_Cliente,ID_Sucursal,ID_TipoEntrega,Fecha,Hora,Estatus)
values(36,144,290,1,(select*from Fecha),(select*from Hora),'Pendiente')
insert into Venta(Folio,ID_Cliente,ID_Sucursal,ID_TipoEntrega,Fecha,Hora,Estatus)
values(37,168,302,1,(select*from Fecha),(select*from Hora),'Pagado')
insert into Venta(Folio,ID_Cliente,ID_Sucursal,ID_TipoEntrega,Fecha,Hora,Estatus)
values(38,136,314,1,(select*from Fecha),(select*from Hora),'Pendiente')
insert into Venta(Folio,ID_Cliente,ID_Sucursal,ID_TipoEntrega,Fecha,Hora,Estatus)
values(39,120,310,1,(select*from Fecha),(select*from Hora),'Pendiente')
insert into Venta(Folio,ID_Cliente,ID_Sucursal,ID_TipoEntrega,Fecha,Hora,Estatus)
values(40,120,282,2,(select*from Fecha),(select*from Hora),'Pendiente')
insert into Venta(Folio,ID_Cliente,ID_Sucursal,ID_TipoEntrega,Fecha,Hora,Estatus)
values(41,156,274,2,(select*from Fecha),(select*from Hora),'Pendiente')
insert into Venta(Folio,ID_Cliente,ID_Sucursal,ID_TipoEntrega,Fecha,Hora,Estatus)
values(42,128,254,3,(select*from Fecha),(select*from Hora),'Pendiente')
insert into Venta(Folio,ID_Cliente,ID_Sucursal,ID_TipoEntrega,Fecha,Hora,Estatus)
values(43,156,266,2,(select*from Fecha),(select*from Hora),'Pagado')
insert into Venta(Folio,ID_Cliente,ID_Sucursal,ID_TipoEntrega,Fecha,Hora,Estatus)
values(44,136,266,1,(select*from Fecha),(select*from Hora),'Pendiente')
insert into Venta(Folio,ID_Cliente,ID_Sucursal,ID_TipoEntrega,Fecha,Hora,Estatus)
values(45,164,310,2,(select*from Fecha),(select*from Hora),'Pagado')
insert into Venta(Folio,ID_Cliente,ID_Sucursal,ID_TipoEntrega,Fecha,Hora,Estatus)
values(46,168,314,2,(select*from Fecha),(select*from Hora),'Pendiente')
insert into Venta(Folio,ID_Cliente,ID_Sucursal,ID_TipoEntrega,Fecha,Hora,Estatus)
values(47,132,322,1,(select*from Fecha),(select*from Hora),'Pagado')
insert into Venta(Folio,ID_Cliente,ID_Sucursal,ID_TipoEntrega,Fecha,Hora,Estatus)
values(48,116,266,3,(select*from Fecha),(select*from Hora),'Pendiente')
insert into Venta(Folio,ID_Cliente,ID_Sucursal,ID_TipoEntrega,Fecha,Hora,Estatus)
values(49,164,274,2,(select*from Fecha),(select*from Hora),'Pagado')
insert into Venta(Folio,ID_Cliente,ID_Sucursal,ID_TipoEntrega,Fecha,Hora,Estatus)
values(50,160,290,1,(select*from Fecha),(select*from Hora),'Pagado')

---Detalle_Venta
select*from DetalleVenta
select PrecioUnitarioActual from Presentación where UPC=171247502183
insert into DetalleVenta(Folio_Venta,UPC_Producto,Cantidad,PrecioUnitarioProducto)
values(17,171247502183,11,$90)
insert into DetalleVenta(Folio_Venta,UPC_Producto,Cantidad,PrecioUnitarioProducto)
values(44,752229106791,31,$)
insert into DetalleVenta(Folio_Venta,UPC_Producto,Cantidad,PrecioUnitarioProducto)
values(23,754165106575,141,$)
insert into DetalleVenta(Folio_Venta,UPC_Producto,Cantidad,PrecioUnitarioProducto)
values(14,144844572326,137,$)
insert into DetalleVenta(Folio_Venta,UPC_Producto,Cantidad,PrecioUnitarioProducto)
values(21,7568005483,101,$)
insert into DetalleVenta(Folio_Venta,UPC_Producto,Cantidad,PrecioUnitarioProducto)
values(4,80160170427,66,$)
insert into DetalleVenta(Folio_Venta,UPC_Producto,Cantidad,PrecioUnitarioProducto)
values(4,80160170427,73,$)
insert into DetalleVenta(Folio_Venta,UPC_Producto,Cantidad,PrecioUnitarioProducto)
values(24,16956794382,83,$)
insert into DetalleVenta(Folio_Venta,UPC_Producto,Cantidad,PrecioUnitarioProducto)
values(6,72670665286,6,$)
insert into DetalleVenta(Folio_Venta,UPC_Producto,Cantidad,PrecioUnitarioProducto)
values(8,186865765893,98,$)
insert into DetalleVenta(Folio_Venta,UPC_Producto,Cantidad,PrecioUnitarioProducto)
values(16,754165106575,62,$)
insert into DetalleVenta(Folio_Venta,UPC_Producto,Cantidad,PrecioUnitarioProducto)
values(9,186865765893,149,$)
insert into DetalleVenta(Folio_Venta,UPC_Producto,Cantidad,PrecioUnitarioProducto)
values(50,739251629190,58,$)
insert into DetalleVenta(Folio_Venta,UPC_Producto,Cantidad,PrecioUnitarioProducto)
values(4,129303147829,5,$)
insert into DetalleVenta(Folio_Venta,UPC_Producto,Cantidad,PrecioUnitarioProducto)
values(31,144844572326,65,$)
insert into DetalleVenta(Folio_Venta,UPC_Producto,Cantidad,PrecioUnitarioProducto)
values(3,144844572326,104,$)
insert into DetalleVenta(Folio_Venta,UPC_Producto,Cantidad,PrecioUnitarioProducto)
values(14,186865883233,121,$)
insert into DetalleVenta(Folio_Venta,UPC_Producto,Cantidad,PrecioUnitarioProducto)
values(36,801600890427,80,$)
insert into DetalleVenta(Folio_Venta,UPC_Producto,Cantidad,PrecioUnitarioProducto)
values(48,186865765893,138,$)
insert into DetalleVenta(Folio_Venta,UPC_Producto,Cantidad,PrecioUnitarioProducto)
values(19,144844572326,35,$)
insert into DetalleVenta(Folio_Venta,UPC_Producto,Cantidad,PrecioUnitarioProducto)
values(30,801600890427,91,$)
insert into DetalleVenta(Folio_Venta,UPC_Producto,Cantidad,PrecioUnitarioProducto)
values(33,144844572326,101,$)
insert into DetalleVenta(Folio_Venta,UPC_Producto,Cantidad,PrecioUnitarioProducto)
values(35,16956784382,88,$)
insert into DetalleVenta(Folio_Venta,UPC_Producto,Cantidad,PrecioUnitarioProducto)
values(49,186865765893,77,$)
insert into DetalleVenta(Folio_Venta,UPC_Producto,Cantidad,PrecioUnitarioProducto)
values(7,739251629190,110,$)
insert into DetalleVenta(Folio_Venta,UPC_Producto,Cantidad,PrecioUnitarioProducto)
values(17,16956794382,43,$)
insert into DetalleVenta(Folio_Venta,UPC_Producto,Cantidad,PrecioUnitarioProducto)
values(29,186865883233,95,$)
insert into DetalleVenta(Folio_Venta,UPC_Producto,Cantidad,PrecioUnitarioProducto)
values(49,801600890427,31,$)
insert into DetalleVenta(Folio_Venta,UPC_Producto,Cantidad,PrecioUnitarioProducto)
values(32,144844572326,69,$)
insert into DetalleVenta(Folio_Venta,UPC_Producto,Cantidad,PrecioUnitarioProducto)
values(44,144844572326,2,$)
insert into DetalleVenta(Folio_Venta,UPC_Producto,Cantidad,PrecioUnitarioProducto)
values(17,7568005483,71,$)
insert into DetalleVenta(Folio_Venta,UPC_Producto,Cantidad,PrecioUnitarioProducto)
values(45,72670665286,96,$)
insert into DetalleVenta(Folio_Venta,UPC_Producto,Cantidad,PrecioUnitarioProducto)
values(20,801600890427,103,$)
insert into DetalleVenta(Folio_Venta,UPC_Producto,Cantidad,PrecioUnitarioProducto)
values(28,186865765893,106,$)
insert into DetalleVenta(Folio_Venta,UPC_Producto,Cantidad,PrecioUnitarioProducto)
values(36,754165106575,53,$)
insert into DetalleVenta(Folio_Venta,UPC_Producto,Cantidad,PrecioUnitarioProducto)
values(6,129303147829,51,$)
insert into DetalleVenta(Folio_Venta,UPC_Producto,Cantidad,PrecioUnitarioProducto)
values(40,752229872791,2,$)
insert into DetalleVenta(Folio_Venta,UPC_Producto,Cantidad,PrecioUnitarioProducto)
values(14,171247017183,124,$)
insert into DetalleVenta(Folio_Venta,UPC_Producto,Cantidad,PrecioUnitarioProducto)
values(27,739251629190,96,$)
insert into DetalleVenta(Folio_Venta,UPC_Producto,Cantidad,PrecioUnitarioProducto)
values(44,754165106575,128,$)
insert into DetalleVenta(Folio_Venta,UPC_Producto,Cantidad,PrecioUnitarioProducto)
values(1,171247502183,98,$90)
insert into DetalleVenta(Folio_Venta,UPC_Producto,Cantidad,PrecioUnitarioProducto)
values(43,171247017183,119,$)
insert into DetalleVenta(Folio_Venta,UPC_Producto,Cantidad,PrecioUnitarioProducto)
values(32,144844572326,20,$)
insert into DetalleVenta(Folio_Venta,UPC_Producto,Cantidad,PrecioUnitarioProducto)
values(21,754165146475,147,$)
insert into DetalleVenta(Folio_Venta,UPC_Producto,Cantidad,PrecioUnitarioProducto)
values(47,186865883233,140,$)
insert into DetalleVenta(Folio_Venta,UPC_Producto,Cantidad,PrecioUnitarioProducto)
values(37,739251063190,50,$)
insert into DetalleVenta(Folio_Venta,UPC_Producto,Cantidad,PrecioUnitarioProducto)
values(34,186865883233,35,$)
insert into DetalleVenta(Folio_Venta,UPC_Producto,Cantidad,PrecioUnitarioProducto)
values(12,144844572326,15,$)
insert into DetalleVenta(Folio_Venta,UPC_Producto,Cantidad,PrecioUnitarioProducto)
values(27,7568034283,110,$)
insert into DetalleVenta(Folio_Venta,UPC_Producto,Cantidad,PrecioUnitarioProducto)
values(31,754165146475,29,$)
insert into DetalleVenta(Folio_Venta,UPC_Producto,Cantidad,PrecioUnitarioProducto)
values(13,80160170427,5,$)
insert into DetalleVenta(Folio_Venta,UPC_Producto,Cantidad,PrecioUnitarioProducto)
values(25,171247502183,65,$90)
insert into DetalleVenta(Folio_Venta,UPC_Producto,Cantidad,PrecioUnitarioProducto)
values(10,80160170427,25,$)
insert into DetalleVenta(Folio_Venta,UPC_Producto,Cantidad,PrecioUnitarioProducto)
values(6,129303147829,3,$)
insert into DetalleVenta(Folio_Venta,UPC_Producto,Cantidad,PrecioUnitarioProducto)
values(12,739251629190,49,$)
insert into DetalleVenta(Folio_Venta,UPC_Producto,Cantidad,PrecioUnitarioProducto)
values(28,186865765893,150,$)
insert into DetalleVenta(Folio_Venta,UPC_Producto,Cantidad,PrecioUnitarioProducto)
values(10,7568005483,89,$)
insert into DetalleVenta(Folio_Venta,UPC_Producto,Cantidad,PrecioUnitarioProducto)
values(1,752229106791,103,$)
insert into DetalleVenta(Folio_Venta,UPC_Producto,Cantidad,PrecioUnitarioProducto)
values(20,7568034283,89,$)
insert into DetalleVenta(Folio_Venta,UPC_Producto,Cantidad,PrecioUnitarioProducto)
values(26,16956794382,77,$)
insert into DetalleVenta(Folio_Venta,UPC_Producto,Cantidad,PrecioUnitarioProducto)
values(17,760803117475,47,$)
insert into DetalleVenta(Folio_Venta,UPC_Producto,Cantidad,PrecioUnitarioProducto)
values(4,144844572326,13,$)
insert into DetalleVenta(Folio_Venta,UPC_Producto,Cantidad,PrecioUnitarioProducto)
values(38,739251629190,55,$)
insert into DetalleVenta(Folio_Venta,UPC_Producto,Cantidad,PrecioUnitarioProducto)
values(48,129303147829,134,$)
insert into DetalleVenta(Folio_Venta,UPC_Producto,Cantidad,PrecioUnitarioProducto)
values(26,752229872791,90,$)
insert into DetalleVenta(Folio_Venta,UPC_Producto,Cantidad,PrecioUnitarioProducto)
values(44,144844572326,50,$)
insert into DetalleVenta(Folio_Venta,UPC_Producto,Cantidad,PrecioUnitarioProducto)
values(36,72670665286,20,$)
insert into DetalleVenta(Folio_Venta,UPC_Producto,Cantidad,PrecioUnitarioProducto)
values(15,80160170427,69,$)
insert into DetalleVenta(Folio_Venta,UPC_Producto,Cantidad,PrecioUnitarioProducto)
values(45,739251063190,115,$)
insert into DetalleVenta(Folio_Venta,UPC_Producto,Cantidad,PrecioUnitarioProducto)
values(17,72670665286,106,$)
insert into DetalleVenta(Folio_Venta,UPC_Producto,Cantidad,PrecioUnitarioProducto)
values(14,752229872791,96,$)
insert into DetalleVenta(Folio_Venta,UPC_Producto,Cantidad,PrecioUnitarioProducto)
values(20,739251063190,53,$)
insert into DetalleVenta(Folio_Venta,UPC_Producto,Cantidad,PrecioUnitarioProducto)
values(26,171247017183,27,$)
insert into DetalleVenta(Folio_Venta,UPC_Producto,Cantidad,PrecioUnitarioProducto)
values(42,16956784382,149,$)
insert into DetalleVenta(Folio_Venta,UPC_Producto,Cantidad,PrecioUnitarioProducto)
values(13,801600890427,123,$)
insert into DetalleVenta(Folio_Venta,UPC_Producto,Cantidad,PrecioUnitarioProducto)
values(7,752229872791,53,$)
insert into DetalleVenta(Folio_Venta,UPC_Producto,Cantidad,PrecioUnitarioProducto)
values(3,171247017183,143,$)
insert into DetalleVenta(Folio_Venta,UPC_Producto,Cantidad,PrecioUnitarioProducto)
values(34,752229872791,30,$)
insert into DetalleVenta(Folio_Venta,UPC_Producto,Cantidad,PrecioUnitarioProducto)
values(8,760803117475,1,$)
insert into DetalleVenta(Folio_Venta,UPC_Producto,Cantidad,PrecioUnitarioProducto)
values(34,72670665286,117,$)
insert into DetalleVenta(Folio_Venta,UPC_Producto,Cantidad,PrecioUnitarioProducto)
values(22,129303147829,103,$)
insert into DetalleVenta(Folio_Venta,UPC_Producto,Cantidad,PrecioUnitarioProducto)
values(12,186865765893,87,$)
insert into DetalleVenta(Folio_Venta,UPC_Producto,Cantidad,PrecioUnitarioProducto)
values(35,739251629190,73,$)
insert into DetalleVenta(Folio_Venta,UPC_Producto,Cantidad,PrecioUnitarioProducto)
values(24,16956794382,19,$)
insert into DetalleVenta(Folio_Venta,UPC_Producto,Cantidad,PrecioUnitarioProducto)
values(45,7568034283,117,$)
insert into DetalleVenta(Folio_Venta,UPC_Producto,Cantidad,PrecioUnitarioProducto)
values(31,186865883233,69,$)
insert into DetalleVenta(Folio_Venta,UPC_Producto,Cantidad,PrecioUnitarioProducto)
values(34,739251063190,91,$)
insert into DetalleVenta(Folio_Venta,UPC_Producto,Cantidad,PrecioUnitarioProducto)
values(13,129303147829,18,$)
insert into DetalleVenta(Folio_Venta,UPC_Producto,Cantidad,PrecioUnitarioProducto)
values(32,760803117475,44,$)
insert into DetalleVenta(Folio_Venta,UPC_Producto,Cantidad,PrecioUnitarioProducto)
values(44,801600890427,64,$)
insert into DetalleVenta(Folio_Venta,UPC_Producto,Cantidad,PrecioUnitarioProducto)
values(41,752229872791,45,$)
insert into DetalleVenta(Folio_Venta,UPC_Producto,Cantidad,PrecioUnitarioProducto)
values(47,7568005483,77,$)
insert into DetalleVenta(Folio_Venta,UPC_Producto,Cantidad,PrecioUnitarioProducto)
values(29,7568005483,101,$)
insert into DetalleVenta(Folio_Venta,UPC_Producto,Cantidad,PrecioUnitarioProducto)
values(47,186865765893,142,$)
insert into DetalleVenta(Folio_Venta,UPC_Producto,Cantidad,PrecioUnitarioProducto)
values(44,186865883233,81,$)
insert into DetalleVenta(Folio_Venta,UPC_Producto,Cantidad,PrecioUnitarioProducto)
values(45,80160170427,111,$)
insert into DetalleVenta(Folio_Venta,UPC_Producto,Cantidad,PrecioUnitarioProducto)
values(1,752229106791,60,$)
insert into DetalleVenta(Folio_Venta,UPC_Producto,Cantidad,PrecioUnitarioProducto)
values(47,739251629190,146,$)
insert into DetalleVenta(Folio_Venta,UPC_Producto,Cantidad,PrecioUnitarioProducto)
values(33,754165146475,113,$)
insert into DetalleVenta(Folio_Venta,UPC_Producto,Cantidad,PrecioUnitarioProducto)
values(21,16956794382,98,$)
