Use [Gallo Giro]
Go
---6to Paso: Cargas iniciales

---Region
select*from Region
insert into Region(Nombre)
values('Costas'),('Fronterizo'),('Centro')
Go

---Ciudad
select*from Ciudad
insert into Ciudad(Nombre,ID_region)
values('Anáhuac',2), ('CD. Obregón',2),('Chihuahua',3),('Culiacan',1), ('Guamuchil',1),('Guaymas',1), ('Hermosillo',3),('Mazatlán',1),
('CD.Cuauthemoc',3),('Navojoa',1)
Go

--inner join
select Ciudad.Nombre as [Nombre Ciudad],ciudad.ID,Region.ID, Region.Nombre as [Nombre Region] from Ciudad
 inner join Region on Region.ID=Ciudad.ID_Region

---Right join
select Ciudad.Nombre as [Nombre Ciudad],ciudad.ID,Region.ID, Region.Nombre as [Nombre Region] from Ciudad 
right join Region on Region.ID=Ciudad.id_region

---Left join
select Ciudad.Nombre as [Nombre Ciudad],ciudad.ID,Region.ID, Region.Nombre as [Nombre Region] from Ciudad 
left join Region on Region.ID=Ciudad.id_region

---Dirección
select*from Dirección
insert into Dirección(CP,Número,Calle,ID_Ciudad)
values(80190,3190,'Av. Gral. Maximiliano Gamez',4)
insert into Dirección(CP,Número,Calle,ID_Ciudad)
values(80016,2145,'Profra. Emiliano Zapata',4)
insert into Dirección(CP,Número,Calle,ID_Ciudad)
values(80060,1112,'Gral. Angel Flores',4)
insert into Dirección(CP,Número,Calle,ID_Ciudad)
values(82154,84,'Vison',8)
insert into Dirección(CP,Número,Calle,ID_Ciudad)
values(82190,313,'La Amapá',8)
insert into Dirección(CP,Número,Calle,ID_Ciudad)
values(82190,null,'Manuel J. Clouthier',8)
insert into Dirección(CP,Número,Calle,ID_Ciudad)
values(85440,124,'Calle Ocho',6)
insert into Dirección(CP,Número,Calle,ID_Ciudad)
values(85440,13,'Plaza del Centenario',7)
insert into Dirección(CP,Número,Calle,ID_Ciudad)
values(85456,205,'Oscar Ruiz Almeida',6)
insert into Dirección(CP,Número,Calle,ID_Ciudad)
values(31600,202,'5 de febrero',1)
insert into Dirección(CP,Número,Calle,ID_Ciudad)
values(85060,null,'Calle Ignacio Zaragoza',2)
insert into Dirección(CP,Número,Calle,ID_Ciudad)
values(null,517,'Sta Matilde',2)
insert into Dirección(CP,Número,Calle,ID_Ciudad)
values(85890,211,'Jesus García',10)
insert into Dirección(CP,Número,Calle,ID_Ciudad)
values(81460,534,'16 de septiembre',5)
insert into Dirección(CP,Número,Calle,ID_Ciudad)
values(80016,3774,'Calz de las Americas',4)
insert into Dirección(CP,Número,Calle,ID_Ciudad)
values(31530,3795,'Leona Vicario',9)
insert into Dirección(CP,Número,Calle,ID_Ciudad)
values(31350,2703,'Mariano Horcasitas',3)
insert into Dirección(CP,Número,Calle,ID_Ciudad)
values(85890,300,'Jesus García',10)
insert into Dirección(CP,Número,Calle,ID_Ciudad)
values(85890,304,'Manuel Cubillas',10)
insert into Dirección(CP,Número,Calle,ID_Ciudad)
values(85456,12,'Felipe Bárcenas Sartini',6)
insert into Dirección(CP,Número,Calle,ID_Ciudad)
values(31600,406,'Laguna',1)
insert into Dirección(CP,Número,Calle,ID_Ciudad)
values(31600,405,'De los deportes',1)
insert into Dirección(CP,Número,Calle,ID_Ciudad)
values(null,2795,'San Clemente',2)
insert into Dirección(CP,Número,Calle,ID_Ciudad)
values(31550,null,'21 de marzo',9)
insert into Dirección(CP,Número,Calle,ID_Ciudad)
values(31550,1085,'10 de mayo',9)
insert into Dirección(CP,Número,Calle,ID_Ciudad)
values(31530,3733,'Mariano Jiménez',9)
insert into Dirección(CP,Número,Calle,ID_Ciudad)
values(81460,null,'José Maria Morelos',5)
insert into Dirección(CP,Número,Calle,ID_Ciudad)
values(80190,3280,'Av. Gral. Maximiliano Gamez',4)
insert into Dirección(CP,Número,Calle,ID_Ciudad)
values(83080,50,'Nicaragua',7)
insert into Dirección(CP,Número,Calle,ID_Ciudad)
values(83080,100,'Nicaragua',7)
insert into Dirección(CP,Número,Calle,ID_Ciudad)
values(83118,17,'De los pimas',7)
insert into Dirección(CP,Número,Calle,ID_Ciudad)
values(80060,1325,'Lago de Patzcuaro',4)
insert into Dirección(CP,Número,Calle,ID_Ciudad)
values(83080,221,'Calle Mina',7)
insert into Dirección(CP,Número,Calle,ID_Ciudad)
values(31350,2202,'Calle 35',3)

---Almacen
select ID as AlmacenID from Almacen except (select ID_Almacen from CEDIS) 
select*from Almacen
insert into Almacen(ID_Dirección)
values(9),(10),(4),(3),(12),(15),(31),(24),(19),(7),(18),(21),(13),(11),(8),(27),(30),(14),(22)

---CEDIS
select*from CEDIS
insert into CEDIS(ID_Almacen,[CapacIDad_(palets/nivel)])
values(250,840),(258,250),(262,370),(270,default),(278,default),(286,674),(294,default),(298,530)

---Sucursal
select*from Sucursal
insert into Sucursal(ID_Almacen,ID_CEDIS)
values(254,258),(266,250),(274,262),(282,262),(290,270),(302,286),(310,286),(314,294),(318,270),(322,298),(306,278)

---Tipo Clientes
select*from TipoCliente
insert into TipoCliente(ID,Tipo,Descripción)
values(1,'Domestico','Personas que compran productos para su jardín o huerto familiar.'),
(2,'Agricultor','Persona que siembra grandes cantidades de tierra.')

---Clientes
select d.ID as IdDirección, d.Calle as NombreCalle from Dirección d 
where not exists (select Almacen.ID_Dirección from Almacen where d.ID=Almacen.ID_Dirección) order by IdDirección

select d.ID as IdDirección, d.Calle as NombreCalle from Dirección d 
where d.ID not in (select Almacen.ID_Dirección from Almacen) and d.ID not in(select Cliente.ID_Dirección from Cliente) order by IdDirección

select*from [Cliente]
insert into [Cliente](ID_Dirección,Nombre,ApellIDoPaterno,ApellIDoMaterno,ID_Tipo,RFC)
values(1,'Jorge','Osuna','Quintana',1,'OUQJ990608F53')
insert into [Cliente](ID_Dirección,Nombre,ApellIDoPaterno,ApellIDoMaterno,ID_Tipo,RFC)
values(1,'Carmen','Quintana','Santana',1,'QUSC640831AS3')
insert into [Cliente](ID_Dirección,Nombre,ApellIDoPaterno,ApellIDoMaterno,ID_Tipo,RFC)
values(2,'Oliver','Rodriguez','Gomez',2,'ROGO9907049F6')
insert into [Cliente](ID_Dirección,Nombre,ApellIDoPaterno,ApellIDoMaterno,ID_Tipo,RFC)
values(5,'Juanito','Lopez','Perez',1,'LOPJ941118RE7')
insert into [Cliente](ID_Dirección,Nombre,ApellIDoPaterno,ApellIDoMaterno,ID_Tipo,RFC)
values(6,'Carito','Lopez','Villa',2,'LOVC990101HR5')
insert into [Cliente](ID_Dirección,Nombre,ApellIDoPaterno,ApellIDoMaterno,ID_Tipo,RFC)
values(16,'Pedro','Villas','Casas',2,'VICP650414CF3')
insert into [Cliente](ID_Dirección,Nombre,ApellIDoPaterno,ApellIDoMaterno,ID_Tipo,RFC)
values(17,'Marina','Manjarrez','Quintana',1,'MAQM851209HR2')
insert into [Cliente](ID_Dirección,Nombre,ApellIDoPaterno,ApellIDoMaterno,ID_Tipo,RFC)
values(20,'Luis','Guerrero','Gutierrez',2,'GUGL010220LD4')
insert into [Cliente](ID_Dirección,Nombre,ApellIDoPaterno,ApellIDoMaterno,ID_Tipo,RFC)
values(23,'Fernando','Smith','Peraza',1,'SIPF880515MT7')
insert into [Cliente](ID_Dirección,Nombre,ApellIDoPaterno,ApellIDoMaterno,ID_Tipo,RFC)
values(25,'Daniel','Encizo','Lopez',1,'EILD941012K3A')
insert into [Cliente](ID_Dirección,Nombre,ApellIDoPaterno,ApellIDoMaterno,ID_Tipo,RFC)
values(26,'Francisco','Gonzáles','Esquivel',2,'GOEF900530HCA')
insert into [Cliente](ID_Dirección,Nombre,ApellIDoPaterno,ApellIDoMaterno,ID_Tipo,RFC)
values(26,'Flor','Hernandez','Esquivel',1,'HEEF960816MI0')
insert into [Cliente](ID_Dirección,Nombre,ApellIDoPaterno,ApellIDoMaterno,ID_Tipo,RFC)
values(28,'Nadia','Florencia','Martinez',2,'FOMN8207247F3')
insert into [Cliente](ID_Dirección,Nombre,ApellIDoPaterno,ApellIDoMaterno,ID_Tipo,RFC)
values(29,'Claudia','Bejarano','Martinez',2,'BEMC511110QC9')
insert into [Cliente](ID_Dirección,Nombre,ApellIDoPaterno,ApellIDoMaterno,ID_Tipo,RFC)
values(32,'Daniela','Mascareño','Quiroz',1,'MAQD8307216R8')
insert into [Cliente](ID_Dirección,Nombre,ApellIDoPaterno,ApellIDoMaterno,ID_Tipo,RFC)
values(33,'Luis','Fernando','Arriaga',1,'FEAL681019K12')
insert into [Cliente](ID_Dirección,Nombre,ApellIDoPaterno,ApellIDoMaterno,ID_Tipo,RFC)
values(33,'Clarisa','Fernando','Arriaga',1,'FEAC750117T35')
insert into [Cliente](ID_Dirección,Nombre,ApellIDoPaterno,ApellIDoMaterno,ID_Tipo,RFC)
values(34,'Angel','Esquivel','Morales',2,'EUMA960922Q18')

---Actividad 
select*from Actividad
insert into Actividad(Nombre)
values('Horticultor'),('Floricultor'),('Productor de semillas'),('Productor de granos')

---Actividad agricultor
select Cliente.ID,Nombre,ApellIDoPaterno from Cliente inner join TipoCliente on TipoCliente.ID=Cliente.ID_Tipo where TipoCliente.Tipo='Agricultor'
select*from Actividad order by ID
select*from Actividad_Agricultor
insert into Actividad_Agricultor(ID_Agricultor,ID_Actividad)
values(108,2),(108,4),(120,2),(128,4),(128,3),(140,1),(148,2),(148,4),(152,3),(168,4) 

---Dimensión
select convert(varchar, Cantidad)+' '+Unidad_de_Medida as Presentación from Dimensión---Importante
insert into Dimensión(ID,Cantidad,Unidad_de_Medida)
values(1,100,'g'),(2,1,'Kg'),(3,1,'L'),(4,2.2,'Kg'),(5,10,'L'),(6,3.54,'Kg'),(7,25,'Lb'),(8,20,'Kg'),(9,9.53,'Lb'),(10,250,'ml'),
(11,20,'L'),(12,500,'g'),(13,1,'gal')
insert into Dimensión(ID,Cantidad,Unidad_de_Medida)
values(14,50,'g')
insert into Dimensión(ID,Cantidad,Unidad_de_Medida)
values(15,390,'g')
insert into Dimensión(ID,Cantidad,Unidad_de_Medida)
values(16,10,'Kg')
insert into Dimensión(ID,Cantidad,Unidad_de_Medida)
values(17,6,'L')
insert into Dimensión(ID,Cantidad,Unidad_de_Medida)
values(18,25,'L')
insert into Dimensión(ID,Cantidad,Unidad_de_Medida)
values(19,2.6,'gal')

---Componente activo
select*from Componente_Activo
insert into Componente_Activo(Nombre,Fórmula_Química)
values('Azadiractina','C35H44O16'),('Bacillus thuringiensis',null),('Sales potasicas de acidos grasos','CH3-(CH2)n-COO-Na+'),('Hidróxido cúprico','Cu(OH)2'),
('Bacillus subtilis',null),('Bicarbonato de potasio','2 KHCO3 → K2CO3 + CO2 + H2O'),('Ácido peracético','CH3CO3H'),('Peróxido de hidrógeno','H2O2'),('Gliocladium virens',null)
,('Pineno','C10H16'),('Alcohol Etoxilado','C11-C13')
insert into Componente_Activo(Nombre,Fórmula_Química)
values('Tebuconazole','C16H22ClN3O')
insert into Componente_Activo(Nombre,Fórmula_Química)
values('Cipermetrina','C22H19Cl2NO3')
insert into Componente_Activo(Nombre,Fórmula_Química)
values('Trifluralina','C13H16F3N3O4')
insert into Componente_Activo(Nombre,Fórmula_Química)
values('Nitrogeno','N')
insert into Componente_Activo(Nombre,Fórmula_Química)
values('Dimetilamina','(CH3)2NH')

---Familia
select*from [Familia]
insert into [Familia](Nombre,Descripción)
values('Fertilizantes','Sustancias que facilitan el crecimiento de los cultivos y jardines'),
('Fungicida','Sustancias tóxicas que impiden el crecimiento o eliminar los hongos y mohos perjudiciales.')
,('Herbicida','Producto que se utiliza para interrumpir el desarrollo de plantas indeseadas(malas hierbas)'),
('Insecticida','Compuesto químico utilizado para matar insectos.'),
('Semillas','Cuerpos que forman parte del fruto que da origen a una nueva planta.'),
('Coadyuvante','Sustancia que se agrega al tanque de pulverización y separada del pesticida para mejorar su rendimiento.')

---Proveedor 
select*from Proveedor
insert into Proveedor(Nombre,RFC,[E-Mail])
values('Agroindustrias Martel','AGM790923QW3','ContactoAgroindustrias@Martel.com')
insert into Proveedor(Nombre,RFC,[E-Mail])
values('Celuz Agro','CEA170612DF6','ventas@celuz.mx')
insert into Proveedor(Nombre,RFC,[E-Mail])
values('Agricola de León','AGL980312GL9','ContactoVentas@agleón.mx')
insert into Proveedor(Nombre,RFC,[E-Mail])
values('Agricola del Sur','ASU021014ZM4','ventas@agricoladelsur.com')


---Etiqueta de Peligro
select*from Etiqueta_Peligro
insert into Etiqueta_Peligro(Simbolo,Nombre_Peligro)
values('E','Explosivo')
insert into Etiqueta_Peligro(Simbolo,Nombre_Peligro)
values('O ','Comburente')
insert into Etiqueta_Peligro(Simbolo,Nombre_Peligro)
values('F ','Fácilmente inflamable')
insert into Etiqueta_Peligro(Simbolo,Nombre_Peligro)
values('F+','Extremadamente inflamable')
insert into Etiqueta_Peligro(Simbolo,Nombre_Peligro)
values('T','Tóxico')
insert into Etiqueta_Peligro(Simbolo,Nombre_Peligro)
values('T+',' Muy tóxico')
insert into Etiqueta_Peligro(Simbolo,Nombre_Peligro)
values('Xn','Nocivo')
insert into Etiqueta_Peligro(Simbolo,Nombre_Peligro)
values('Xi','Irritante')
insert into Etiqueta_Peligro(Simbolo,Nombre_Peligro)
values('C','Corrosivo')
insert into Etiqueta_Peligro(Simbolo,Nombre_Peligro)
values('N','Peligroso para el medio ambiente')

---Producto
select*from Producto
insert into Producto(Nombre,ID_ComponenteActivo,ID_Familia,ID_Proveedor,Punto_de_reorden)
values('IMPIDE',3,39,2,25)
insert into Producto(Nombre,ID_ComponenteActivo,ID_Familia,ID_Proveedor,Punto_de_reorden)
values('SoilBuilder',5,45,2,14)
insert into Producto(Nombre,ID_ComponenteActivo,ID_Familia,ID_Proveedor,Punto_de_reorden)
values('Cebada Orchesta',null,42,4,40)
insert into Producto(Nombre,ID_ComponenteActivo,ID_Familia,ID_Proveedor,Punto_de_reorden)
values('Solaris Bio 250 EW',12,30,3,12)
insert into Producto(Nombre,ID_ComponenteActivo,ID_Familia,ID_Proveedor,Punto_de_reorden)
values('CYNOFF® 40 WP',13,39,4,16)
insert into Producto(Nombre,ID_ComponenteActivo,ID_Familia,ID_Proveedor,Punto_de_reorden)
values('OxiCure',8,33,3,23)
insert into Producto(Nombre,ID_ComponenteActivo,ID_Familia,ID_Proveedor,Punto_de_reorden)
values('Nutrileaf',3,30,3,18)
insert into Producto(Nombre,ID_ComponenteActivo,ID_Familia,ID_Proveedor,Punto_de_reorden)
values('OROCIT',11,45,1,25)
insert into Producto(Nombre,ID_ComponenteActivo,ID_Familia,ID_Proveedor,Punto_de_reorden)
values('TRILOGY',4,39,2,23)
insert into Producto(Nombre,ID_ComponenteActivo,ID_Familia,ID_Proveedor,Punto_de_reorden)
values('Triflurex 48 EC',14,36,1,31)
insert into Producto(Nombre,ID_ComponenteActivo,ID_Familia,ID_Proveedor,Punto_de_reorden)
values('PHC® MilStop Plus®',6,33,2,15)
insert into Producto(Nombre,ID_ComponenteActivo,ID_Familia,ID_Proveedor,Punto_de_reorden)
values('Maíz Superbia',null,42,4,53)
insert into Producto(Nombre,ID_ComponenteActivo,ID_Familia,ID_Proveedor,Punto_de_reorden)
values('NITRO BLEND®',15,30,1,23)
insert into Producto(Nombre,ID_ComponenteActivo,ID_Familia,ID_Proveedor,Punto_de_reorden)
values('XenTari DF',5,39,2,18)
insert into Producto(Nombre,ID_ComponenteActivo,ID_Familia,ID_Proveedor,Punto_de_reorden)
values('Sorgo Ascoli',null,42,1,210)
insert into Producto(Nombre,ID_ComponenteActivo,ID_Familia,ID_Proveedor,Punto_de_reorden)
values('PFR-97',2,39,4,16)
insert into Producto(Nombre,ID_ComponenteActivo,ID_Familia,ID_Proveedor,Punto_de_reorden)
values('GESAPRIM® AUTOSUSPENSIBLE',10,36,3,24)
insert into Producto(Nombre,ID_ComponenteActivo,ID_Familia,ID_Proveedor,Punto_de_reorden)
values('Trigo Blando Bonifacio',null,42,3,15)
insert into Producto(Nombre,ID_ComponenteActivo,ID_Familia,ID_Proveedor,Punto_de_reorden)
values('Javelin® WG',2,39,2,29)
insert into Producto(Nombre,ID_ComponenteActivo,ID_Familia,ID_Proveedor,Punto_de_reorden)
values('ECO-FILM',10,45,1,15)
insert into Producto(Nombre,ID_ComponenteActivo,ID_Familia,ID_Proveedor,Punto_de_reorden)
values('CELL FORCE MAX',12,30,4,25)
insert into Producto(Nombre,ID_ComponenteActivo,ID_Familia,ID_Proveedor,Punto_de_reorden)
values('PROMISE',7,45,4,17)
insert into Producto(Nombre,ID_ComponenteActivo,ID_Familia,ID_Proveedor,Punto_de_reorden)
values('Kocide® 2000',4,33,2,34)
insert into Producto(Nombre,ID_ComponenteActivo,ID_Familia,ID_Proveedor,Punto_de_reorden)
values('FAENA ® FUERTE 360',3,36,1,37)
insert into Producto(Nombre,ID_ComponenteActivo,ID_Familia,ID_Proveedor,Punto_de_reorden)
values('AZA-Direct 1.2 CE',1,39,2,34)
insert into Producto(Nombre,ID_ComponenteActivo,ID_Familia,ID_Proveedor,Punto_de_reorden)
values('Paso D',16,36,1,38)
insert into Producto(Nombre,ID_ComponenteActivo,ID_Familia,ID_Proveedor,Punto_de_reorden)
values('Remolacha Maressa',null,42,3,30)

---Tipo entrega
select*from TipoEntrega
insert into TipoEntrega(Nombre,Descripción)
values('A Domicilio','El producto se entrega en el domicilio o campo donde se utilizará el producto.')
insert into TipoEntrega(Nombre,Descripción)
values('En CEDIS','El cliente recoge directamente del CEDIS el producto comprado cuando no se tienen unidades en sucursal.')
insert into TipoEntrega(Nombre,Descripción)
values('En Sucursal','El cliente recoge el producto comprado en sucursal si hay unidades en existencia.')

---Presentación
select UPC,PrecioUnitarioActual from Presentación inner join Dimensión on Dimensión.ID=Presentación.ID_Dimensión
select p.ID,p.Nombre,f.Nombre,pr.Nombre from Producto p inner join Familia f on f.ID=p.ID_Familia inner join Proveedor pr on pr.ID=p.ID_Proveedor

insert into Presentación(ID_Base,ID_Dimensión,PrecioUnitarioActual,[Volumen(dm3)],UPC)
values(1,5,$1420,10,754165146475)
insert into Presentación(ID_Base,ID_Dimensión,PrecioUnitarioActual,[Volumen(dm3)],UPC)
values(1,17,$890,6,754165106575)
insert into Presentación(ID_Base,ID_Dimensión,PrecioUnitarioActual,[Volumen(dm3)],UPC)
values(2,5,$1564,10,186865883233)
insert into Presentación(ID_Base,ID_Dimensión,PrecioUnitarioActual,[Volumen(dm3)],UPC)
values(2,11,$2820,20,186865765893)
insert into Presentación(ID_Base,ID_Dimensión,PrecioUnitarioActual,[Volumen(dm3)],UPC)
values(3,7,$540,null,739251063190)
insert into Presentación(ID_Base,ID_Dimensión,PrecioUnitarioActual,[Volumen(dm3)],UPC)
values(3,8,$790,null,739251629190)
insert into Presentación(ID_Base,ID_Dimensión,PrecioUnitarioActual,[Volumen(dm3)],UPC)
values(4,10,$250,0.250,169567843823)
insert into Presentación(ID_Base,ID_Dimensión,PrecioUnitarioActual,[Volumen(dm3)],UPC)
values(4,3,$640,1,169567943823)
insert into Presentación(ID_Base,ID_Dimensión,PrecioUnitarioActual,[Volumen(dm3)],UPC)
values(5,14,$900,null,752229106791)
insert into Presentación(ID_Base,ID_Dimensión,PrecioUnitarioActual,[Volumen(dm3)],UPC)
values(5,12,$1679,1.65,752229872791)
insert into Presentación(ID_Base,ID_Dimensión,PrecioUnitarioActual,[Volumen(dm3)],UPC)
values(6,3,$217,1,144844572326)
insert into Presentación(ID_Base,ID_Dimensión,PrecioUnitarioActual,[Volumen(dm3)],UPC)
values(7,7,$774,4,760803117475)
insert into Presentación(ID_Base,ID_Dimensión,PrecioUnitarioActual,[Volumen(dm3)],UPC)
values(8,5,$532,10,180160717042)
insert into Presentación(ID_Base,ID_Dimensión,PrecioUnitarioActual,[Volumen(dm3)],UPC)
values(8,13,$170,3.73,180160089042)
insert into Presentación(ID_Base,ID_Dimensión,PrecioUnitarioActual,[Volumen(dm3)],UPC)
values(9,3,$900,1,172670665286)
insert into Presentación(ID_Base,ID_Dimensión,PrecioUnitarioActual,[Volumen(dm3)],UPC)
values(9,19,$2736,9.46,129303147829)
insert into Presentación(ID_Base,ID_Dimensión,PrecioUnitarioActual,[Volumen(dm3)],UPC)
values(10,3,$120,1,756803428345)
insert into Presentación(ID_Base,ID_Dimensión,PrecioUnitarioActual,[Volumen(dm3)],UPC)
values(10,5,$744,10,756800548345)
insert into Presentación(ID_Base,ID_Dimensión,PrecioUnitarioActual,[Volumen(dm3)],UPC)
values(11,2,$296,1,171247017183)
insert into Presentación(ID_Base,ID_Dimensión,PrecioUnitarioActual,[Volumen(dm3)],UPC)
values(11,15,$90,null,171247502183)
insert into Presentación(ID_Base,ID_Dimensión,PrecioUnitarioActual,[Volumen(dm3)],UPC)
values(12,15,$9,null,711255919464)
insert into Presentación(ID_Base,ID_Dimensión,PrecioUnitarioActual,[Volumen(dm3)],UPC)
values(12,8,$360,null,711232159464)
insert into Presentación(ID_Base,ID_Dimensión,PrecioUnitarioActual,[Volumen(dm3)],UPC)
values(13,11,$1120,20,190959722260)
insert into Presentación(ID_Base,ID_Dimensión,PrecioUnitarioActual,[Volumen(dm3)],UPC)
values(13,5,$645,10,190959243160)
insert into Presentación(ID_Base,ID_Dimensión,PrecioUnitarioActual,[Volumen(dm3)],UPC)
values(14,12,$300,4,776954606417)
insert into Presentación(ID_Base,ID_Dimensión,PrecioUnitarioActual,[Volumen(dm3)],UPC)
values(15,8,$2346,32,199910640299)
insert into Presentación(ID_Base,ID_Dimensión,PrecioUnitarioActual,[Volumen(dm3)],UPC)
values(15,2,$100,3,199900210299)
insert into Presentación(ID_Base,ID_Dimensión,PrecioUnitarioActual,[Volumen(dm3)],UPC)
values(16,4,$121,3,775845546653)
insert into Presentación(ID_Base,ID_Dimensión,PrecioUnitarioActual,[Volumen(dm3)],UPC)
values(17,3,$379,1,190036470253)
insert into Presentación(ID_Base,ID_Dimensión,PrecioUnitarioActual,[Volumen(dm3)],UPC)
values(18,8,$3400,12,133511834602)
insert into Presentación(ID_Base,ID_Dimensión,PrecioUnitarioActual,[Volumen(dm3)],UPC)
values(19,2,$723.93,3,155864423261)
insert into Presentación(ID_Base,ID_Dimensión,PrecioUnitarioActual,[Volumen(dm3)],UPC)
values(20,3,$430,1,766376969832)
insert into Presentación(ID_Base,ID_Dimensión,PrecioUnitarioActual,[Volumen(dm3)],UPC)
values(21,19,$1114.5,4.3,132534950485)
insert into Presentación(ID_Base,ID_Dimensión,PrecioUnitarioActual,[Volumen(dm3)],UPC)
values(22,19,$238.6,4.3,130494031901)
insert into Presentación(ID_Base,ID_Dimensión,PrecioUnitarioActual,[Volumen(dm3)],UPC)
values(23,2,$356,2,767163568952)
insert into Presentación(ID_Base,ID_Dimensión,PrecioUnitarioActual,[Volumen(dm3)],UPC)
values(23,9,$789.3,4,767112048952)
insert into Presentación(ID_Base,ID_Dimensión,PrecioUnitarioActual,[Volumen(dm3)],UPC)
values(24,5,$1555,10,799076751480)
insert into Presentación(ID_Base,ID_Dimensión,PrecioUnitarioActual,[Volumen(dm3)],UPC)
values(24,3,$168.5,1.5,799120351480)
insert into Presentación(ID_Base,ID_Dimensión,PrecioUnitarioActual,[Volumen(dm3)],UPC)
values(25,3,$243.5,1.3,713767063950)
insert into Presentación(ID_Base,ID_Dimensión,PrecioUnitarioActual,[Volumen(dm3)],UPC)
values(26,3,$139.4,1.6,757704328277)
insert into Presentación(ID_Base,ID_Dimensión,PrecioUnitarioActual,[Volumen(dm3)],UPC)
values(26,5,$2134.5,10,757780878277)
insert into Presentación(ID_Base,ID_Dimensión,PrecioUnitarioActual,[Volumen(dm3)],UPC)
values(27,12,$54,.3,159335575944)
insert into Presentación(ID_Base,ID_Dimensión,PrecioUnitarioActual,[Volumen(dm3)],UPC)
values(27,8,$980.4,10,159302415944)

---Precio Historico 
select * from (select ROW_NUMBER()over(partition by UPC_Producto order by Fecha_Actualización) as [Orden], UPC_Producto,format(Fecha_Actualización,'dd/MM/yyyy') as Fecha,Precio_Venta
from Historico_Ventas ) Tp where UPC_Producto=130494031901 order by UPC_Producto,Orden desc
select*from Presentación_Precio

insert into Historico_Ventas(UPC_Producto,Fecha_Actualización,Hora_Actualización,Precio_Venta)
values(799120351480,'04-03-2017',(select*from Hora),$161.3)
insert into Historico_Ventas(UPC_Producto,Fecha_Actualización,Hora_Actualización,Precio_Venta)
values(799120351480,'08-13-2017',(select*from Hora),$163.5)

insert into Historico_Ventas(UPC_Producto,Fecha_Actualización,Hora_Actualización,Precio_Venta)
values(799076751480,'04-15-2017',(select*from Hora),$13222)
insert into Historico_Ventas(UPC_Producto,Fecha_Actualización,Hora_Actualización,Precio_Venta)
values(799076751480,'01-03-2018',(select*from Hora),$1325.2)
insert into Historico_Ventas(UPC_Producto,Fecha_Actualización,Hora_Actualización,Precio_Venta)
values(799076751480,'11-30-2018',(select*from Hora),$1328.5)

insert into Historico_Ventas(UPC_Producto,Fecha_Actualización,Hora_Actualización,Precio_Venta)
values(129303147829,'04-02-2017',(select*from Hora),$2733.50)
insert into Historico_Ventas(UPC_Producto,Fecha_Actualización,Hora_Actualización,Precio_Venta)
values(129303147829,'10-08-2018',(select*from Hora),$2735.50)

insert into Historico_Ventas(UPC_Producto,Fecha_Actualización,Hora_Actualización,Precio_Venta)
values(130494031901,'04-16-2017',(select*from Hora),$234.7)
insert into Historico_Ventas(UPC_Producto,Fecha_Actualización,Hora_Actualización,Precio_Venta)
values(130494031901,'07-20-2017',(select*from Hora),$236.5)
insert into Historico_Ventas(UPC_Producto,Fecha_Actualización,Hora_Actualización,Precio_Venta)
values(130494031901,'11-04-2018',(select*from Hora),$237)

insert into Historico_Ventas(UPC_Producto,Fecha_Actualización,Hora_Actualización,Precio_Venta)
values(132534950485,'04-13-2017',(select*from Hora),$)
insert into Historico_Ventas(UPC_Producto,Fecha_Actualización,Hora_Actualización,Precio_Venta)
values(132534950485,'10-27-2018',(select*from Hora),$)

insert into Historico_Ventas(UPC_Producto,Fecha_Actualización,Hora_Actualización,Precio_Venta)
values(133511834602,'04-10-2017',(select*from Hora),$3993.50)
insert into Historico_Ventas(UPC_Producto,Fecha_Actualización,Hora_Actualización,Precio_Venta)
values(133511834602,'07-21-2017',(select*from Hora),$3996.6)
insert into Historico_Ventas(UPC_Producto,Fecha_Actualización,Hora_Actualización,Precio_Venta)
values(133511834602,'03-27-2018',(select*from Hora),$3400)

insert into Historico_Ventas(UPC_Producto,Fecha_Actualización,Hora_Actualización,Precio_Venta)
values(144844572326,'04-17-2017',(select*from Hora),$213.50)
insert into Historico_Ventas(UPC_Producto,Fecha_Actualización,Hora_Actualización,Precio_Venta)
values(144844572326,'11-26-2017',(select*from Hora),$214.5)
insert into Historico_Ventas(UPC_Producto,Fecha_Actualización,Hora_Actualización,Precio_Venta)
values(144844572326,'06-15-2018',(select*from Hora),$216)

insert into Historico_Ventas(UPC_Producto,Fecha_Actualización,Hora_Actualización,Precio_Venta)
values(155864423261,'04-16-2017',(select*from Hora),$718.4)
insert into Historico_Ventas(UPC_Producto,Fecha_Actualización,Hora_Actualización,Precio_Venta)
values(155864423261,'12-04-2017',(select*from Hora),$721)

insert into Historico_Ventas(UPC_Producto,Fecha_Actualización,Hora_Actualización,Precio_Venta)
values(159302415944,'04-18-2017',(select*from Hora),$974.5)
insert into Historico_Ventas(UPC_Producto,Fecha_Actualización,Hora_Actualización,Precio_Venta)
values(159302415944,'09-25-2017',(select*from Hora),$976.8)
insert into Historico_Ventas(UPC_Producto,Fecha_Actualización,Hora_Actualización,Precio_Venta)
values(159302415944,'05-18-2018',(select*from Hora),$979.00)

insert into Historico_Ventas(UPC_Producto,Fecha_Actualización,Hora_Actualización,Precio_Venta)
values(159335575944,'04-19-2017',(select*from Hora),$51.5)
insert into Historico_Ventas(UPC_Producto,Fecha_Actualización,Hora_Actualización,Precio_Venta)
values(159335575944,'12-20-2017',(select*from Hora),$52.00)
insert into Historico_Ventas(UPC_Producto,Fecha_Actualización,Hora_Actualización,Precio_Venta)
values(159335575944,'07-12-2018',(select*from Hora),$53.3)

insert into Historico_Ventas(UPC_Producto,Fecha_Actualización,Hora_Actualización,Precio_Venta)
values(169567843823,'05-27-2017',(select*from Hora),$246.5)
insert into Historico_Ventas(UPC_Producto,Fecha_Actualización,Hora_Actualización,Precio_Venta)
values(169567843823,'02-17-2018',(select*from Hora),$248.7)

insert into Historico_Ventas(UPC_Producto,Fecha_Actualización,Hora_Actualización,Precio_Venta)
values(169567943823,'04-28-2017',(select*from Hora),$634.3)
insert into Historico_Ventas(UPC_Producto,Fecha_Actualización,Hora_Actualización,Precio_Venta)
values(169567943823,'12-27-2017',(select*from Hora),$637.6)
insert into Historico_Ventas(UPC_Producto,Fecha_Actualización,Hora_Actualización,Precio_Venta)
values(169567943823,'04-28-2018',(select*from Hora),$638.5)

insert into Historico_Ventas(UPC_Producto,Fecha_Actualización,Hora_Actualización,Precio_Venta)
values(171247017183,'04-29-2017',(select*from Hora),$290.3)
insert into Historico_Ventas(UPC_Producto,Fecha_Actualización,Hora_Actualización,Precio_Venta)
values(171247017183,'11-21-2017',(select*from Hora),$293.5)
insert into Historico_Ventas(UPC_Producto,Fecha_Actualización,Hora_Actualización,Precio_Venta)
values(171247017183,'09-24-2018',(select*from Hora),$294.4)

insert into Historico_Ventas(UPC_Producto,Fecha_Actualización,Hora_Actualización,Precio_Venta)
values(171247502183,'04-12-2017',(select*from Hora),$87.5)
insert into Historico_Ventas(UPC_Producto,Fecha_Actualización,Hora_Actualización,Precio_Venta)
values(171247502183,'12-21-2017',(select*from Hora),$88.5)

insert into Historico_Ventas(UPC_Producto,Fecha_Actualización,Hora_Actualización,Precio_Venta)
values(172670665286,'05-05-2017',(select*from Hora),$894.5)
insert into Historico_Ventas(UPC_Producto,Fecha_Actualización,Hora_Actualización,Precio_Venta)
values(172670665286,'10-02-2017',(select*from Hora),$896.7)
insert into Historico_Ventas(UPC_Producto,Fecha_Actualización,Hora_Actualización,Precio_Venta)
values(172670665286,'01-14-2018',(select*from Hora),$898.2)

insert into Historico_Ventas(UPC_Producto,Fecha_Actualización,Hora_Actualización,Precio_Venta)
values(180160089042,'04-23-2017',(select*from Hora),$167.5)
insert into Historico_Ventas(UPC_Producto,Fecha_Actualización,Hora_Actualización,Precio_Venta)
values(180160089042,'07-24-2017',(select*from Hora),$168.4)

insert into Historico_Ventas(UPC_Producto,Fecha_Actualización,Hora_Actualización,Precio_Venta)
values(180160717042,'05-26-2017',(select*from Hora),$528.6)
insert into Historico_Ventas(UPC_Producto,Fecha_Actualización,Hora_Actualización,Precio_Venta)
values(180160717042,'08-13-2017',(select*from Hora),$529.2)
insert into Historico_Ventas(UPC_Producto,Fecha_Actualización,Hora_Actualización,Precio_Venta)
values(180160717042,'04-02-2018',(select*from Hora),$531)

insert into Historico_Ventas(UPC_Producto,Fecha_Actualización,Hora_Actualización,Precio_Venta)
values(186865765893,'05-10-2017',(select*from Hora),$2817.3)
insert into Historico_Ventas(UPC_Producto,Fecha_Actualización,Hora_Actualización,Precio_Venta)
values(186865765893,'02-05-2018',(select*from Hora),$2819.5)

insert into Historico_Ventas(UPC_Producto,Fecha_Actualización,Hora_Actualización,Precio_Venta)
values(186865883233,'04-12-2017',(select*from Hora),$1561.2)
insert into Historico_Ventas(UPC_Producto,Fecha_Actualización,Hora_Actualización,Precio_Venta)
values(186865883233,'10-27-2017',(select*from Hora),$1562.5)
insert into Historico_Ventas(UPC_Producto,Fecha_Actualización,Hora_Actualización,Precio_Venta)
values(186865883233,'10-21-2018',(select*from Hora),$1563)

insert into Historico_Ventas(UPC_Producto,Fecha_Actualización,Hora_Actualización,Precio_Venta)
values(190036470253,'04-22-2017',(select*from Hora),$375.4)
insert into Historico_Ventas(UPC_Producto,Fecha_Actualización,Hora_Actualización,Precio_Venta)
values(190036470253,'09-29-2018',(select*from Hora),$377.4)


insert into Historico_Ventas(UPC_Producto,Fecha_Actualización,Hora_Actualización,Precio_Venta)
values(190959243160,'05-12-2017',(select*from Hora),$642)
insert into Historico_Ventas(UPC_Producto,Fecha_Actualización,Hora_Actualización,Precio_Venta)
values(190959243160,'12-21-2017',(select*from Hora),$643.5)
insert into Historico_Ventas(UPC_Producto,Fecha_Actualización,Hora_Actualización,Precio_Venta)
values(190959243160,'06-03-2018',(select*from Hora),$644.2)

insert into Historico_Ventas(UPC_Producto,Fecha_Actualización,Hora_Actualización,Precio_Venta)
values(199900210299,'04-10-2017',(select*from Hora),$96.5)
insert into Historico_Ventas(UPC_Producto,Fecha_Actualización,Hora_Actualización,Precio_Venta)
values(199900210299,'02-15-2018',(select*from Hora),$98.00)

insert into Historico_Ventas(UPC_Producto,Fecha_Actualización,Hora_Actualización,Precio_Venta)
values(199910640299,'04-16-2017',(select*from Hora),$2341.6)
insert into Historico_Ventas(UPC_Producto,Fecha_Actualización,Hora_Actualización,Precio_Venta)
values(199910640299,'03-28-2018',(select*from Hora),$2344.5)

insert into Historico_Ventas(UPC_Producto,Fecha_Actualización,Hora_Actualización,Precio_Venta)
values(711232159464,'05-01-2017',(select*from Hora),$354.3)
insert into Historico_Ventas(UPC_Producto,Fecha_Actualización,Hora_Actualización,Precio_Venta)
values(711232159464,'12-02-2017',(select*from Hora),$356.4)
insert into Historico_Ventas(UPC_Producto,Fecha_Actualización,Hora_Actualización,Precio_Venta)
values(711232159464,'11-05-2018',(select*from Hora),$358.00)

insert into Historico_Ventas(UPC_Producto,Fecha_Actualización,Hora_Actualización,Precio_Venta)
values(711255919464,'04-03-2017',(select*from Hora),$7.6)
insert into Historico_Ventas(UPC_Producto,Fecha_Actualización,Hora_Actualización,Precio_Venta)
values(711255919464,'03-27-2018',(select*from Hora),$8.00)

insert into Historico_Ventas(UPC_Producto,Fecha_Actualización,Hora_Actualización,Precio_Venta)
values(713767063950,'05-17-2017',(select*from Hora),$238.4)
insert into Historico_Ventas(UPC_Producto,Fecha_Actualización,Hora_Actualización,Precio_Venta)
values(713767063950,'10-12-2017',(select*from Hora),$239)
insert into Historico_Ventas(UPC_Producto,Fecha_Actualización,Hora_Actualización,Precio_Venta)
values(713767063950,'03-05-2018',(select*from Hora),$242.5)

insert into Historico_Ventas(UPC_Producto,Fecha_Actualización,Hora_Actualización,Precio_Venta)
values(739251063190,'04-20-2017',(select*from Hora),$534.5)
insert into Historico_Ventas(UPC_Producto,Fecha_Actualización,Hora_Actualización,Precio_Venta)
values(739251063190,'01-17-2018',(select*from Hora),$538.2)

insert into Historico_Ventas(UPC_Producto,Fecha_Actualización,Hora_Actualización,Precio_Venta)
values(739251629190,'04-12-2017',(select*from Hora),$785.6)
insert into Historico_Ventas(UPC_Producto,Fecha_Actualización,Hora_Actualización,Precio_Venta)
values(739251629190,'02-10-2018',(select*from Hora),$788.7)

insert into Historico_Ventas(UPC_Producto,Fecha_Actualización,Hora_Actualización,Precio_Venta)
values(752229106791,'05-12-2017',(select*from Hora),$893.2)
insert into Historico_Ventas(UPC_Producto,Fecha_Actualización,Hora_Actualización,Precio_Venta)
values(752229106791,'03-21-2018',(select*from Hora),$896.5)

insert into Historico_Ventas(UPC_Producto,Fecha_Actualización,Hora_Actualización,Precio_Venta)
values(752229872791,'05-02-2017',(select*from Hora),$1665.5)
insert into Historico_Ventas(UPC_Producto,Fecha_Actualización,Hora_Actualización,Precio_Venta)
values(752229872791,'06-12-2017',(select*from Hora),$1666)
insert into Historico_Ventas(UPC_Producto,Fecha_Actualización,Hora_Actualización,Precio_Venta)
values(752229872791,'11-27-2018',(select*from Hora),$1678.5)

insert into Historico_Ventas(UPC_Producto,Fecha_Actualización,Hora_Actualización,Precio_Venta)
values(754165106575,'05-12-2017',(select*from Hora),$884.3)
insert into Historico_Ventas(UPC_Producto,Fecha_Actualización,Hora_Actualización,Precio_Venta)
values(754165106575,'10-02-2017',(select*from Hora),$886.5)
insert into Historico_Ventas(UPC_Producto,Fecha_Actualización,Hora_Actualización,Precio_Venta)
values(754165106575,'08-02-2018',(select*from Hora),$888.00)

insert into Historico_Ventas(UPC_Producto,Fecha_Actualización,Hora_Actualización,Precio_Venta)
values(754165146475,'04-02-2017',(select*from Hora),$1415)
insert into Historico_Ventas(UPC_Producto,Fecha_Actualización,Hora_Actualización,Precio_Venta)
values(754165146475,'02-23-2018',(select*from Hora),$1417.4)

insert into Historico_Ventas(UPC_Producto,Fecha_Actualización,Hora_Actualización,Precio_Venta)
values(756800548345,'05-23-2017',(select*from Hora),$741.5)
insert into Historico_Ventas(UPC_Producto,Fecha_Actualización,Hora_Actualización,Precio_Venta)
values(756800548345,'10-23-2018',(select*from Hora),$743)

insert into Historico_Ventas(UPC_Producto,Fecha_Actualización,Hora_Actualización,Precio_Venta)
values(756803428345,'04-14-2017',(select*from Hora),$118)
insert into Historico_Ventas(UPC_Producto,Fecha_Actualización,Hora_Actualización,Precio_Venta)
values(756803428345,'05-18-2018',(select*from Hora),$119)

insert into Historico_Ventas(UPC_Producto,Fecha_Actualización,Hora_Actualización,Precio_Venta)
values(757704328277,'05-12-2017',(select*from Hora),$132.5)
insert into Historico_Ventas(UPC_Producto,Fecha_Actualización,Hora_Actualización,Precio_Venta)
values(757704328277,'12-23-2017',(select*from Hora),$134)

insert into Historico_Ventas(UPC_Producto,Fecha_Actualización,Hora_Actualización,Precio_Venta)
values(757780878277,'04-20-2017',(select*from Hora),$2130.4)

insert into Historico_Ventas(UPC_Producto,Fecha_Actualización,Hora_Actualización,Precio_Venta)
values(760803117475,'04-13-2017',(select*from Hora),$769.5)
insert into Historico_Ventas(UPC_Producto,Fecha_Actualización,Hora_Actualización,Precio_Venta)
values(760803117475,'10-28-2018',(select*from Hora),$771.5)

insert into Historico_Ventas(UPC_Producto,Fecha_Actualización,Hora_Actualización,Precio_Venta)
values(766376969832,'05-20-2017',(select*from Hora),$425.5)
insert into Historico_Ventas(UPC_Producto,Fecha_Actualización,Hora_Actualización,Precio_Venta)
values(766376969832,'10-12-2017',(select*from Hora),$426.4)
insert into Historico_Ventas(UPC_Producto,Fecha_Actualización,Hora_Actualización,Precio_Venta)
values(766376969832,'08-23-2018',(select*from Hora),$428)

insert into Historico_Ventas(UPC_Producto,Fecha_Actualización,Hora_Actualización,Precio_Venta)
values(767112048952,'05-12-2017',(select*from Hora),$783.5)
insert into Historico_Ventas(UPC_Producto,Fecha_Actualización,Hora_Actualización,Precio_Venta)
values(767112048952,'04-02-2018',(select*from Hora),$786)

insert into Historico_Ventas(UPC_Producto,Fecha_Actualización,Hora_Actualización,Precio_Venta)
values(767163568952,'07-02-2017',(select*from Hora),$352.5)
insert into Historico_Ventas(UPC_Producto,Fecha_Actualización,Hora_Actualización,Precio_Venta)
values(767163568952,'03-27-2018',(select*from Hora),$353)

insert into Historico_Ventas(UPC_Producto,Fecha_Actualización,Hora_Actualización,Precio_Venta)
values(775845546653,'06-16-2017',(select*from Hora),$117.5)
insert into Historico_Ventas(UPC_Producto,Fecha_Actualización,Hora_Actualización,Precio_Venta)
values(775845546653,'05-23-2018',(select*from Hora),$119.5)

insert into Historico_Ventas(UPC_Producto,Fecha_Actualización,Hora_Actualización,Precio_Venta)
values(776954606417,'04-16-2017',(select*from Hora),$294.5)
insert into Historico_Ventas(UPC_Producto,Fecha_Actualización,Hora_Actualización,Precio_Venta)
values(776954606417,'03-23-2018',(select*from Hora),$296)

insert into Historico_Ventas(UPC_Producto,Fecha_Actualización,Hora_Actualización,Precio_Venta)
values(799076751480,'05-27-2017',(select*from Hora),$1550)
insert into Historico_Ventas(UPC_Producto,Fecha_Actualización,Hora_Actualización,Precio_Venta)
values(799076751480,'06-23-2018',(select*from Hora),$1553.5)

insert into Historico_Ventas(UPC_Producto,Fecha_Actualización,Hora_Actualización,Precio_Venta)
values(799120351480,'08-12-2017',(select*from Hora),$163)
insert into Historico_Ventas(UPC_Producto,Fecha_Actualización,Hora_Actualización,Precio_Venta)
values(799120351480,'08-17-2018',(select*from Hora),$165.7)

---Peligrosidad Etiqueta
select*from Peligrosidad_Etiqueta
select*from Etiqueta_Peligro
select Producto.ID,Producto.Nombre,Familia.Nombre from Producto inner join Familia on familia.ID=Producto.ID_Familia

insert into Peligrosidad_Etiqueta(ID_Producto,ID_Etiqueta)
values(1,47)
insert into Peligrosidad_Etiqueta(ID_Producto,ID_Etiqueta)
values(1,29)
insert into PeligrosIDad_Etiqueta(ID_Producto,ID_Etiqueta)
values(2,47)
insert into PeligrosIDad_Etiqueta(ID_Producto,ID_Etiqueta)
values(4,38)
insert into PeligrosIDad_Etiqueta(ID_Producto,ID_Etiqueta)
values(4,41)
insert into PeligrosIDad_Etiqueta(ID_Producto,ID_Etiqueta)
values(5,32)
insert into PeligrosIDad_Etiqueta(ID_Producto,ID_Etiqueta)
values(5,38)
insert into PeligrosIDad_Etiqueta(ID_Producto,ID_Etiqueta)
values(6,35)
insert into PeligrosIDad_Etiqueta(ID_Producto,ID_Etiqueta)
values(8,32)
insert into PeligrosIDad_Etiqueta(ID_Producto,ID_Etiqueta)
values(8,44)
insert into PeligrosIDad_Etiqueta(ID_Producto,ID_Etiqueta)
values(9,41)
insert into PeligrosIDad_Etiqueta(ID_Producto,ID_Etiqueta)
values(9,35)
insert into PeligrosIDad_Etiqueta(ID_Producto,ID_Etiqueta)
values(10,32)
insert into PeligrosIDad_Etiqueta(ID_Producto,ID_Etiqueta)
values(11,38)
insert into PeligrosIDad_Etiqueta(ID_Producto,ID_Etiqueta)
values(13,38)
insert into PeligrosIDad_Etiqueta(ID_Producto,ID_Etiqueta)
values(13,23)
insert into PeligrosIDad_Etiqueta(ID_Producto,ID_Etiqueta)
values(14,41)
insert into PeligrosIDad_Etiqueta(ID_Producto,ID_Etiqueta)
values(16,47)
insert into PeligrosIDad_Etiqueta(ID_Producto,ID_Etiqueta)
values(17,38)
insert into PeligrosIDad_Etiqueta(ID_Producto,ID_Etiqueta)
values(17,41)
insert into PeligrosIDad_Etiqueta(ID_Producto,ID_Etiqueta)
values(19,32)
insert into PeligrosIDad_Etiqueta(ID_Producto,ID_Etiqueta)
values(19,41)
insert into PeligrosIDad_Etiqueta(ID_Producto,ID_Etiqueta)
values(20,32)
insert into PeligrosIDad_Etiqueta(ID_Producto,ID_Etiqueta)
values(20,23)
insert into PeligrosIDad_Etiqueta(ID_Producto,ID_Etiqueta)
values(21,32)
insert into PeligrosIDad_Etiqueta(ID_Producto,ID_Etiqueta)
values(22,35)
insert into PeligrosIDad_Etiqueta(ID_Producto,ID_Etiqueta)
values(23,32)
insert into PeligrosIDad_Etiqueta(ID_Producto,ID_Etiqueta)
values(24,32)
insert into PeligrosIDad_Etiqueta(ID_Producto,ID_Etiqueta)
values(24,38)
insert into PeligrosIDad_Etiqueta(ID_Producto,ID_Etiqueta)
values(25,41)
insert into PeligrosIDad_Etiqueta(ID_Producto,ID_Etiqueta)
values(26,38)
insert into PeligrosIDad_Etiqueta(ID_Producto,ID_Etiqueta)
values(26,35)

---Compra
select format(FechaCompra,'MM/dd/yyyy') from Compra order by FechaCompra
select*from Compra
select*from CEDIS
insert into Compra(ID_CEDIS,FechaCompra,HoraCompra,Folio)
values(278,'04/17/2017',(select*from Hora),1)
insert into Compra(ID_CEDIS,FechaCompra,HoraCompra,Folio)
values(262,'04/23/2017',(select*from Hora),2)
insert into Compra(ID_CEDIS,FechaCompra,HoraCompra,Folio)
values(262,'04/27/2017',(select*from Hora),3)
insert into Compra(ID_CEDIS,FechaCompra,HoraCompra,Folio)
values(250,'05/06/2017',(select*from Hora),4)
insert into Compra(ID_CEDIS,FechaCompra,HoraCompra,Folio)
values(258,'05/10/2017',(select*from Hora),5)
insert into Compra(ID_CEDIS,FechaCompra,HoraCompra,Folio)
values(258,'05/15/2017',(select*from Hora),6)
insert into Compra(ID_CEDIS,FechaCompra,HoraCompra,Folio)
values(250,'06/08/2017',(select*from Hora),7)
insert into Compra(ID_CEDIS,FechaCompra,HoraCompra,Folio)
values(294,'06/10/2017',(select*from Hora),8)
insert into Compra(ID_CEDIS,FechaCompra,HoraCompra,Folio)
values(286,'06/12/2017',(select*from Hora),9)
insert into Compra(ID_CEDIS,FechaCompra,HoraCompra,Folio)
values(270,'06/23/2017',(select*from Hora),10)

insert into Compra(ID_CEDIS,FechaCompra,HoraCompra,Folio)
values(294,'07/16/2017',(select*from Hora),11)
insert into Compra(ID_CEDIS,FechaCompra,HoraCompra,Folio)
values(298,'07/20/2017',(select*from Hora),12)
insert into Compra(ID_CEDIS,FechaCompra,HoraCompra,Folio)
values(250,'07/27/2017',(select*from Hora),13)
insert into Compra(ID_CEDIS,FechaCompra,HoraCompra,Folio)
values(270,'08/17/2017',(select*from Hora),14)
insert into Compra(ID_CEDIS,FechaCompra,HoraCompra,Folio)
values(278,'08/17/2017',(select*from Hora),15)
insert into Compra(ID_CEDIS,FechaCompra,HoraCompra,Folio)
values(286,'08/26/2017',(select*from Hora),16)
insert into Compra(ID_CEDIS,FechaCompra,HoraCompra,Folio)
values(262,'08/28/2017',(select*from Hora),17)
insert into Compra(ID_CEDIS,FechaCompra,HoraCompra,Folio)
values(294,'09/13/2017',(select*from Hora),18)
insert into Compra(ID_CEDIS,FechaCompra,HoraCompra,Folio)
values(270,'09/23/2017',(select*from Hora),19)
insert into Compra(ID_CEDIS,FechaCompra,HoraCompra,Folio)
values(298,'09/26/2017',(select*from Hora),20)

insert into Compra(ID_CEDIS,FechaCompra,HoraCompra,Folio)
values(294,'10/03/2017',(select*from Hora),21)
insert into Compra(ID_CEDIS,FechaCompra,HoraCompra,Folio)
values(286,'10/06/2017',(select*from Hora),22)
insert into Compra(ID_CEDIS,FechaCompra,HoraCompra,Folio)
values(278,'10/26/2017',(select*from Hora),23)
insert into Compra(ID_CEDIS,FechaCompra,HoraCompra,Folio)
values(250,'10/30/2017',(select*from Hora),24)
insert into Compra(ID_CEDIS,FechaCompra,HoraCompra,Folio)
values(278,'11/04/2017',(select*from Hora),25)
insert into Compra(ID_CEDIS,FechaCompra,HoraCompra,Folio)
values(270,'11/14/2017',(select*from Hora),26)
insert into Compra(ID_CEDIS,FechaCompra,HoraCompra,Folio)
values(250,'11/15/2017',(select*from Hora),27)
insert into Compra(ID_CEDIS,FechaCompra,HoraCompra,Folio)
values(298,'11/15/2017',(select*from Hora),28)
insert into Compra(ID_CEDIS,FechaCompra,HoraCompra,Folio)
values(294,'11/23/2017',(select*from Hora),29)
insert into Compra(ID_CEDIS,FechaCompra,HoraCompra,Folio)
values(250,'12/01/2017',(select*from Hora),30)

insert into Compra(ID_CEDIS,FechaCompra,HoraCompra,Folio)
values(258,'12/17/2017',(select*from Hora),31)
insert into Compra(ID_CEDIS,FechaCompra,HoraCompra,Folio)
values(286,'12/21/2017',(select*from Hora),32)
insert into Compra(ID_CEDIS,FechaCompra,HoraCompra,Folio)
values(294,'01/08/2018',(select*from Hora),33)
insert into Compra(ID_CEDIS,FechaCompra,HoraCompra,Folio)
values(270,'01/14/2018',(select*from Hora),34)
insert into Compra(ID_CEDIS,FechaCompra,HoraCompra,Folio)
values(270,'01/17/2018',(select*from Hora),35)
insert into Compra(ID_CEDIS,FechaCompra,HoraCompra,Folio)
values(298,'02/02/2018',(select*from Hora),36)
insert into Compra(ID_CEDIS,FechaCompra,HoraCompra,Folio)
values(258,'03/07/2018',(select*from Hora),37)
insert into Compra(ID_CEDIS,FechaCompra,HoraCompra,Folio)
values(250,'03/22/2018',(select*from Hora),38)

insert into Compra(ID_CEDIS,FechaCompra,HoraCompra,Folio)
values(278,'04/01/2018',(select*from Hora),39)
insert into Compra(ID_CEDIS,FechaCompra,HoraCompra,Folio)
values(298,'04/06/2018',(select*from Hora),40)
insert into Compra(ID_CEDIS,FechaCompra,HoraCompra,Folio)
values(250,'05/03/2018',(select*from Hora),41)
insert into Compra(ID_CEDIS,FechaCompra,HoraCompra,Folio)
values(250,'06/04/2018',(select*from Hora),42)
insert into Compra(ID_CEDIS,FechaCompra,HoraCompra,Folio)
values(298,'06/29/2018',(select*from Hora),43)
insert into Compra(ID_CEDIS,FechaCompra,HoraCompra,Folio)
values(270,'07/23/2018',(select*from Hora),44)
insert into Compra(ID_CEDIS,FechaCompra,HoraCompra,Folio)
values(298,'07/27/2018',(select*from Hora),45)
insert into Compra(ID_CEDIS,FechaCompra,HoraCompra,Folio)
values(262,'08/02/2018',(select*from Hora),46)

insert into Compra(ID_CEDIS,FechaCompra,HoraCompra,Folio)
values(294,'08/25/2018',(select*from Hora),47)
insert into Compra(ID_CEDIS,FechaCompra,HoraCompra,Folio)
values(270,'09/01/2018',(select*from Hora),48)
insert into Compra(ID_CEDIS,FechaCompra,HoraCompra,Folio)
values(258,'09/02/2018',(select*from Hora),49)
insert into Compra(ID_CEDIS,FechaCompra,HoraCompra,Folio)
values(278,'10/03/2018',(select*from Hora),50)
insert into Compra(ID_CEDIS,FechaCompra,HoraCompra,Folio)
values(294,'10/27/2018',(select*from Hora),51)
insert into Compra(ID_CEDIS,FechaCompra,HoraCompra,Folio)
values(286,'10/28/2018',(select*from Hora),52)
insert into Compra(ID_CEDIS,FechaCompra,HoraCompra,Folio)
values(262,'11/05/2018',(select*from Hora),53)


---Venta
select format(Fecha,'MM/dd/yyyy') from Venta order by Fecha
select ID_Sucursal from Venta order by Folio

insert into Venta(Folio,ID_Cliente,ID_Sucursal,ID_Entrega,Fecha,Hora)
values(1,140,254,3,'05/02/2017',(select*from Hora))
insert into Venta(Folio,ID_Cliente,ID_Sucursal,ID_Entrega,Fecha,Hora)
values(2,124,310,1,'05/12/2017',(select*from Hora))
insert into Venta(Folio,ID_Cliente,ID_Sucursal,ID_Entrega,Fecha,Hora)
values(3,124,310,1,'05/12/2017',(select*from Hora))
insert into Venta(Folio,ID_Cliente,ID_Sucursal,ID_Entrega,Fecha,Hora)
values(4,124,314,3,'05/15/2017',(select*from Hora))
insert into Venta(Folio,ID_Cliente,ID_Sucursal,ID_Entrega,Fecha,Hora)
values(5,104,266,2,'05/16/2017',(select*from Hora))
insert into Venta(Folio,ID_Cliente,ID_Sucursal,ID_Entrega,Fecha,Hora)
values(6,116,282,1,'05/26/2017',(select*from Hora))
insert into Venta(Folio,ID_Cliente,ID_Sucursal,ID_Entrega,Fecha,Hora)
values(7,136,302,2,'06/07/2017',(select*from Hora))
insert into Venta(Folio,ID_Cliente,ID_Sucursal,ID_Entrega,Fecha,Hora)
values(8,152,314,1,'06/27/2017',(select*from Hora))
insert into Venta(Folio,ID_Cliente,ID_Sucursal,ID_Entrega,Fecha,Hora)
values(9,164,254,3,'06/27/2017',(select*from Hora))
insert into Venta(Folio,ID_Cliente,ID_Sucursal,ID_Entrega,Fecha,Hora)
values(10,164,254,1,'07/05/2017',(select*from Hora))

insert into Venta(Folio,ID_Cliente,ID_Sucursal,ID_Entrega,Fecha,Hora)
values(12,104,314,3,'07/13/2017',(select*from Hora))
insert into Venta(Folio,ID_Cliente,ID_Sucursal,ID_Entrega,Fecha,Hora)
values(13,148,318,2,'08/13/2017',(select*from Hora))
insert into Venta(Folio,ID_Cliente,ID_Sucursal,ID_Entrega,Fecha,Hora)
values(14,168,314,1,'08/30/2017',(select*from Hora))
insert into Venta(Folio,ID_Cliente,ID_Sucursal,ID_Entrega,Fecha,Hora)
values(15,160,282,3,'09/22/2017',(select*from Hora))
insert into Venta(Folio,ID_Cliente,ID_Sucursal,ID_Entrega,Fecha,Hora)
values(16,140,318,1,'10/03/2017',(select*from Hora))
insert into Venta(Folio,ID_Cliente,ID_Sucursal,ID_Entrega,Fecha,Hora)
values(17,152,302,3,'10/24/2017',(select*from Hora))
insert into Venta(Folio,ID_Cliente,ID_Sucursal,ID_Entrega,Fecha,Hora)
values(18,168,290,2,'10/27/2017',(select*from Hora))
insert into Venta(Folio,ID_Cliente,ID_Sucursal,ID_Entrega,Fecha,Hora)
values(19,136,266,1,'11/25/2017',(select*from Hora))
insert into Venta(Folio,ID_Cliente,ID_Sucursal,ID_Entrega,Fecha,Hora)
values(20,144,310,3,'12/04/2017',(select*from Hora))

insert into Venta(Folio,ID_Cliente,ID_Sucursal,ID_Entrega,Fecha,Hora)
values(21,116,322,3,'12/09/2017',(select*from Hora))
insert into Venta(Folio,ID_Cliente,ID_Sucursal,ID_Entrega,Fecha,Hora)
values(22,116,322,3,'12/13/2017',(select*from Hora))
insert into Venta(Folio,ID_Cliente,ID_Sucursal,ID_Entrega,Fecha,Hora)
values(23,124,282,2,'12/21/2017',(select*from Hora))
insert into Venta(Folio,ID_Cliente,ID_Sucursal,ID_Entrega,Fecha,Hora)
values(24,124,322,2,'12/22/2017',(select*from Hora))
insert into Venta(Folio,ID_Cliente,ID_Sucursal,ID_Entrega,Fecha,Hora)
values(25,144,254,2,'01/02/2018',(select*from Hora))
insert into Venta(Folio,ID_Cliente,ID_Sucursal,ID_Entrega,Fecha,Hora)
values(26,168,302,3,'01/04/2018',(select*from Hora))
insert into Venta(Folio,ID_Cliente,ID_Sucursal,ID_Entrega,Fecha,Hora)
values(27,136,310,1,'01/06/2018',(select*from Hora))
insert into Venta(Folio,ID_Cliente,ID_Sucursal,ID_Entrega,Fecha,Hora)
values(28,116,290,2,'02/05/2018',(select*from Hora))
insert into Venta(Folio,ID_Cliente,ID_Sucursal,ID_Entrega,Fecha,Hora)
values(29,156,310,1,'02/23/2018',(select*from Hora))
insert into Venta(Folio,ID_Cliente,ID_Sucursal,ID_Entrega,Fecha,Hora)
values(30,136,322,2,'03/14/2018',(select*from Hora))

insert into Venta(Folio,ID_Cliente,ID_Sucursal,ID_Entrega,Fecha,Hora)
values(31,120,254,2,'03/16/2018',(select*from Hora))
insert into Venta(Folio,ID_Cliente,ID_Sucursal,ID_Entrega,Fecha,Hora)
values(32,152,266,3,'03/19/2018',(select*from Hora))
insert into Venta(Folio,ID_Cliente,ID_Sucursal,ID_Entrega,Fecha,Hora)
values(33,104,290,3,'03/23/2018',(select*from Hora))
insert into Venta(Folio,ID_Cliente,ID_Sucursal,ID_Entrega,Fecha,Hora)
values(34,124,266,1,'03/24/2018',(select*from Hora))
insert into Venta(Folio,ID_Cliente,ID_Sucursal,ID_Entrega,Fecha,Hora)
values(35,160,274,2,'04/05/2018',(select*from Hora))
insert into Venta(Folio,ID_Cliente,ID_Sucursal,ID_Entrega,Fecha,Hora)
values(36,148,318,2,'06/06/2018',(select*from Hora))
insert into Venta(Folio,ID_Cliente,ID_Sucursal,ID_Entrega,Fecha,Hora)
values(37,128,282,3,'06/11/2018',(select*from Hora))
insert into Venta(Folio,ID_Cliente,ID_Sucursal,ID_Entrega,Fecha,Hora)
values(38,124,302,3,'06/21/2018',(select*from Hora))
insert into Venta(Folio,ID_Cliente,ID_Sucursal,ID_Entrega,Fecha,Hora)
values(39,132,282,3,'06/21/2018',(select*from Hora))
insert into Venta(Folio,ID_Cliente,ID_Sucursal,ID_Entrega,Fecha,Hora)
values(40,160,306,1,'07/02/2018',(select*from Hora))

insert into Venta(Folio,ID_Cliente,ID_Sucursal,ID_Entrega,Fecha,Hora)
values(41,128,290,1,'07/22/2018',(select*from Hora))
insert into Venta(Folio,ID_Cliente,ID_Sucursal,ID_Entrega,Fecha,Hora)
values(42,100,310,3,'07/31/2018',(select*from Hora))
insert into Venta(Folio,ID_Cliente,ID_Sucursal,ID_Entrega,Fecha,Hora)
values(43,140,274,2,'08/24/2018',(select*from Hora))
insert into Venta(Folio,ID_Cliente,ID_Sucursal,ID_Entrega,Fecha,Hora)
values(44,156,318,1,'08/26/2018',(select*from Hora))
insert into Venta(Folio,ID_Cliente,ID_Sucursal,ID_Entrega,Fecha,Hora)
values(45,116,318,2,'09/23/2018',(select*from Hora))
insert into Venta(Folio,ID_Cliente,ID_Sucursal,ID_Entrega,Fecha,Hora)
values(46,148,322,3,'10/05/2018',(select*from Hora))
insert into Venta(Folio,ID_Cliente,ID_Sucursal,ID_Entrega,Fecha,Hora)
values(47,112,302,2,'10/16/2018',(select*from Hora))
insert into Venta(Folio,ID_Cliente,ID_Sucursal,ID_Entrega,Fecha,Hora)
values(48,120,254,3,'11/13/2018',(select*from Hora))
insert into Venta(Folio,ID_Cliente,ID_Sucursal,ID_Entrega,Fecha,Hora)
values(49,136,314,3,'11/16/2018',(select*from Hora))
insert into Venta(Folio,ID_Cliente,ID_Sucursal,ID_Entrega,Fecha,Hora)
values(50,132,302,2,'11/22/2018',(select*from Hora))
insert into Venta(Folio,ID_Cliente,ID_Sucursal,ID_Entrega,Fecha,Hora)
values(51,148,254,1,'11/28/2018',(select*from Hora))

---Transferencia de Inventario
select format(Fecha,'MM/dd/yyyy') from TransferenciaInventario
select ID_Almacen as [ID CEDIS] from CEDIS

select*from TransferenciaInventario t where t.ID_AlmacenRecibe in (select ID_Almacen from Sucursal)
select*from Sucursal
select*from TransferenciaInventario

insert into TransferenciaInventario(ID,ID_AlmacenEnvío,ID_AlmacenRecibe,Fecha)
values(1,258,254,'04/10/2017')
insert into TransferenciaInventario(ID,ID_AlmacenEnvío,ID_AlmacenRecibe,Fecha)
values(2,250,266,'04/14/2017')
insert into TransferenciaInventario(ID,ID_AlmacenEnvío,ID_AlmacenRecibe,Fecha)
values(3,286,310,'04/23/2017')
insert into TransferenciaInventario(ID,ID_AlmacenEnvío,ID_AlmacenRecibe,Fecha)
values(4,262,298,'04/24/2017')
insert into TransferenciaInventario(ID,ID_AlmacenEnvío,ID_AlmacenRecibe,Fecha)
values(5,294,314,'05/02/2017')
insert into TransferenciaInventario(ID,ID_AlmacenEnvío,ID_AlmacenRecibe,Fecha)
values(6,254,258,'05/08/2017')
insert into TransferenciaInventario(ID,ID_AlmacenEnvío,ID_AlmacenRecibe,Fecha)
values(7,250,266,'05/19/2017')
insert into TransferenciaInventario(ID,ID_AlmacenEnvío,ID_AlmacenRecibe,Fecha)
values(8,270,290,'06/07/2017')
insert into TransferenciaInventario(ID,ID_AlmacenEnvío,ID_AlmacenRecibe,Fecha)
values(9,250,266,'06/10/2017')
insert into TransferenciaInventario(ID,ID_AlmacenEnvío,ID_AlmacenRecibe,Fecha)
values(10,286,302,'06/12/2017')

insert into TransferenciaInventario(ID,ID_AlmacenEnvío,ID_AlmacenRecibe,Fecha)
values(11,286,310,'07/14/2017')
insert into TransferenciaInventario(ID,ID_AlmacenEnvío,ID_AlmacenRecibe,Fecha)
values(12,262,274,'07/25/2017')
insert into TransferenciaInventario(ID,ID_AlmacenEnvío,ID_AlmacenRecibe,Fecha)
values(13,262,282,'08/03/2017')
insert into TransferenciaInventario(ID,ID_AlmacenEnvío,ID_AlmacenRecibe,Fecha)
values(14,298,322,'09/10/2017')
insert into TransferenciaInventario(ID,ID_AlmacenEnvío,ID_AlmacenRecibe,Fecha)
values(15,262,282,'10/04/2017')
insert into TransferenciaInventario(ID,ID_AlmacenEnvío,ID_AlmacenRecibe,Fecha)
values(16,258,254,'10/10/2017')
insert into TransferenciaInventario(ID,ID_AlmacenEnvío,ID_AlmacenRecibe,Fecha)
values(17,270,318,'10/21/2017')
insert into TransferenciaInventario(ID,ID_AlmacenEnvío,ID_AlmacenRecibe,Fecha)
values(18,278,306,'11/01/2017')
insert into TransferenciaInventario(ID,ID_AlmacenEnvío,ID_AlmacenRecibe,Fecha)
values(19,310,286,'11/04/2017')
insert into TransferenciaInventario(ID,ID_AlmacenEnvío,ID_AlmacenRecibe,Fecha)
values(20,270,318,'12/16/2017')

insert into TransferenciaInventario(ID,ID_AlmacenEnvío,ID_AlmacenRecibe,Fecha)
values(21,262,274,'01/13/2018')
insert into TransferenciaInventario(ID,ID_AlmacenEnvío,ID_AlmacenRecibe,Fecha)
values(22,286,302,'01/28/2018')
insert into TransferenciaInventario(ID,ID_AlmacenEnvío,ID_AlmacenRecibe,Fecha)
values(23,250,266,'02/08/2018')
insert into TransferenciaInventario(ID,ID_AlmacenEnvío,ID_AlmacenRecibe,Fecha)
values(24,286,262,'02/16/2018')
insert into TransferenciaInventario(ID,ID_AlmacenEnvío,ID_AlmacenRecibe,Fecha)
values(25,262,282,'02/25/2018')
insert into TransferenciaInventario(ID,ID_AlmacenEnvío,ID_AlmacenRecibe,Fecha)
values(26,258,254,'03/05/2018')
insert into TransferenciaInventario(ID,ID_AlmacenEnvío,ID_AlmacenRecibe,Fecha)
values(27,250,266,'03/07/2018')
insert into TransferenciaInventario(ID,ID_AlmacenEnvío,ID_AlmacenRecibe,Fecha)
values(28,294,314,'03/07/2018')
insert into TransferenciaInventario(ID,ID_AlmacenEnvío,ID_AlmacenRecibe,Fecha)
values(29,270,290,'04/01/2018')
insert into TransferenciaInventario(ID,ID_AlmacenEnvío,ID_AlmacenRecibe,Fecha)
values(30,258,286,'04/08/2018')

select*from Sucursal

insert into TransferenciaInventario(ID,ID_AlmacenEnvío,ID_AlmacenRecibe,Fecha)
values(31,294,314,'04/25/2018')
insert into TransferenciaInventario(ID,ID_AlmacenEnvío,ID_AlmacenRecibe,Fecha)
values(32,278,306,'05/04/2018')
insert into TransferenciaInventario(ID,ID_AlmacenEnvío,ID_AlmacenRecibe,Fecha)
values(34,286,310,'06/08/2018')
insert into TransferenciaInventario(ID,ID_AlmacenEnvío,ID_AlmacenRecibe,Fecha)
values(35,270,318,'06/15/2018')
insert into TransferenciaInventario(ID,ID_AlmacenEnvío,ID_AlmacenRecibe,Fecha)
values(36,298,322,'06/17/2018')
insert into TransferenciaInventario(ID,ID_AlmacenEnvío,ID_AlmacenRecibe,Fecha)
values(37,258,254,'06/20/2018')
insert into TransferenciaInventario(ID,ID_AlmacenEnvío,ID_AlmacenRecibe,Fecha)
values(38,286,310,'07/18/2018')
insert into TransferenciaInventario(ID,ID_AlmacenEnvío,ID_AlmacenRecibe,Fecha)
values(39,294,314,'07/19/2018')
insert into TransferenciaInventario(ID,ID_AlmacenEnvío,ID_AlmacenRecibe,Fecha)
values(40,262,282,'08/21/2018')

insert into TransferenciaInventario(ID,ID_AlmacenEnvío,ID_AlmacenRecibe,Fecha)
values(41,302,286,'09/25/2018')
insert into TransferenciaInventario(ID,ID_AlmacenEnvío,ID_AlmacenRecibe,Fecha)
values(42,250,266,'09/26/2018')
insert into TransferenciaInventario(ID,ID_AlmacenEnvío,ID_AlmacenRecibe,Fecha)
values(43,294,314,'09/27/2018')
insert into TransferenciaInventario(ID,ID_AlmacenEnvío,ID_AlmacenRecibe,Fecha)
values(44,270,290,'10/10/2018')
insert into TransferenciaInventario(ID,ID_AlmacenEnvío,ID_AlmacenRecibe,Fecha)
values(46,270,278,'10/22/2018')
insert into TransferenciaInventario(ID,ID_AlmacenEnvío,ID_AlmacenRecibe,Fecha)
values(47,286,302,'11/09/2018')
insert into TransferenciaInventario(ID,ID_AlmacenEnvío,ID_AlmacenRecibe,Fecha)
values(48,298,322,'12/04/2018')


---Compra Producto, Detalle Venta y Transferencias de Producto
select*from CompraProducto order by Folio_Compra 
select format(FechaCompra, 'dd/MM/yyyy'),Folio from Compra order by FechaCompra
select*from Inventario
select*from CompraProducto

---Compras entre el 07/04/2017 y el 25/07/2017
insert into CompraProducto(Folio_Compra,Cantidad,UPC_Producto)
values(1,64,129303147829)
insert into CompraProducto(Folio_Compra,Cantidad,UPC_Producto)
values(1,46,799120351480)
insert into CompraProducto(Folio_Compra,Cantidad,UPC_Producto)
values(1,54,130494031901)
insert into CompraProducto(Folio_Compra,Cantidad,UPC_Producto)
values(1,33,776954606417)
insert into CompraProducto(Folio_Compra,Cantidad,UPC_Producto)
values(1,29,155864423261)

insert into CompraProducto(Folio_Compra,Cantidad,UPC_Producto)
values(2,70,133511834602)
insert into CompraProducto(Folio_Compra,Cantidad,UPC_Producto)
values(2,37,129303147829)
insert into CompraProducto(Folio_Compra,Cantidad,UPC_Producto)
values(2,28,159302415944)

insert into CompraProducto(Folio_Compra,Cantidad,UPC_Producto)
values(3,60,129303147829)
insert into CompraProducto(Folio_Compra,Cantidad,UPC_Producto)
values(3,64,133511834602)
insert into CompraProducto(Folio_Compra,Cantidad,UPC_Producto)
values(3,73,159302415944)
insert into CompraProducto(Folio_Compra,Cantidad,UPC_Producto)
values(3,50,199900210299)
insert into CompraProducto(Folio_Compra,Cantidad,UPC_Producto)
values(3,61,199910640299)
insert into CompraProducto(Folio_Compra,Cantidad,UPC_Producto)
values(3,53,776954606417)

insert into CompraProducto(Folio_Compra,Cantidad,UPC_Producto)
values(4,30,186865883233)
insert into CompraProducto(Folio_Compra,Cantidad,UPC_Producto)
values(4,28,144844572326)
insert into CompraProducto(Folio_Compra,Cantidad,UPC_Producto)
values(4,37,133511834602)
insert into CompraProducto(Folio_Compra,Cantidad,UPC_Producto)
values(4,74,159302415944)
insert into CompraProducto(Folio_Compra,Cantidad,UPC_Producto)
values(4,16,190036470253)
insert into CompraProducto(Folio_Compra,Cantidad,UPC_Producto)
values(4,18,752229872791)
insert into CompraProducto(Folio_Compra,Cantidad,UPC_Producto)
values(4,75,756803428345)

insert into CompraProducto(Folio_Compra,Cantidad,UPC_Producto)
values(5,58,130494031901)
insert into CompraProducto(Folio_Compra,Cantidad,UPC_Producto)
values(5,37,129303147829)
insert into CompraProducto(Folio_Compra,Cantidad,UPC_Producto)
values(5,59,190036470253)
insert into CompraProducto(Folio_Compra,Cantidad,UPC_Producto)
values(5,46,199910640299)
insert into CompraProducto(Folio_Compra,Cantidad,UPC_Producto)
values(5,2,155864423261)

insert into CompraProducto(Folio_Compra,Cantidad,UPC_Producto)
values(6,74,739251063190)
insert into CompraProducto(Folio_Compra,Cantidad,UPC_Producto)
values(6,46,186865765893)
insert into CompraProducto(Folio_Compra,Cantidad,UPC_Producto)
values(6,29,754165106575)
insert into CompraProducto(Folio_Compra,Cantidad,UPC_Producto)
values(6,41,776954606417)

insert into CompraProducto(Folio_Compra,Cantidad,UPC_Producto)
values(7,32,711232159464)
insert into CompraProducto(Folio_Compra,Cantidad,UPC_Producto)
values(7,26,130494031901)
insert into CompraProducto(Folio_Compra,Cantidad,UPC_Producto)
values(7,80,754165146475)
insert into CompraProducto(Folio_Compra,Cantidad,UPC_Producto)
values(7,8,766376969832)
insert into CompraProducto(Folio_Compra,Cantidad,UPC_Producto)
values(7,57,756803428345)

insert into CompraProducto(Folio_Compra,Cantidad,UPC_Producto)
values(8,56,133511834602)
insert into CompraProducto(Folio_Compra,Cantidad,UPC_Producto)
values(8,30,739251629190)
insert into CompraProducto(Folio_Compra,Cantidad,UPC_Producto)
values(8,39,129303147829)
insert into CompraProducto(Folio_Compra,Cantidad,UPC_Producto)
values(8,62,766376969832)
insert into CompraProducto(Folio_Compra,Cantidad,UPC_Producto)
values(8,48,190036470253)

insert into CompraProducto(Folio_Compra,Cantidad,UPC_Producto)
values(9,56,171247017183)
insert into CompraProducto(Folio_Compra,Cantidad,UPC_Producto)
values(9,57,172670665286)
insert into CompraProducto(Folio_Compra,Cantidad,UPC_Producto)
values(9,16,129303147829)
insert into CompraProducto(Folio_Compra,Cantidad,UPC_Producto)
values(9,29,752229872791)

insert into CompraProducto(Folio_Compra,Cantidad,UPC_Producto)
values(10,63,799076751480)
insert into CompraProducto(Folio_Compra,Cantidad,UPC_Producto)
values(10,75,760803117475)
insert into CompraProducto(Folio_Compra,Cantidad,UPC_Producto)
values(10,77,752229106791)
insert into CompraProducto(Folio_Compra,Cantidad,UPC_Producto)
values(10,9,711255919464)

---Transferencia de Productos entre el 10/04/2017 y el 12/06/2017
select i.ID_Almacen,i.[Stock Producto],UPC_Producto,t.ID as [Transferencia ID]  from TransferenciaInventario t inner join Inventario i on i.ID_Almacen=t.ID_AlmacenEnvío
where t.ID_AlmacenRecibe in (select ID_Almacen from Sucursal) order by [Transferencia ID]

select i.ID_Almacen,i.[Stock Producto],UPC_Producto,t.ID  from TransferenciaInventario t inner join Inventario i on i.ID_Almacen=t.ID_AlmacenEnvío

select*from [Productos Peligrosos]

insert into TransferenciaProducto([UPC-Producto],Cantidad,ID_TransferenciaInventario)
values(199910640299,18,1)
insert into TransferenciaProducto([UPC-Producto],Cantidad,ID_TransferenciaInventario)
values(190036470253,35,1)
insert into TransferenciaProducto([UPC-Producto],Cantidad,ID_TransferenciaInventario)
values(776954606417,25,1)
insert into TransferenciaProducto([UPC-Producto],Cantidad,ID_TransferenciaInventario)
values(186865765893,17,1)
insert into TransferenciaProducto([UPC-Producto],Cantidad,ID_TransferenciaInventario)
values(739251063190,40,1)
insert into TransferenciaProducto([UPC-Producto],Cantidad,ID_TransferenciaInventario)
values(186865883233,18,2)
insert into TransferenciaProducto([UPC-Producto],Cantidad,ID_TransferenciaInventario)
values(711232159464,20,2)
insert into TransferenciaProducto([UPC-Producto],Cantidad,ID_TransferenciaInventario)
values(133511834602,10,2)
insert into TransferenciaProducto([UPC-Producto],Cantidad,ID_TransferenciaInventario)
values(171247017183,37,3)
insert into TransferenciaProducto([UPC-Producto],Cantidad,ID_TransferenciaInventario)
values(129303147829,23,4)
insert into TransferenciaProducto([UPC-Producto],Cantidad,ID_TransferenciaInventario)
values(159302415944,30,4)
insert into TransferenciaProducto([UPC-Producto],Cantidad,ID_TransferenciaInventario)
values(133511834602,14,5)
insert into TransferenciaProducto([UPC-Producto],Cantidad,ID_TransferenciaInventario)
values(739251629190,22,5)
insert into TransferenciaProducto([UPC-Producto],Cantidad,ID_TransferenciaInventario)
values(186865765893,6,6)
insert into TransferenciaProducto([UPC-Producto],Cantidad,ID_TransferenciaInventario)
values(739251063190,7,6)
insert into TransferenciaProducto([UPC-Producto],Cantidad,ID_TransferenciaInventario)
values(711232159464,8,7)
insert into TransferenciaProducto([UPC-Producto],Cantidad,ID_TransferenciaInventario)
values(799076751480,36,8)
insert into TransferenciaProducto([UPC-Producto],Cantidad,ID_TransferenciaInventario)
values(133511834602,16,9)
insert into TransferenciaProducto([UPC-Producto],Cantidad,ID_TransferenciaInventario)
values(186865883233,12,9)
insert into TransferenciaProducto([UPC-Producto],Cantidad,ID_TransferenciaInventario)
values(171247017183,15,10)
insert into TransferenciaProducto([UPC-Producto],Cantidad,ID_TransferenciaInventario)
values(752229872791,20,10)

---Ventas entre el 20/04/07 y el 13/07/2017
select format(Fecha, 'dd/MM/yyyy'),Folio from Venta order by Fecha

select*from Stock_Sucursal order by [Folio Venta]
select*from Inventario where ID_Almacen in (select ID_Almacen from CEDIS) order by ID_Almacen

select Folio,UPC_Producto,Fecha from DetalleVenta inner join Venta on Venta.Folio=DetalleVenta.Folio_Venta
select*from Historico_Ventas order by UPC_Producto,Fecha_Actualización

insert into DetalleVenta(Folio_Venta,UPC_Producto,Cantidad)
values(1,776954606417,8)
insert into DetalleVenta(Folio_Venta,UPC_Producto,Cantidad)
values(1,739251063190,11)
insert into DetalleVenta(Folio_Venta,UPC_Producto,Cantidad)
values(2,171247017183,14)
insert into DetalleVenta(Folio_Venta,UPC_Producto,Cantidad)
values(3,171247017183,6)
insert into DetalleVenta(Folio_Venta,UPC_Producto,Cantidad)
values(4,739251629190,12)
insert into DetalleVenta(Folio_Venta,UPC_Producto,Cantidad)
values(4,133511834602,4)
insert into DetalleVenta(Folio_Venta,UPC_Producto,Cantidad)
values(5,754165146475,16)
insert into DetalleVenta(Folio_Venta,UPC_Producto,Cantidad)
values(5,130494031901,10)
insert into DetalleVenta(Folio_Venta,UPC_Producto,Cantidad)
values(7,171247017183,4)
insert into DetalleVenta(Folio_Venta,UPC_Producto,Cantidad)
values(8,133511834602,2)
insert into DetalleVenta(Folio_Venta,UPC_Producto,Cantidad)
values(9,190036470253,16)
insert into DetalleVenta(Folio_Venta,UPC_Producto,Cantidad)
values(9,199910640299,6)
insert into DetalleVenta(Folio_Venta,UPC_Producto,Cantidad)
values(9,776954606417,4)
insert into DetalleVenta(Folio_Venta,UPC_Producto,Cantidad)
values(9,186865765893,4)
insert into DetalleVenta(Folio_Venta,UPC_Producto,Cantidad)
values(9,739251063190,15)
insert into DetalleVenta(Folio_Venta,UPC_Producto,Cantidad)
values(10,130494031901,5)
insert into DetalleVenta(Folio_Venta,UPC_Producto,Cantidad)
values(10,776954606417,3)
insert into DetalleVenta(Folio_Venta,UPC_Producto,Cantidad)
values(12,133511834602,5)
insert into DetalleVenta(Folio_Venta,UPC_Producto,Cantidad)
values(12,739251629190,2)
insert into DetalleVenta(Folio_Venta,UPC_Producto,Cantidad)
values(13,760803117475,16)
insert into DetalleVenta(Folio_Venta,UPC_Producto,Cantidad)
values(13,752229106791,12)

---Compras entre el 16/07/2017 y el 14/11/2017
select*from CompraProducto order by Folio_Compra 
select format(FechaCompra, 'dd/MM/yyyy'),Folio from Compra order by FechaCompra
select*from Inventario
select*from CompraProducto 

insert into CompraProducto(Folio_Compra,Cantidad,UPC_Producto)
values(11,18,132534950485)
insert into CompraProducto(Folio_Compra,Cantidad,UPC_Producto)
values(11,64,133511834602)
insert into CompraProducto(Folio_Compra,Cantidad,UPC_Producto)
values(11,52,186865765893)
insert into CompraProducto(Folio_Compra,Cantidad,UPC_Producto)
values(11,17,739251629190)
insert into CompraProducto(Folio_Compra,Cantidad,UPC_Producto)
values(12,58,190036470253)
insert into CompraProducto(Folio_Compra,Cantidad,UPC_Producto)
values(12,49,739251063190)
insert into CompraProducto(Folio_Compra,Cantidad,UPC_Producto)
values(12,26,756803428345)
insert into CompraProducto(Folio_Compra,Cantidad,UPC_Producto)
values(12,56,766376969832)
insert into CompraProducto(Folio_Compra,Cantidad,UPC_Producto)
values(13,74,129303147829)
insert into CompraProducto(Folio_Compra,Cantidad,UPC_Producto)
values(13,17,752229106791)
insert into CompraProducto(Folio_Compra,Cantidad,UPC_Producto)
values(13,37,757704328277)
insert into CompraProducto(Folio_Compra,Cantidad,UPC_Producto)
values(13,50,757780878277)
insert into CompraProducto(Folio_Compra,Cantidad,UPC_Producto)
values(13,36,132534950485)
insert into CompraProducto(Folio_Compra,Cantidad,UPC_Producto)
values(14,19,186865765893)
insert into CompraProducto(Folio_Compra,Cantidad,UPC_Producto)
values(14,78,767163568952)
insert into CompraProducto(Folio_Compra,Cantidad,UPC_Producto)
values(14,23,775845546653)
insert into CompraProducto(Folio_Compra,Cantidad,UPC_Producto)
values(15,23,190959243160)
insert into CompraProducto(Folio_Compra,Cantidad,UPC_Producto)
values(15,32,767112048952)
insert into CompraProducto(Folio_Compra,Cantidad,UPC_Producto)
values(16,27,199910640299)
insert into CompraProducto(Folio_Compra,Cantidad,UPC_Producto)
values(16,21,739251063190)
insert into CompraProducto(Folio_Compra,Cantidad,UPC_Producto)
values(16,23,767112048952)
insert into CompraProducto(Folio_Compra,Cantidad,UPC_Producto)
values(16,33,171247017183)
insert into CompraProducto(Folio_Compra,Cantidad,UPC_Producto)
values(17,53,756800548345)
insert into CompraProducto(Folio_Compra,Cantidad,UPC_Producto)
values(18,61,190036470253)
insert into CompraProducto(Folio_Compra,Cantidad,UPC_Producto)
values(18,63,190959243160)
insert into CompraProducto(Folio_Compra,Cantidad,UPC_Producto)
values(18,18,760803117475)
insert into CompraProducto(Folio_Compra,Cantidad,UPC_Producto)
values(18,37,766376969832)
insert into CompraProducto(Folio_Compra,Cantidad,UPC_Producto)
values(18,39,776954606417)
insert into CompraProducto(Folio_Compra,Cantidad,UPC_Producto)
values(19,24,132534950485)
insert into CompraProducto(Folio_Compra,Cantidad,UPC_Producto)
values(19,33,133511834602)
insert into CompraProducto(Folio_Compra,Cantidad,UPC_Producto)
values(19,35,171247502183)
insert into CompraProducto(Folio_Compra,Cantidad,UPC_Producto)
values(19,24,199910640299)
insert into CompraProducto(Folio_Compra,Cantidad,UPC_Producto)
values(19,38,129303147829)
insert into CompraProducto(Folio_Compra,Cantidad,UPC_Producto)
values(20,43,186865765893)
insert into CompraProducto(Folio_Compra,Cantidad,UPC_Producto)
values(20,49,756800548345)
insert into CompraProducto(Folio_Compra,Cantidad,UPC_Producto)
values(20,72,199910640299)
insert into CompraProducto(Folio_Compra,Cantidad,UPC_Producto)
values(20,80,159335575944)
insert into CompraProducto(Folio_Compra,Cantidad,UPC_Producto)
values(20,67,171247502183)
insert into CompraProducto(Folio_Compra,Cantidad,UPC_Producto)
values(20,21,144844572326)

insert into CompraProducto(Folio_Compra,Cantidad,UPC_Producto)
values(21,45,169567943823)
insert into CompraProducto(Folio_Compra,Cantidad,UPC_Producto)
values(21,61,186865765893)
insert into CompraProducto(Folio_Compra,Cantidad,UPC_Producto)
values(21,46,767163568952)
insert into CompraProducto(Folio_Compra,Cantidad,UPC_Producto)
values(22,75,752229106791)
insert into CompraProducto(Folio_Compra,Cantidad,UPC_Producto)
values(22,25,752229872791)
insert into CompraProducto(Folio_Compra,Cantidad,UPC_Producto)
values(23,63,752229106791)
insert into CompraProducto(Folio_Compra,Cantidad,UPC_Producto)
values(24,70,130494031901)
insert into CompraProducto(Folio_Compra,Cantidad,UPC_Producto)
values(25,50,130494031901)
insert into CompraProducto(Folio_Compra,Cantidad,UPC_Producto)
values(25,55,752229106791)
insert into CompraProducto(Folio_Compra,Cantidad,UPC_Producto)
values(26,25,169567943823)
insert into CompraProducto(Folio_Compra,Cantidad,UPC_Producto)
values(26,13,172670665286)
insert into CompraProducto(Folio_Compra,Cantidad,UPC_Producto)
values(26,13,752229872791)

---Transferencia de Productos entre el 14/07/2017 y el 16/12/2017
select i.ID_Almacen,i.[Stock Producto],UPC_Producto,t.ID as [Transferencia ID]  from TransferenciaInventario t inner join Inventario i on i.ID_Almacen=t.ID_AlmacenEnvío
where t.ID_AlmacenRecibe in (select ID_Almacen from Sucursal) order by [Transferencia ID]
select*from [Productos Peligrosos]

select i.ID_Almacen,i.[Stock Producto],UPC_Producto,t.ID  from TransferenciaInventario t inner join Inventario i on i.ID_Almacen=t.ID_AlmacenEnvío order by t.ID
select*from TransferenciaInventario

select id from Almacen where not exists 
(select * from Inventario where almacen.ID=inventario.ID_Almacen)

insert into TransferenciaProducto([UPC-Producto],Cantidad,ID_TransferenciaInventario)
values(752229872791,21,11)
insert into TransferenciaProducto([UPC-Producto],Cantidad,ID_TransferenciaInventario)
values(752229106791,46,11)
insert into TransferenciaProducto([UPC-Producto],Cantidad,ID_TransferenciaInventario)
values(767112048952,17,11)
insert into TransferenciaProducto([UPC-Producto],Cantidad,ID_TransferenciaInventario)
values(199910640299,13,11)
insert into TransferenciaProducto([UPC-Producto],Cantidad,ID_TransferenciaInventario)
values(159302415944,38,12)
insert into TransferenciaProducto([UPC-Producto],Cantidad,ID_TransferenciaInventario)
values(199910640299,19,12)
insert into TransferenciaProducto([UPC-Producto],Cantidad,ID_TransferenciaInventario)
values(756800548345,21,12)
insert into TransferenciaProducto([UPC-Producto],Cantidad,ID_TransferenciaInventario)
values(133511834602,40,12)
insert into TransferenciaProducto([UPC-Producto],Cantidad,ID_TransferenciaInventario)
values(133511834602,50,13)
insert into TransferenciaProducto([UPC-Producto],Cantidad,ID_TransferenciaInventario)
values(159302415944,22,13)
insert into TransferenciaProducto([UPC-Producto],Cantidad,ID_TransferenciaInventario)
values(756800548345,17,13)
insert into TransferenciaProducto([UPC-Producto],Cantidad,ID_TransferenciaInventario)
values(199900210299,20,13)
insert into TransferenciaProducto([UPC-Producto],Cantidad,ID_TransferenciaInventario)
values(190036470253,16,14)
insert into TransferenciaProducto([UPC-Producto],Cantidad,ID_TransferenciaInventario)
values(186865765893,15,14)
insert into TransferenciaProducto([UPC-Producto],Cantidad,ID_TransferenciaInventario)
values(199900210299,20,15)
insert into TransferenciaProducto([UPC-Producto],Cantidad,ID_TransferenciaInventario)
values(159302415944,5,15)
insert into TransferenciaProducto([UPC-Producto],Cantidad,ID_TransferenciaInventario)
values(199910640299,15,15)
insert into TransferenciaProducto([UPC-Producto],Cantidad,ID_TransferenciaInventario)
values(190036470253,12,16)
insert into TransferenciaProducto([UPC-Producto],Cantidad,ID_TransferenciaInventario)
values(799076751480,15,17)
insert into TransferenciaProducto([UPC-Producto],Cantidad,ID_TransferenciaInventario)
values(760803117475,35,17)
insert into TransferenciaProducto([UPC-Producto],Cantidad,ID_TransferenciaInventario)
values(752229106791,28,17)
insert into TransferenciaProducto([UPC-Producto],Cantidad,ID_TransferenciaInventario)
values(711255919464,4,17)
insert into TransferenciaProducto([UPC-Producto],Cantidad,ID_TransferenciaInventario)
values(799120351480,21,18)
insert into TransferenciaProducto([UPC-Producto],Cantidad,ID_TransferenciaInventario)
values(767112048952,15,18)
insert into TransferenciaProducto([UPC-Producto],Cantidad,ID_TransferenciaInventario)
values(752229106791,41,18)
insert into TransferenciaProducto([UPC-Producto],Cantidad,ID_TransferenciaInventario)
values(171247017183,6,19)
insert into TransferenciaProducto([UPC-Producto],Cantidad,ID_TransferenciaInventario)
values(752229106791,10,19)
insert into TransferenciaProducto([UPC-Producto],Cantidad,ID_TransferenciaInventario)
values(767163568952,33,20)
insert into TransferenciaProducto([UPC-Producto],Cantidad,ID_TransferenciaInventario)
values(760803117475,21,20)
insert into TransferenciaProducto([UPC-Producto],Cantidad,ID_TransferenciaInventario)
values(169567943823,10,20)


---Ventas entre el 13/08/2017 y el 04/01/2018
select format(Fecha, 'dd/MM/yyyy'),Folio from Venta order by Fecha

select*from Stock_Sucursal order by [Folio Venta]
select*from Inventario where ID_Almacen in (select ID_Almacen from CEDIS) order by ID_Almacen

select Folio,UPC_Producto,Fecha from DetalleVenta inner join Venta on Venta.Folio=DetalleVenta.Folio_Venta
select*from Historico_Ventas order by UPC_Producto,Fecha_Actualización

insert into DetalleVenta(Folio_Venta,UPC_Producto,Cantidad)
values(13,133511834602,30)
insert into DetalleVenta(Folio_Venta,UPC_Producto,Cantidad)
values(13,767163568952,17)
insert into DetalleVenta(Folio_Venta,UPC_Producto,Cantidad)
values(14,186865765893,26)
insert into DetalleVenta(Folio_Venta,UPC_Producto,Cantidad)
values(14,129303147829,10)
insert into DetalleVenta(Folio_Venta,UPC_Producto,Cantidad)
values(15,756800548345,7)
insert into DetalleVenta(Folio_Venta,UPC_Producto,Cantidad)
values(16,760803117475,20)
insert into DetalleVenta(Folio_Venta,UPC_Producto,Cantidad)
values(16,186865765893,4)
insert into DetalleVenta(Folio_Venta,UPC_Producto,Cantidad)
values(17,171247017183,15)
insert into DetalleVenta(Folio_Venta,UPC_Producto,Cantidad)
values(18,767163568952,10)
insert into DetalleVenta(Folio_Venta,UPC_Producto,Cantidad)
values(18,132534950485,4)
insert into DetalleVenta(Folio_Venta,UPC_Producto,Cantidad)
values(18,799076751480,7)
insert into DetalleVenta(Folio_Venta,UPC_Producto,Cantidad)
values(19,133511834602,8)
insert into DetalleVenta(Folio_Venta,UPC_Producto,Cantidad)
values(19,186865883233,10)
insert into DetalleVenta(Folio_Venta,UPC_Producto,Cantidad)
values(19,756803428345,19)
insert into DetalleVenta(Folio_Venta,UPC_Producto,Cantidad)
values(20,752229106791,12)
insert into DetalleVenta(Folio_Venta,UPC_Producto,Cantidad)
values(20,767112048952,9)
insert into DetalleVenta(Folio_Venta,UPC_Producto,Cantidad)
values(20,199910640299,5)
insert into DetalleVenta(Folio_Venta,UPC_Producto,Cantidad)
values(21,190036470253,6)
insert into DetalleVenta(Folio_Venta,UPC_Producto,Cantidad)
values(22,190036470253,8)
insert into DetalleVenta(Folio_Venta,UPC_Producto,Cantidad)
values(23,129303147829,18)
insert into DetalleVenta(Folio_Venta,UPC_Producto,Cantidad)
values(23,199910640299,10)
insert into DetalleVenta(Folio_Venta,UPC_Producto,Cantidad)
values(23,776954606417,8)
insert into DetalleVenta(Folio_Venta,UPC_Producto,Cantidad)
values(24,766376969832,21)
insert into DetalleVenta(Folio_Venta,UPC_Producto,Cantidad)
values(24,159335575944,7)
insert into DetalleVenta(Folio_Venta,UPC_Producto,Cantidad)
values(25,739251063190,11)
insert into DetalleVenta(Folio_Venta,UPC_Producto,Cantidad)
values(25,186865765893,3)
insert into DetalleVenta(Folio_Venta,UPC_Producto,Cantidad)
values(26,752229872791,7)

---Compra de Productos entre el 15/11/2017 y el 06/04/2018
select*from CompraProducto order by Folio_Compra 
select format(FechaCompra, 'dd/MM/yyyy'),Folio from Compra order by FechaCompra
select*from Inventario
select*from CompraProducto 

insert into CompraProducto(Folio_Compra,Cantidad,UPC_Producto)
values(27,36,767112048952)
insert into CompraProducto(Folio_Compra,Cantidad,UPC_Producto)
values(28,20,130494031901)
insert into CompraProducto(Folio_Compra,Cantidad,UPC_Producto)
values(28,44,180160089042)
insert into CompraProducto(Folio_Compra,Cantidad,UPC_Producto)
values(28,36,756800548345)
insert into CompraProducto(Folio_Compra,Cantidad,UPC_Producto)
values(28,25,767163568952)
insert into CompraProducto(Folio_Compra,Cantidad,UPC_Producto)
values(28,27,776954606417)
insert into CompraProducto(Folio_Compra,Cantidad,UPC_Producto)
values(29,2,159335575944)
insert into CompraProducto(Folio_Compra,Cantidad,UPC_Producto)
values(29,3,172670665286)
insert into CompraProducto(Folio_Compra,Cantidad,UPC_Producto)
values(29,22,199900210299)
insert into CompraProducto(Folio_Compra,Cantidad,UPC_Producto)
values(29,50,739251063190)
insert into CompraProducto(Folio_Compra,Cantidad,UPC_Producto)
values(29,47,767163568952)
insert into CompraProducto(Folio_Compra,Cantidad,UPC_Producto)
values(30,24,190036470253)
insert into CompraProducto(Folio_Compra,Cantidad,UPC_Producto)
values(30,61,711255919464)
insert into CompraProducto(Folio_Compra,Cantidad,UPC_Producto)
values(30,10,760803117475)
insert into CompraProducto(Folio_Compra,Cantidad,UPC_Producto)
values(30,45,767112048952)
insert into CompraProducto(Folio_Compra,Cantidad,UPC_Producto)
values(30,37,159335575944)

insert into CompraProducto(Folio_Compra,Cantidad,UPC_Producto)
values(31,22,186865765893)
insert into CompraProducto(Folio_Compra,Cantidad,UPC_Producto)
values(31,17,752229106791)
insert into CompraProducto(Folio_Compra,Cantidad,UPC_Producto)
values(32,14,180160089042)
insert into CompraProducto(Folio_Compra,Cantidad,UPC_Producto)
values(32,9,190959243160)
insert into CompraProducto(Folio_Compra,Cantidad,UPC_Producto)
values(32,39,752229872791)
insert into CompraProducto(Folio_Compra,Cantidad,UPC_Producto)
values(32,60,757780878277)
insert into CompraProducto(Folio_Compra,Cantidad,UPC_Producto)
values(33,67,155864423261)
insert into CompraProducto(Folio_Compra,Cantidad,UPC_Producto)
values(33,60,169567943823)
insert into CompraProducto(Folio_Compra,Cantidad,UPC_Producto)
values(33,65,754165106575)
insert into CompraProducto(Folio_Compra,Cantidad,UPC_Producto)
values(34,12,159335575944)
insert into CompraProducto(Folio_Compra,Cantidad,UPC_Producto)
values(34,64,752229872791)
insert into CompraProducto(Folio_Compra,Cantidad,UPC_Producto)
values(34,53,754165106575)
insert into CompraProducto(Folio_Compra,Cantidad,UPC_Producto)
values(34,10,757704328277)
insert into CompraProducto(Folio_Compra,Cantidad,UPC_Producto)
values(34,32,756800548345)
insert into CompraProducto(Folio_Compra,Cantidad,UPC_Producto)
values(35,16,186865883233)
insert into CompraProducto(Folio_Compra,Cantidad,UPC_Producto)
values(35,34,199910640299)
insert into CompraProducto(Folio_Compra,Cantidad,UPC_Producto)
values(35,20,775845546653)
insert into CompraProducto(Folio_Compra,Cantidad,UPC_Producto)
values(36,31,172670665286)
insert into CompraProducto(Folio_Compra,Cantidad,UPC_Producto)
values(36,62,190959243160)
insert into CompraProducto(Folio_Compra,Cantidad,UPC_Producto)
values(36,74,799120351480)
insert into CompraProducto(Folio_Compra,Cantidad,UPC_Producto)
values(37,55,711232159464)
insert into CompraProducto(Folio_Compra,Cantidad,UPC_Producto)
values(37,60,756800548345)
insert into CompraProducto(Folio_Compra,Cantidad,UPC_Producto)
values(38,70,711232159464)
insert into CompraProducto(Folio_Compra,Cantidad,UPC_Producto)
values(38,55,132534950485)
insert into CompraProducto(Folio_Compra,Cantidad,UPC_Producto)
values(39,22,180160717042)
insert into CompraProducto(Folio_Compra,Cantidad,UPC_Producto)
values(39,20,756800548345)
insert into CompraProducto(Folio_Compra,Cantidad,UPC_Producto)
values(39,54,776954606417)
insert into CompraProducto(Folio_Compra,Cantidad,UPC_Producto)
values(39,13,799120351480)
insert into CompraProducto(Folio_Compra,Cantidad,UPC_Producto)
values(39,33,144844572326)
insert into CompraProducto(Folio_Compra,Cantidad,UPC_Producto)
values(40,60,159335575944)
insert into CompraProducto(Folio_Compra,Cantidad,UPC_Producto)
values(40,24,180160089042)
insert into CompraProducto(Folio_Compra,Cantidad,UPC_Producto)
values(40,16,199900210299)
insert into CompraProducto(Folio_Compra,Cantidad,UPC_Producto)
values(40,61,752229106791)
insert into CompraProducto(Folio_Compra,Cantidad,UPC_Producto)
values(41,57,756800548345)


---Transferencia de Productos entre el 13/01/2018 y el 04/05/2018
select i.ID_Almacen,i.[Stock Producto],UPC_Producto,t.ID as [Transferencia ID]  from TransferenciaInventario t inner join Inventario i on i.ID_Almacen=t.ID_AlmacenEnvío
where t.ID_AlmacenRecibe in (select ID_Almacen from Sucursal) and UPC_Producto not in (select UPC from [Productos Peligrosos]) order by [Transferencia ID]

select i.ID_Almacen,i.[Stock Producto],UPC_Producto,t.ID  from TransferenciaInventario t inner join Inventario i on i.ID_Almacen=t.ID_AlmacenEnvío order by t.ID
select*from TransferenciaInventario

insert into TransferenciaProducto([UPC-Producto],Cantidad,ID_TransferenciaInventario)
values(776954606417,30,21)
insert into TransferenciaProducto([UPC-Producto],Cantidad,ID_TransferenciaInventario)
values(133511834602,23,21)
insert into TransferenciaProducto([UPC-Producto],Cantidad,ID_TransferenciaInventario)
values(199910640299,11,21)
insert into TransferenciaProducto([UPC-Producto],Cantidad,ID_TransferenciaInventario)
values(752229872791,21,22)
insert into TransferenciaProducto([UPC-Producto],Cantidad,ID_TransferenciaInventario)
values(171247017183,15,22)
insert into TransferenciaProducto([UPC-Producto],Cantidad,ID_TransferenciaInventario)
values(739251063190,8,22)
insert into TransferenciaProducto([UPC-Producto],Cantidad,ID_TransferenciaInventario)
values(767112048952,39,23)
insert into TransferenciaProducto([UPC-Producto],Cantidad,ID_TransferenciaInventario)
values(756803428345,35,23)
insert into TransferenciaProducto([UPC-Producto],Cantidad,ID_TransferenciaInventario)
values(190036470253,15,23)
insert into TransferenciaProducto([UPC-Producto],Cantidad,ID_TransferenciaInventario)
values(752229872791,13,24)
insert into TransferenciaProducto([UPC-Producto],Cantidad,ID_TransferenciaInventario)
values(172670665286,17,24)
insert into TransferenciaProducto([UPC-Producto],Cantidad,ID_TransferenciaInventario)
values(199900210299,6,25)
insert into TransferenciaProducto([UPC-Producto],Cantidad,ID_TransferenciaInventario)
values(186865765893,18,26)
insert into TransferenciaProducto([UPC-Producto],Cantidad,ID_TransferenciaInventario)
values(756800548345,13,26)
insert into TransferenciaProducto([UPC-Producto],Cantidad,ID_TransferenciaInventario)
values(711255919464,26,27)
insert into TransferenciaProducto([UPC-Producto],Cantidad,ID_TransferenciaInventario)
values(711232159464,26,27)
insert into TransferenciaProducto([UPC-Producto],Cantidad,ID_TransferenciaInventario)
values(155864423261,28,28)
insert into TransferenciaProducto([UPC-Producto],Cantidad,ID_TransferenciaInventario)
values(199910640299,20,29)
insert into TransferenciaProducto([UPC-Producto],Cantidad,ID_TransferenciaInventario)
values(752229872791,34,29)
insert into TransferenciaProducto([UPC-Producto],Cantidad,ID_TransferenciaInventario)
values(171247502183,10,29)
insert into TransferenciaProducto([UPC-Producto],Cantidad,ID_TransferenciaInventario)
values(130494031901,23,30)
insert into TransferenciaProducto([UPC-Producto],Cantidad,ID_TransferenciaInventario)
values(129303147829,12,30)
insert into TransferenciaProducto([UPC-Producto],Cantidad,ID_TransferenciaInventario)
values(756800548345,28,30)
insert into TransferenciaProducto([UPC-Producto],Cantidad,ID_TransferenciaInventario)
values(767163568952,20,31)
insert into TransferenciaProducto([UPC-Producto],Cantidad,ID_TransferenciaInventario)
values(766376969832,50,31)
insert into TransferenciaProducto([UPC-Producto],Cantidad,ID_TransferenciaInventario)
values(133511834602,24,31)
insert into TransferenciaProducto([UPC-Producto],Cantidad,ID_TransferenciaInventario)
values(752229106791,27,32)
insert into TransferenciaProducto([UPC-Producto],Cantidad,ID_TransferenciaInventario)
values(776954606417,21,32)
insert into TransferenciaProducto([UPC-Producto],Cantidad,ID_TransferenciaInventario)
values(799120351480,15,32)

---Ventas entre el 06/01/2016 y el 05/04/2018
select*from Stock_Sucursal order by [Folio Venta]
select*from Inventario where ID_Almacen in (select ID_Almacen from CEDIS) order by ID_Almacen
select*from Venta
select Folio,UPC_Producto,Fecha from DetalleVenta inner join Venta on Venta.Folio=DetalleVenta.Folio_Venta

insert into DetalleVenta(Folio_Venta,UPC_Producto,Cantidad)
values(27,757780878277,30)
insert into DetalleVenta(Folio_Venta,UPC_Producto,Cantidad)
values(27,199910640299,4)
insert into DetalleVenta(Folio_Venta,UPC_Producto,Cantidad)
values(28,752229872791,16)
insert into DetalleVenta(Folio_Venta,UPC_Producto,Cantidad)
values(28,199910640299,13)
insert into DetalleVenta(Folio_Venta,UPC_Producto,Cantidad)
values(29,172670665286,10)
insert into DetalleVenta(Folio_Venta,UPC_Producto,Cantidad)
values(29,752229106791,16)
insert into DetalleVenta(Folio_Venta,UPC_Producto,Cantidad)
values(29,199910640299,4)
insert into DetalleVenta(Folio_Venta,UPC_Producto,Cantidad)
values(30,180160089042,17)
insert into DetalleVenta(Folio_Venta,UPC_Producto,Cantidad)
values(30,776954606417,9)
insert into DetalleVenta(Folio_Venta,UPC_Producto,Cantidad)
values(30,190959243160,14)
insert into DetalleVenta(Folio_Venta,UPC_Producto,Cantidad)
values(31,186865765893,12)
insert into DetalleVenta(Folio_Venta,UPC_Producto,Cantidad)
values(31,756800548345,16)
insert into DetalleVenta(Folio_Venta,UPC_Producto,Cantidad)
values(31,711232159464,11)
insert into DetalleVenta(Folio_Venta,UPC_Producto,Cantidad)
values(32,711232159464,15)
insert into DetalleVenta(Folio_Venta,UPC_Producto,Cantidad)
values(32,756803428345,8)
insert into DetalleVenta(Folio_Venta,UPC_Producto,Cantidad)
values(32,133511834602,2)
insert into DetalleVenta(Folio_Venta,UPC_Producto,Cantidad)
values(33,799076751480,9)
insert into DetalleVenta(Folio_Venta,UPC_Producto,Cantidad)
values(34,756803428345,13)
insert into DetalleVenta(Folio_Venta,UPC_Producto,Cantidad)
values(34,767112048952,21)
insert into DetalleVenta(Folio_Venta,UPC_Producto,Cantidad)
values(34,159302415944,21)
insert into DetalleVenta(Folio_Venta,UPC_Producto,Cantidad)
values(35,129303147829,15)
insert into DetalleVenta(Folio_Venta,UPC_Producto,Cantidad)
values(35,776954606417,12)

---Compras de Productos entre el 03/05/2018 y el 05/11/2018
select*from CompraProducto
insert into CompraProducto(Folio_Compra,Cantidad,UPC_Producto)
values(41,64,186865765893)
insert into CompraProducto(Folio_Compra,Cantidad,UPC_Producto)
values(42,68,756800548345)
insert into CompraProducto(Folio_Compra,Cantidad,UPC_Producto)
values(42,36,130494031901)
insert into CompraProducto(Folio_Compra,Cantidad,UPC_Producto)
values(43,37,180160717042)
insert into CompraProducto(Folio_Compra,Cantidad,UPC_Producto)
values(43,76,186865765893)
insert into CompraProducto(Folio_Compra,Cantidad,UPC_Producto)
values(43,58,757704328277)
insert into CompraProducto(Folio_Compra,Cantidad,UPC_Producto)
values(43,69,767163568952)
insert into CompraProducto(Folio_Compra,Cantidad,UPC_Producto)
values(43,22,756800548345)
insert into CompraProducto(Folio_Compra,Cantidad,UPC_Producto)
values(44,42,757704328277)
insert into CompraProducto(Folio_Compra,Cantidad,UPC_Producto)
values(45,42,171247017183)
insert into CompraProducto(Folio_Compra,Cantidad,UPC_Producto)
values(45,80,190036470253)
insert into CompraProducto(Folio_Compra,Cantidad,UPC_Producto)
values(45,38,757704328277)
insert into CompraProducto(Folio_Compra,Cantidad,UPC_Producto)
values(46,36,133511834602)
insert into CompraProducto(Folio_Compra,Cantidad,UPC_Producto)
values(47,26,169567843823)
insert into CompraProducto(Folio_Compra,Cantidad,UPC_Producto)
values(47,51,172670665286)
insert into CompraProducto(Folio_Compra,Cantidad,UPC_Producto)
values(47,79,186865765893)
insert into CompraProducto(Folio_Compra,Cantidad,UPC_Producto)
values(47,34,776954606417)
insert into CompraProducto(Folio_Compra,Cantidad,UPC_Producto)
values(48,70,171247017183)
insert into CompraProducto(Folio_Compra,Cantidad,UPC_Producto)
values(48,38,180160089042)
insert into CompraProducto(Folio_Compra,Cantidad,UPC_Producto)
values(48,58,799120351480)
insert into CompraProducto(Folio_Compra,Cantidad,UPC_Producto)
values(49,57,171247017183)
insert into CompraProducto(Folio_Compra,Cantidad,UPC_Producto)
values(49,20,190959243160)
insert into CompraProducto(Folio_Compra,Cantidad,UPC_Producto)
values(49,30,757780878277)
insert into CompraProducto(Folio_Compra,Cantidad,UPC_Producto)
values(49,25,760803117475)
insert into CompraProducto(Folio_Compra,Cantidad,UPC_Producto)
values(50,19,754165106575)

---Transferencia de Productos entre el 04/06/2018 y el 04/12/2018
select i.ID_Almacen,i.[Stock Producto],UPC_Producto,t.ID as [Transferencia ID]  from TransferenciaInventario t inner join Inventario i on i.ID_Almacen=t.ID_AlmacenEnvío
where t.ID_AlmacenRecibe in (select ID_Almacen from Sucursal) and UPC_Producto not in (select UPC from [Productos Peligrosos]) order by [Transferencia ID]

select i.ID_Almacen,i.[Stock Producto],UPC_Producto,t.ID  from TransferenciaInventario t inner join Inventario i on i.ID_Almacen=t.ID_AlmacenEnvío order by t.ID
select*from TransferenciaInventario

insert into TransferenciaProducto([UPC-Producto],Cantidad,ID_TransferenciaInventario)
values(171247017183,8,34)
insert into TransferenciaProducto([UPC-Producto],Cantidad,ID_TransferenciaInventario)
values(799120351480,34,35)
insert into TransferenciaProducto([UPC-Producto],Cantidad,ID_TransferenciaInventario)
values(775845546653,20,35)
insert into TransferenciaProducto([UPC-Producto],Cantidad,ID_TransferenciaInventario)
values(752229106791,27,35)
insert into TransferenciaProducto([UPC-Producto],Cantidad,ID_TransferenciaInventario)
values(171247017183,43,35)
insert into TransferenciaProducto([UPC-Producto],Cantidad,ID_TransferenciaInventario)
values(159335575944,54,36)
insert into TransferenciaProducto([UPC-Producto],Cantidad,ID_TransferenciaInventario)
values(186865765893,39,36)
insert into TransferenciaProducto([UPC-Producto],Cantidad,ID_TransferenciaInventario)
values(171247502183,25,36)
insert into TransferenciaProducto([UPC-Producto],Cantidad,ID_TransferenciaInventario)
values(756800548345,56,36)
insert into TransferenciaProducto([UPC-Producto],Cantidad,ID_TransferenciaInventario)
values(760803117475,11,37)
insert into TransferenciaProducto([UPC-Producto],Cantidad,ID_TransferenciaInventario)
values(171247017183,29,37)
insert into TransferenciaProducto([UPC-Producto],Cantidad,ID_TransferenciaInventario)
values(155864423261,2,37)
insert into TransferenciaProducto([UPC-Producto],Cantidad,ID_TransferenciaInventario)
values(752229106791,23,38)
insert into TransferenciaProducto([UPC-Producto],Cantidad,ID_TransferenciaInventario)
values(766376969832,30,39)
insert into TransferenciaProducto([UPC-Producto],Cantidad,ID_TransferenciaInventario)
values(190036470253,47,39)
insert into TransferenciaProducto([UPC-Producto],Cantidad,ID_TransferenciaInventario)
values(776954606417,36,39)
insert into TransferenciaProducto([UPC-Producto],Cantidad,ID_TransferenciaInventario)
values(199900210299,11,39)
insert into TransferenciaProducto([UPC-Producto],Cantidad,ID_TransferenciaInventario)
values(169567943823,65,39)
insert into TransferenciaProducto([UPC-Producto],Cantidad,ID_TransferenciaInventario)
values(186865765893,78,39)
insert into TransferenciaProducto([UPC-Producto],Cantidad,ID_TransferenciaInventario)
values(133511834602,24,40)
insert into TransferenciaProducto([UPC-Producto],Cantidad,ID_TransferenciaInventario)
values(776954606417,3,40)
insert into TransferenciaProducto([UPC-Producto],Cantidad,ID_TransferenciaInventario)
values(752229872791,14,41)
insert into TransferenciaProducto([UPC-Producto],Cantidad,ID_TransferenciaInventario)
values(756803428345,34,42)
insert into TransferenciaProducto([UPC-Producto],Cantidad,ID_TransferenciaInventario)
values(756800548345,45,42)
insert into TransferenciaProducto([UPC-Producto],Cantidad,ID_TransferenciaInventario)
values(159302415944,25,42)
insert into TransferenciaProducto([UPC-Producto],Cantidad,ID_TransferenciaInventario)
values(186865765893,32,43)
insert into TransferenciaProducto([UPC-Producto],Cantidad,ID_TransferenciaInventario)
values(767163568952,41,43)
insert into TransferenciaProducto([UPC-Producto],Cantidad,ID_TransferenciaInventario)
values(760803117475,3,44)
insert into TransferenciaProducto([UPC-Producto],Cantidad,ID_TransferenciaInventario)
values(171247502183,14,44)
insert into TransferenciaProducto([UPC-Producto],Cantidad,ID_TransferenciaInventario)
values(775845546653,15,46)
insert into TransferenciaProducto([UPC-Producto],Cantidad,ID_TransferenciaInventario)
values(754165106575,22,46)
insert into TransferenciaProducto([UPC-Producto],Cantidad,ID_TransferenciaInventario)
values(171247017183,7,47)
insert into TransferenciaProducto([UPC-Producto],Cantidad,ID_TransferenciaInventario)
values(752229106791,8,47)
insert into TransferenciaProducto([UPC-Producto],Cantidad,ID_TransferenciaInventario)
values(190036470253,81,48)
insert into TransferenciaProducto([UPC-Producto],Cantidad,ID_TransferenciaInventario)
values(199910640299,30,48)
insert into TransferenciaProducto([UPC-Producto],Cantidad,ID_TransferenciaInventario)
values(767163568952,52,48)
insert into TransferenciaProducto([UPC-Producto],Cantidad,ID_TransferenciaInventario)
values(799120351480,26,48)
insert into TransferenciaProducto([UPC-Producto],Cantidad,ID_TransferenciaInventario)
values(752229106791,17,48)

---Ventas entre el 06/06/2018 y el 28/11/2018
select format(Fecha, 'dd/MM/yyyy'),Folio from Venta order by Fecha

select*from Stock_Sucursal order by [Folio Venta]
select*from Inventario where ID_Almacen in (select ID_Almacen from CEDIS) order by ID_Almacen
select Folio,UPC_Producto,Fecha from DetalleVenta inner join Venta on Venta.Folio=DetalleVenta.Folio_Venta

insert into DetalleVenta(Folio_Venta,UPC_Producto,Cantidad)
values(36,757704328277,36)
insert into DetalleVenta(Folio_Venta,UPC_Producto,Cantidad)
values(36,756800548345,13)
insert into DetalleVenta(Folio_Venta,UPC_Producto,Cantidad)
values(36,186865883233,9)
insert into DetalleVenta(Folio_Venta,UPC_Producto,Cantidad)
values(36,754165106575,11)
insert into DetalleVenta(Folio_Venta,UPC_Producto,Cantidad)
values(37,133511834602,40)
insert into DetalleVenta(Folio_Venta,UPC_Producto,Cantidad)
values(37,756800548345,4)
insert into DetalleVenta(Folio_Venta,UPC_Producto,Cantidad)
values(38,752229872791,16)
insert into DetalleVenta(Folio_Venta,UPC_Producto,Cantidad)
values(39,159302415944,8)
insert into DetalleVenta(Folio_Venta,UPC_Producto,Cantidad)
values(39,133511834602,25)
insert into DetalleVenta(Folio_Venta,UPC_Producto,Cantidad)
values(39,199900210299,18)
insert into DetalleVenta(Folio_Venta,UPC_Producto,Cantidad)
values(40,799120351480,16)
insert into DetalleVenta(Folio_Venta,UPC_Producto,Cantidad)
values(40,752229106791,25)
insert into DetalleVenta(Folio_Venta,UPC_Producto,Cantidad)
values(40,129303147829,14)
insert into DetalleVenta(Folio_Venta,UPC_Producto,Cantidad)
values(41,180160089042,18)
insert into DetalleVenta(Folio_Venta,UPC_Producto,Cantidad)
values(41,799076751480,7)
insert into DetalleVenta(Folio_Venta,UPC_Producto,Cantidad)
values(41,760803117475,3)
insert into DetalleVenta(Folio_Venta,UPC_Producto,Cantidad)
values(42,752229106791,8)
insert into DetalleVenta(Folio_Venta,UPC_Producto,Cantidad)
values(42,767112048952,3)
insert into DetalleVenta(Folio_Venta,UPC_Producto,Cantidad)
values(42,752229872791,14)
insert into DetalleVenta(Folio_Venta,UPC_Producto,Cantidad)
values(43,129303147829,15)
insert into DetalleVenta(Folio_Venta,UPC_Producto,Cantidad)
values(43,159302415944,6)
insert into DetalleVenta(Folio_Venta,UPC_Producto,Cantidad)
values(43,199900210299,4)
insert into DetalleVenta(Folio_Venta,UPC_Producto,Cantidad)
values(44,799120351480,18)
insert into DetalleVenta(Folio_Venta,UPC_Producto,Cantidad)
values(44,171247017183,12)
insert into DetalleVenta(Folio_Venta,UPC_Producto,Cantidad)
values(44,752229106791,23)
insert into DetalleVenta(Folio_Venta,UPC_Producto,Cantidad)
values(44,169567943823,14)
insert into DetalleVenta(Folio_Venta,UPC_Producto,Cantidad)
values(45,752229106791,6)
insert into DetalleVenta(Folio_Venta,UPC_Producto,Cantidad)
values(46,159335575944,15)
insert into DetalleVenta(Folio_Venta,UPC_Producto,Cantidad)
values(46,756800548345,19)
insert into DetalleVenta(Folio_Venta,UPC_Producto,Cantidad)
values(47,752229872791,11)
insert into DetalleVenta(Folio_Venta,UPC_Producto,Cantidad)
values(47,171247017183,9)
insert into DetalleVenta(Folio_Venta,UPC_Producto,Cantidad)
values(48,190036470253,16)
insert into DetalleVenta(Folio_Venta,UPC_Producto,Cantidad)
values(48,776954606417,10)
insert into DetalleVenta(Folio_Venta,UPC_Producto,Cantidad)
values(49,133511834602,19)
insert into DetalleVenta(Folio_Venta,UPC_Producto,Cantidad)
values(49,739251629190,5)
insert into DetalleVenta(Folio_Venta,UPC_Producto,Cantidad)
values(49,169567943823,13)
insert into DetalleVenta(Folio_Venta,UPC_Producto,Cantidad)
values(50,757780878277,13)
insert into DetalleVenta(Folio_Venta,UPC_Producto,Cantidad)
values(50,172670665286,7)
insert into DetalleVenta(Folio_Venta,UPC_Producto,Cantidad)
values(51,186865765893,12)
insert into DetalleVenta(Folio_Venta,UPC_Producto,Cantidad)
values(51,711232159464,19)

---Tipo Pago
select*from TipoPago
insert into TipoPago(Tipo, Descripción)
values('Efectivo','El pago se realizó en papel y/o moneda.')
insert into TipoPago(Tipo, Descripción)
values('Tarjeta de Crédito','El pago se emitió mediante una tarjeta de crédito/debito.')
insert into TipoPago(Tipo, Descripción)
values('Cheque Bancario','El pago se realizó mediante un cheque afiliado a una entidad financiera.')

---Pago
select*from Pago
select ID_Cliente,v.Folio,Fecha,Sum(PrecioUnitarioProducto*Cantidad) from Venta v inner join DetalleVenta d on d.Folio_Venta=v.Folio group by v.Folio,Fecha,ID_Cliente
select*from DetalleVenta
insert into Pago(