Use [Gallo Giro]
Go
---6to Paso: Cargas iniciales

---Region
select*from Region
insert into Region(Nombre)
values('Costas'),('Fronterizo'),('Centro')
Go

---Ciudad
select*from Ciudad
insert into Ciudad(Nombre,ID_region)
values('Anáhuac',2), ('CD. Obregón',2),('Chihuahua',3),('Culiacan',1), ('Guamuchil',1),('Guaymas',1), ('Hermosillo',3),('Mazatlán',1),
('CD.Cuauthemoc',3),('Navojoa',1)
Go

--inner join
select Ciudad.Nombre as [Nombre Ciudad],ciudad.ID,Region.ID, Region.Nombre as [Nombre Region] from Ciudad
 inner join Region on Region.ID=Ciudad.ID_Region

---Right join
select Ciudad.Nombre as [Nombre Ciudad],ciudad.ID,Region.ID, Region.Nombre as [Nombre Region] from Ciudad 
right join Region on Region.ID=Ciudad.id_region

---Left join
select Ciudad.Nombre as [Nombre Ciudad],ciudad.ID,Region.ID, Region.Nombre as [Nombre Region] from Ciudad 
left join Region on Region.ID=Ciudad.id_region

---Dirección
select*from Dirección
insert into Dirección(CP,Número,Calle,ID_Ciudad)
values(80190,3190,'Av. Gral. Maximiliano Gamez',4)
insert into Dirección(CP,Número,Calle,ID_Ciudad)
values(80016,2145,'Profra. Emiliano Zapata',4)
insert into Dirección(CP,Número,Calle,ID_Ciudad)
values(80060,1112,'Gral. Angel Flores',4)
insert into Dirección(CP,Número,Calle,ID_Ciudad)
values(82154,84,'Vison',8)
insert into Dirección(CP,Número,Calle,ID_Ciudad)
values(82190,313,'La Amapá',8)
insert into Dirección(CP,Número,Calle,ID_Ciudad)
values(82190,null,'Manuel J. Clouthier',8)
insert into Dirección(CP,Número,Calle,ID_Ciudad)
values(85440,124,'Calle Ocho',6)
insert into Dirección(CP,Número,Calle,ID_Ciudad)
values(85440,13,'Plaza del Centenario',7)
insert into Dirección(CP,Número,Calle,ID_Ciudad)
values(85456,205,'Oscar Ruiz Almeida',6)
insert into Dirección(CP,Número,Calle,ID_Ciudad)
values(31600,202,'5 de febrero',1)
insert into Dirección(CP,Número,Calle,ID_Ciudad)
values(85060,null,'Calle Ignacio Zaragoza',2)
insert into Dirección(CP,Número,Calle,ID_Ciudad)
values(null,517,'Sta Matilde',2)
insert into Dirección(CP,Número,Calle,ID_Ciudad)
values(85890,211,'Jesus García',10)
insert into Dirección(CP,Número,Calle,ID_Ciudad)
values(81460,534,'16 de septiembre',5)
insert into Dirección(CP,Número,Calle,ID_Ciudad)
values(80016,3774,'Calz de las Americas',4)
insert into Dirección(CP,Número,Calle,ID_Ciudad)
values(31530,3795,'Leona Vicario',9)
insert into Dirección(CP,Número,Calle,ID_Ciudad)
values(31350,2703,'Mariano Horcasitas',3)
insert into Dirección(CP,Número,Calle,ID_Ciudad)
values(85890,300,'Jesus García',10)
insert into Dirección(CP,Número,Calle,ID_Ciudad)
values(85890,304,'Manuel Cubillas',10)
insert into Dirección(CP,Número,Calle,ID_Ciudad)
values(85456,12,'Felipe Bárcenas Sartini',6)
insert into Dirección(CP,Número,Calle,ID_Ciudad)
values(31600,406,'Laguna',1)
insert into Dirección(CP,Número,Calle,ID_Ciudad)
values(31600,405,'De los deportes',1)
insert into Dirección(CP,Número,Calle,ID_Ciudad)
values(null,2795,'San Clemente',2)
insert into Dirección(CP,Número,Calle,ID_Ciudad)
values(31550,null,'21 de marzo',9)
insert into Dirección(CP,Número,Calle,ID_Ciudad)
values(31550,1085,'10 de mayo',9)
insert into Dirección(CP,Número,Calle,ID_Ciudad)
values(31530,3733,'Mariano Jiménez',9)
insert into Dirección(CP,Número,Calle,ID_Ciudad)
values(81460,null,'José Maria Morelos',5)
insert into Dirección(CP,Número,Calle,ID_Ciudad)
values(80190,3280,'Av. Gral. Maximiliano Gamez',4)
insert into Dirección(CP,Número,Calle,ID_Ciudad)
values(83080,50,'Nicaragua',7)
insert into Dirección(CP,Número,Calle,ID_Ciudad)
values(83080,100,'Nicaragua',7)
insert into Dirección(CP,Número,Calle,ID_Ciudad)
values(83118,17,'De los pimas',7)
insert into Dirección(CP,Número,Calle,ID_Ciudad)
values(80060,1325,'Lago de Patzcuaro',4)
insert into Dirección(CP,Número,Calle,ID_Ciudad)
values(83080,221,'Calle Mina',7)
insert into Dirección(CP,Número,Calle,ID_Ciudad)
values(31350,2202,'Calle 35',3)

---Almacen
select ID as AlmacenID from Almacen except (select ID_Almacen from CEDIS) 
select*from Almacen
insert into Almacen(ID_Dirección)
values(9),(10),(4),(3),(12),(15),(31),(24),(19),(7),(18),(21),(13),(11),(8),(27),(30),(14),(22)

---CEDIS
select*from CEDIS
insert into CEDIS(ID_Almacen,[CapacIDad_(palets/nivel)])
values(250,840),(258,250),(262,370),(270,default),(278,default),(286,674),(294,default),(298,530)

---Sucursal
select*from Sucursal
insert into Sucursal(ID_Almacen,ID_CEDIS)
values(254,258),(266,250),(274,262),(282,262),(290,270),(302,286),(310,286),(314,294),(318,270),(322,298),(306,270)

---Tipo Clientes
select*from TipoCliente
insert into TipoCliente(ID,Tipo,Descripción)
values(1,'Domestico','Personas que compran productos para su jardín o huerto familiar.'),
(2,'Agricultor','Persona que siembra grandes cantidades de tierra.')

---Clientes
select d.ID as IdDirección, d.Calle as NombreCalle from Dirección d 
where not exists (select Almacen.ID_Dirección from Almacen where d.ID=Almacen.ID_Dirección) order by IdDirección

select d.ID as IdDirección, d.Calle as NombreCalle from Dirección d 
where d.ID not in (select Almacen.ID_Dirección from Almacen) and d.ID not in(select Cliente.ID_Dirección from Cliente) order by IdDirección

select*from [Cliente]
insert into [Cliente](ID_Dirección,Nombre,ApellIDoPaterno,ApellIDoMaterno,ID_Tipo,RFC)
values(1,'Jorge','Osuna','Quintana',1,'OUQJ990608F53')
insert into [Cliente](ID_Dirección,Nombre,ApellIDoPaterno,ApellIDoMaterno,ID_Tipo,RFC)
values(1,'Carmen','Quintana','Santana',1,'QUSC640831AS3')
insert into [Cliente](ID_Dirección,Nombre,ApellIDoPaterno,ApellIDoMaterno,ID_Tipo,RFC)
values(2,'Oliver','Rodriguez','Gomez',2,'ROGO9907049F6')
insert into [Cliente](ID_Dirección,Nombre,ApellIDoPaterno,ApellIDoMaterno,ID_Tipo,RFC)
values(5,'Juanito','Lopez','Perez',1,'LOPJ941118RE7')
insert into [Cliente](ID_Dirección,Nombre,ApellIDoPaterno,ApellIDoMaterno,ID_Tipo,RFC)
values(6,'Carito','Lopez','Villa',2,'LOVC990101HR5')
insert into [Cliente](ID_Dirección,Nombre,ApellIDoPaterno,ApellIDoMaterno,ID_Tipo,RFC)
values(16,'Pedro','Villas','Casas',2,'VICP650414CF3')
insert into [Cliente](ID_Dirección,Nombre,ApellIDoPaterno,ApellIDoMaterno,ID_Tipo,RFC)
values(17,'Marina','Manjarrez','Quintana',1,'MAQM851209HR2')
insert into [Cliente](ID_Dirección,Nombre,ApellIDoPaterno,ApellIDoMaterno,ID_Tipo,RFC)
values(20,'Luis','Guerrero','Gutierrez',2,'GUGL010220LD4')
insert into [Cliente](ID_Dirección,Nombre,ApellIDoPaterno,ApellIDoMaterno,ID_Tipo,RFC)
values(23,'Fernando','Smith','Peraza',1,'SIPF880515MT7')
insert into [Cliente](ID_Dirección,Nombre,ApellIDoPaterno,ApellIDoMaterno,ID_Tipo,RFC)
values(25,'Daniel','Encizo','Lopez',1,'EILD941012K3A')
insert into [Cliente](ID_Dirección,Nombre,ApellIDoPaterno,ApellIDoMaterno,ID_Tipo,RFC)
values(26,'Francisco','Gonzáles','Esquivel',2,'GOEF900530HCA')
insert into [Cliente](ID_Dirección,Nombre,ApellIDoPaterno,ApellIDoMaterno,ID_Tipo,RFC)
values(26,'Flor','Hernandez','Esquivel',1,'HEEF960816MI0')
insert into [Cliente](ID_Dirección,Nombre,ApellIDoPaterno,ApellIDoMaterno,ID_Tipo,RFC)
values(28,'Nadia','Florencia','Martinez',2,'FOMN8207247F3')
insert into [Cliente](ID_Dirección,Nombre,ApellIDoPaterno,ApellIDoMaterno,ID_Tipo,RFC)
values(29,'Claudia','Bejarano','Martinez',2,'BEMC511110QC9')
insert into [Cliente](ID_Dirección,Nombre,ApellIDoPaterno,ApellIDoMaterno,ID_Tipo,RFC)
values(32,'Daniela','Mascareño','Quiroz',1,'MAQD8307216R8')
insert into [Cliente](ID_Dirección,Nombre,ApellIDoPaterno,ApellIDoMaterno,ID_Tipo,RFC)
values(33,'Luis','Fernando','Arriaga',1,'FEAL681019K12')
insert into [Cliente](ID_Dirección,Nombre,ApellIDoPaterno,ApellIDoMaterno,ID_Tipo,RFC)
values(33,'Clarisa','Fernando','Arriaga',1,'FEAC750117T35')
insert into [Cliente](ID_Dirección,Nombre,ApellIDoPaterno,ApellIDoMaterno,ID_Tipo,RFC)
values(34,'Angel','Esquivel','Morales',2,'EUMA960922Q18')

---Actividad 
select*from Actividad
insert into Actividad(Nombre)
values('Horticultor'),('Floricultor'),('Productor de semillas'),('Productor de granos')

---Actividad agricultor
select Cliente.ID,Nombre,ApellIDoPaterno from Cliente inner join TipoCliente on TipoCliente.ID=Cliente.ID_Tipo where TipoCliente.Tipo='Agricultor'
select*from Actividad order by ID
select*from Actividad_Agricultor
insert into Actividad_Agricultor(ID_Agricultor,ID_Actividad)
values(108,2),(108,4),(120,2),(128,4),(128,3),(140,1),(148,2),(148,4),(152,3),(168,4) 

---Dimensión
select convert(varchar, Cantidad)+' '+Unidad_de_Medida as Presentación from Dimensión---Importante
insert into Dimensión(ID,Cantidad,Unidad_de_Medida)
values(1,100,'g'),(2,1,'Kg'),(3,1,'L'),(4,2.2,'Kg'),(5,10,'L'),(6,3.54,'Kg'),(7,25,'Lb'),(8,20,'Kg'),(9,9.53,'Lb'),(10,250,'ml'),
(11,20,'L'),(12,500,'g'),(13,1,'gal')
insert into Dimensión(ID,Cantidad,Unidad_de_Medida)
values(14,50,'g')
insert into Dimensión(ID,Cantidad,Unidad_de_Medida)
values(15,390,'g')
insert into Dimensión(ID,Cantidad,Unidad_de_Medida)
values(16,10,'Kg')
insert into Dimensión(ID,Cantidad,Unidad_de_Medida)
values(17,6,'L')
insert into Dimensión(ID,Cantidad,Unidad_de_Medida)
values(18,25,'L')
insert into Dimensión(ID,Cantidad,Unidad_de_Medida)
values(19,2.6,'gal')

---Componente activo
select*from Componente_Activo
insert into Componente_Activo(Nombre,Fórmula_Química)
values('Azadiractina','C35H44O16'),('Bacillus thuringiensis',null),('Sales potasicas de acidos grasos','CH3-(CH2)n-COO-Na+'),('Hidróxido cúprico','Cu(OH)2'),
('Bacillus subtilis',null),('Bicarbonato de potasio','2 KHCO3 → K2CO3 + CO2 + H2O'),('Ácido peracético','CH3CO3H'),('Peróxido de hidrógeno','H2O2'),('Gliocladium virens',null)
,('Pineno','C10H16'),('Alcohol Etoxilado','C11-C13')
insert into Componente_Activo(Nombre,Fórmula_Química)
values('Tebuconazole','C16H22ClN3O')
insert into Componente_Activo(Nombre,Fórmula_Química)
values('Cipermetrina','C22H19Cl2NO3')
insert into Componente_Activo(Nombre,Fórmula_Química)
values('Trifluralina','C13H16F3N3O4')
insert into Componente_Activo(Nombre,Fórmula_Química)
values('Nitrogeno','N')
insert into Componente_Activo(Nombre,Fórmula_Química)
values('Dimetilamina','(CH3)2NH')

---Familia
select*from [Familia]
insert into [Familia](Nombre,Descripción)
values('Fertilizantes','Sustancias que facilitan el crecimiento de los cultivos y jardines'),
('Fungicida','Sustancias tóxicas que impiden el crecimiento o eliminar los hongos y mohos perjudiciales.')
,('Herbicida','Producto que se utiliza para interrumpir el desarrollo de plantas indeseadas(malas hierbas)'),
('Insecticida','Compuesto químico utilizado para matar insectos.'),
('Semillas','Cuerpos que forman parte del fruto que da origen a una nueva planta.'),
('Coadyuvante','Sustancia que se agrega al tanque de pulverización y separada del pesticida para mejorar su rendimiento.')

---Proveedor 
select*from Proveedor
insert into Proveedor(Nombre,RFC,[E-Mail])
values('Agroindustrias Martel','AGM790923QW3','ContactoAgroindustrias@Martel.com')
insert into Proveedor(Nombre,RFC,[E-Mail])
values('Celuz Agro','CEA170612DF6','ventas@celuz.mx')
insert into Proveedor(Nombre,RFC,[E-Mail])
values('Agricola de León','AGL980312GL9','ContactoVentas@agleón.mx')
insert into Proveedor(Nombre,RFC,[E-Mail])
values('Agricola del Sur','ASU021014ZM4','ventas@agricoladelsur.com')


---Etiqueta de Peligro
select*from Etiqueta_Peligro
insert into Etiqueta_Peligro(Simbolo,Nombre_Peligro)
values('E','Explosivo')
insert into Etiqueta_Peligro(Simbolo,Nombre_Peligro)
values('O ','Comburente')
insert into Etiqueta_Peligro(Simbolo,Nombre_Peligro)
values('F ','Fácilmente inflamable')
insert into Etiqueta_Peligro(Simbolo,Nombre_Peligro)
values('F+','Extremadamente inflamable')
insert into Etiqueta_Peligro(Simbolo,Nombre_Peligro)
values('T','Tóxico')
insert into Etiqueta_Peligro(Simbolo,Nombre_Peligro)
values('T+',' Muy tóxico')
insert into Etiqueta_Peligro(Simbolo,Nombre_Peligro)
values('Xn','Nocivo')
insert into Etiqueta_Peligro(Simbolo,Nombre_Peligro)
values('Xi','Irritante')
insert into Etiqueta_Peligro(Simbolo,Nombre_Peligro)
values('C','Corrosivo')
insert into Etiqueta_Peligro(Simbolo,Nombre_Peligro)
values('N','Peligroso para el medio ambiente')

---Producto
select*from Producto
insert into Producto(Nombre,ID_ComponenteActivo,ID_Familia,ID_Proveedor,Punto_de_reorden)
values('IMPIDE',3,39,2,25)
insert into Producto(Nombre,ID_ComponenteActivo,ID_Familia,ID_Proveedor,Punto_de_reorden)
values('SoilBuilder',5,45,2,14)
insert into Producto(Nombre,ID_ComponenteActivo,ID_Familia,ID_Proveedor,Punto_de_reorden)
values('Cebada Orchesta',null,42,4,40)
insert into Producto(Nombre,ID_ComponenteActivo,ID_Familia,ID_Proveedor,Punto_de_reorden)
values('Solaris Bio 250 EW',12,30,3,12)
insert into Producto(Nombre,ID_ComponenteActivo,ID_Familia,ID_Proveedor,Punto_de_reorden)
values('CYNOFF® 40 WP',13,39,4,16)
insert into Producto(Nombre,ID_ComponenteActivo,ID_Familia,ID_Proveedor,Punto_de_reorden)
values('OxiCure',8,33,3,23)
insert into Producto(Nombre,ID_ComponenteActivo,ID_Familia,ID_Proveedor,Punto_de_reorden)
values('Nutrileaf',3,30,3,18)
insert into Producto(Nombre,ID_ComponenteActivo,ID_Familia,ID_Proveedor,Punto_de_reorden)
values('OROCIT',11,45,1,25)
insert into Producto(Nombre,ID_ComponenteActivo,ID_Familia,ID_Proveedor,Punto_de_reorden)
values('TRILOGY',4,39,2,23)
insert into Producto(Nombre,ID_ComponenteActivo,ID_Familia,ID_Proveedor,Punto_de_reorden)
values('Triflurex 48 EC',14,36,1,31)
insert into Producto(Nombre,ID_ComponenteActivo,ID_Familia,ID_Proveedor,Punto_de_reorden)
values('PHC® MilStop Plus®',6,33,2,15)
insert into Producto(Nombre,ID_ComponenteActivo,ID_Familia,ID_Proveedor,Punto_de_reorden)
values('Maíz Superbia',null,42,4,53)
insert into Producto(Nombre,ID_ComponenteActivo,ID_Familia,ID_Proveedor,Punto_de_reorden)
values('NITRO BLEND®',15,30,1,23)
insert into Producto(Nombre,ID_ComponenteActivo,ID_Familia,ID_Proveedor,Punto_de_reorden)
values('XenTari DF',5,39,2,18)
insert into Producto(Nombre,ID_ComponenteActivo,ID_Familia,ID_Proveedor,Punto_de_reorden)
values('Sorgo Ascoli',null,42,1,210)
insert into Producto(Nombre,ID_ComponenteActivo,ID_Familia,ID_Proveedor,Punto_de_reorden)
values('PFR-97',2,39,4,16)
insert into Producto(Nombre,ID_ComponenteActivo,ID_Familia,ID_Proveedor,Punto_de_reorden)
values('GESAPRIM® AUTOSUSPENSIBLE',10,36,3,24)
insert into Producto(Nombre,ID_ComponenteActivo,ID_Familia,ID_Proveedor,Punto_de_reorden)
values('Trigo Blando Bonifacio',null,42,3,15)
insert into Producto(Nombre,ID_ComponenteActivo,ID_Familia,ID_Proveedor,Punto_de_reorden)
values('Javelin® WG',2,39,2,29)
insert into Producto(Nombre,ID_ComponenteActivo,ID_Familia,ID_Proveedor,Punto_de_reorden)
values('ECO-FILM',10,45,1,15)
insert into Producto(Nombre,ID_ComponenteActivo,ID_Familia,ID_Proveedor,Punto_de_reorden)
values('CELL FORCE MAX',12,30,4,25)
insert into Producto(Nombre,ID_ComponenteActivo,ID_Familia,ID_Proveedor,Punto_de_reorden)
values('PROMISE',7,45,4,17)
insert into Producto(Nombre,ID_ComponenteActivo,ID_Familia,ID_Proveedor,Punto_de_reorden)
values('Kocide® 2000',4,33,2,34)
insert into Producto(Nombre,ID_ComponenteActivo,ID_Familia,ID_Proveedor,Punto_de_reorden)
values('FAENA ® FUERTE 360',3,36,1,37)
insert into Producto(Nombre,ID_ComponenteActivo,ID_Familia,ID_Proveedor,Punto_de_reorden)
values('AZA-Direct 1.2 CE',1,39,2,34)
insert into Producto(Nombre,ID_ComponenteActivo,ID_Familia,ID_Proveedor,Punto_de_reorden)
values('Paso D',16,36,1,38)
insert into Producto(Nombre,ID_ComponenteActivo,ID_Familia,ID_Proveedor,Punto_de_reorden)
values('Remolacha Maressa',null,42,3,30)

---Tipo entrega
select*from TipoEntrega
insert into TipoEntrega(Nombre,Descripción)
values('A Domicilio','El producto se entrega en el domicilio o campo donde se utilizará el producto.')
insert into TipoEntrega(Nombre,Descripción)
values('En CEDIS','El cliente recoge directamente del CEDIS el producto comprado cuando no se tienen unidades en sucursal.')
insert into TipoEntrega(Nombre,Descripción)
values('En Sucursal','El cliente recoge el producto comprado en sucursal si hay unidades en existencia.')

---Presentación
select UPC,PrecioUnitarioActual from Presentación inner join Dimensión on Dimensión.ID=Presentación.ID_Dimensión
select p.ID,p.Nombre,f.Nombre,pr.Nombre from Producto p inner join Familia f on f.ID=p.ID_Familia inner join Proveedor pr on pr.ID=p.ID_Proveedor

insert into Presentación(ID_Base,ID_Dimensión,PrecioUnitarioActual,[Volumen(dm3)],UPC)
values(1,5,$1420,10,754165146475)
insert into Presentación(ID_Base,ID_Dimensión,PrecioUnitarioActual,[Volumen(dm3)],UPC)
values(1,17,$890,6,754165106575)
insert into Presentación(ID_Base,ID_Dimensión,PrecioUnitarioActual,[Volumen(dm3)],UPC)
values(2,5,$1564,10,186865883233)
insert into Presentación(ID_Base,ID_Dimensión,PrecioUnitarioActual,[Volumen(dm3)],UPC)
values(2,11,$2820,20,186865765893)
insert into Presentación(ID_Base,ID_Dimensión,PrecioUnitarioActual,[Volumen(dm3)],UPC)
values(3,7,$540,null,739251063190)
insert into Presentación(ID_Base,ID_Dimensión,PrecioUnitarioActual,[Volumen(dm3)],UPC)
values(3,8,$790,null,739251629190)
insert into Presentación(ID_Base,ID_Dimensión,PrecioUnitarioActual,[Volumen(dm3)],UPC)
values(4,10,$250,0.250,169567843823)
insert into Presentación(ID_Base,ID_Dimensión,PrecioUnitarioActual,[Volumen(dm3)],UPC)
values(4,3,$640,1,169567943823)
insert into Presentación(ID_Base,ID_Dimensión,PrecioUnitarioActual,[Volumen(dm3)],UPC)
values(5,14,$900,null,752229106791)
insert into Presentación(ID_Base,ID_Dimensión,PrecioUnitarioActual,[Volumen(dm3)],UPC)
values(5,12,$1679,1.65,752229872791)
insert into Presentación(ID_Base,ID_Dimensión,PrecioUnitarioActual,[Volumen(dm3)],UPC)
values(6,3,$217,1,144844572326)
insert into Presentación(ID_Base,ID_Dimensión,PrecioUnitarioActual,[Volumen(dm3)],UPC)
values(7,7,$774,4,760803117475)
insert into Presentación(ID_Base,ID_Dimensión,PrecioUnitarioActual,[Volumen(dm3)],UPC)
values(8,5,$532,10,180160717042)
insert into Presentación(ID_Base,ID_Dimensión,PrecioUnitarioActual,[Volumen(dm3)],UPC)
values(8,13,$170,3.73,180160089042)
insert into Presentación(ID_Base,ID_Dimensión,PrecioUnitarioActual,[Volumen(dm3)],UPC)
values(9,3,$900,1,172670665286)
insert into Presentación(ID_Base,ID_Dimensión,PrecioUnitarioActual,[Volumen(dm3)],UPC)
values(9,19,$2736,9.46,129303147829)
insert into Presentación(ID_Base,ID_Dimensión,PrecioUnitarioActual,[Volumen(dm3)],UPC)
values(10,3,$120,1,756803428345)
insert into Presentación(ID_Base,ID_Dimensión,PrecioUnitarioActual,[Volumen(dm3)],UPC)
values(10,5,$744,10,756800548345)
insert into Presentación(ID_Base,ID_Dimensión,PrecioUnitarioActual,[Volumen(dm3)],UPC)
values(11,2,$296,1,171247017183)
insert into Presentación(ID_Base,ID_Dimensión,PrecioUnitarioActual,[Volumen(dm3)],UPC)
values(11,15,$90,null,171247502183)
insert into Presentación(ID_Base,ID_Dimensión,PrecioUnitarioActual,[Volumen(dm3)],UPC)
values(12,15,$9,null,711255919464)
insert into Presentación(ID_Base,ID_Dimensión,PrecioUnitarioActual,[Volumen(dm3)],UPC)
values(12,8,$360,null,711232159464)
insert into Presentación(ID_Base,ID_Dimensión,PrecioUnitarioActual,[Volumen(dm3)],UPC)
values(13,11,$1120,20,190959722260)
insert into Presentación(ID_Base,ID_Dimensión,PrecioUnitarioActual,[Volumen(dm3)],UPC)
values(13,5,$645,10,190959243160)
insert into Presentación(ID_Base,ID_Dimensión,PrecioUnitarioActual,[Volumen(dm3)],UPC)
values(14,12,$300,4,776954606417)
insert into Presentación(ID_Base,ID_Dimensión,PrecioUnitarioActual,[Volumen(dm3)],UPC)
values(15,8,$2346,32,199910640299)
insert into Presentación(ID_Base,ID_Dimensión,PrecioUnitarioActual,[Volumen(dm3)],UPC)
values(15,2,$100,3,199900210299)
insert into Presentación(ID_Base,ID_Dimensión,PrecioUnitarioActual,[Volumen(dm3)],UPC)
values(16,4,$121,3,775845546653)
insert into Presentación(ID_Base,ID_Dimensión,PrecioUnitarioActual,[Volumen(dm3)],UPC)
values(17,3,$379,1,190036470253)
insert into Presentación(ID_Base,ID_Dimensión,PrecioUnitarioActual,[Volumen(dm3)],UPC)
values(18,8,$3400,12,133511834602)
insert into Presentación(ID_Base,ID_Dimensión,PrecioUnitarioActual,[Volumen(dm3)],UPC)
values(19,2,$723.93,3,155864423261)
insert into Presentación(ID_Base,ID_Dimensión,PrecioUnitarioActual,[Volumen(dm3)],UPC)
values(20,3,$430,1,766376969832)
insert into Presentación(ID_Base,ID_Dimensión,PrecioUnitarioActual,[Volumen(dm3)],UPC)
values(21,19,$1114.5,4.3,132534950485)
insert into Presentación(ID_Base,ID_Dimensión,PrecioUnitarioActual,[Volumen(dm3)],UPC)
values(22,19,$238.6,4.3,130494031901)
insert into Presentación(ID_Base,ID_Dimensión,PrecioUnitarioActual,[Volumen(dm3)],UPC)
values(23,2,$356,2,767163568952)
insert into Presentación(ID_Base,ID_Dimensión,PrecioUnitarioActual,[Volumen(dm3)],UPC)
values(23,9,$789.3,4,767112048952)
insert into Presentación(ID_Base,ID_Dimensión,PrecioUnitarioActual,[Volumen(dm3)],UPC)
values(24,5,$1555,10,799076751480)
insert into Presentación(ID_Base,ID_Dimensión,PrecioUnitarioActual,[Volumen(dm3)],UPC)
values(24,3,$168.5,1.5,799120351480)
insert into Presentación(ID_Base,ID_Dimensión,PrecioUnitarioActual,[Volumen(dm3)],UPC)
values(25,3,$243.5,1.3,713767063950)
insert into Presentación(ID_Base,ID_Dimensión,PrecioUnitarioActual,[Volumen(dm3)],UPC)
values(26,3,$139.4,1.6,757704328277)
insert into Presentación(ID_Base,ID_Dimensión,PrecioUnitarioActual,[Volumen(dm3)],UPC)
values(26,5,$2134.5,10,757780878277)
insert into Presentación(ID_Base,ID_Dimensión,PrecioUnitarioActual,[Volumen(dm3)],UPC)
values(27,12,$54,.3,159335575944)
insert into Presentación(ID_Base,ID_Dimensión,PrecioUnitarioActual,[Volumen(dm3)],UPC)
values(27,8,$980.4,10,159302415944)

---Precio Historico 
select * from (select ROW_NUMBER()over(partition by UPC_Producto order by Fecha_Actualización) as [Orden], UPC_Producto,format(Fecha_Actualización,'dd/MM/yyyy') as Fecha,Precio_Venta
from Historico_Ventas ) Tp where UPC_Producto=130494031901 order by UPC_Producto,Orden desc
select*from Presentación_Precio

insert into Historico_Ventas(UPC_Producto,Fecha_Actualización,Hora_Actualización,Precio_Venta)
values(799120351480,'04-03-2017',(select*from Hora),$161.3)
insert into Historico_Ventas(UPC_Producto,Fecha_Actualización,Hora_Actualización,Precio_Venta)
values(799120351480,'08-13-2017',(select*from Hora),$163.5)

insert into Historico_Ventas(UPC_Producto,Fecha_Actualización,Hora_Actualización,Precio_Venta)
values(799076751480,'05-15-2017',(select*from Hora),$13222)
insert into Historico_Ventas(UPC_Producto,Fecha_Actualización,Hora_Actualización,Precio_Venta)
values(799076751480,'01-03-2018',(select*from Hora),$1325.2)
insert into Historico_Ventas(UPC_Producto,Fecha_Actualización,Hora_Actualización,Precio_Venta)
values(799076751480,'11-30-2018',(select*from Hora),$1328.5)

insert into Historico_Ventas(UPC_Producto,Fecha_Actualización,Hora_Actualización,Precio_Venta)
values(129303147829,'04-02-2017',(select*from Hora),$2733.50)
insert into Historico_Ventas(UPC_Producto,Fecha_Actualización,Hora_Actualización,Precio_Venta)
values(129303147829,'10-08-2018',(select*from Hora),$2735.50)

insert into Historico_Ventas(UPC_Producto,Fecha_Actualización,Hora_Actualización,Precio_Venta)
values(130494031901,'04-16-2017',(select*from Hora),$234.7)
insert into Historico_Ventas(UPC_Producto,Fecha_Actualización,Hora_Actualización,Precio_Venta)
values(130494031901,'07-20-2017',(select*from Hora),$236.5)
insert into Historico_Ventas(UPC_Producto,Fecha_Actualización,Hora_Actualización,Precio_Venta)
values(130494031901,'11-04-2018',(select*from Hora),$237)

insert into Historico_Ventas(UPC_Producto,Fecha_Actualización,Hora_Actualización,Precio_Venta)
values(132534950485,'04-13-2017',(select*from Hora),$)
insert into Historico_Ventas(UPC_Producto,Fecha_Actualización,Hora_Actualización,Precio_Venta)
values(132534950485,'10-27-2018',(select*from Hora),$)

insert into Historico_Ventas(UPC_Producto,Fecha_Actualización,Hora_Actualización,Precio_Venta)
values(133511834602,'04-10-2017',(select*from Hora),$3993.50)
insert into Historico_Ventas(UPC_Producto,Fecha_Actualización,Hora_Actualización,Precio_Venta)
values(133511834602,'07-21-2017',(select*from Hora),$3996.6)
insert into Historico_Ventas(UPC_Producto,Fecha_Actualización,Hora_Actualización,Precio_Venta)
values(133511834602,'03-27-2018',(select*from Hora),$3400)

insert into Historico_Ventas(UPC_Producto,Fecha_Actualización,Hora_Actualización,Precio_Venta)
values(144844572326,'04-17-2017',(select*from Hora),$213.50)
insert into Historico_Ventas(UPC_Producto,Fecha_Actualización,Hora_Actualización,Precio_Venta)
values(144844572326,'11-26-2017',(select*from Hora),$214.5)
insert into Historico_Ventas(UPC_Producto,Fecha_Actualización,Hora_Actualización,Precio_Venta)
values(144844572326,'06-15-2018',(select*from Hora),$216)

insert into Historico_Ventas(UPC_Producto,Fecha_Actualización,Hora_Actualización,Precio_Venta)
values(155864423261,'05-16-2017',(select*from Hora),$718.4)
insert into Historico_Ventas(UPC_Producto,Fecha_Actualización,Hora_Actualización,Precio_Venta)
values(155864423261,'12-04-2017',(select*from Hora),$721)

insert into Historico_Ventas(UPC_Producto,Fecha_Actualización,Hora_Actualización,Precio_Venta)
values(159302415944,'04-18-2017',(select*from Hora),$974.5)
insert into Historico_Ventas(UPC_Producto,Fecha_Actualización,Hora_Actualización,Precio_Venta)
values(159302415944,'09-25-2017',(select*from Hora),$976.8)
insert into Historico_Ventas(UPC_Producto,Fecha_Actualización,Hora_Actualización,Precio_Venta)
values(159302415944,'05-18-2018',(select*from Hora),$979.00)

insert into Historico_Ventas(UPC_Producto,Fecha_Actualización,Hora_Actualización,Precio_Venta)
values(159335575944,'05-19-2017',(select*from Hora),$51.5)
insert into Historico_Ventas(UPC_Producto,Fecha_Actualización,Hora_Actualización,Precio_Venta)
values(159335575944,'12-20-2017',(select*from Hora),$52.00)
insert into Historico_Ventas(UPC_Producto,Fecha_Actualización,Hora_Actualización,Precio_Venta)
values(159335575944,'07-12-2018',(select*from Hora),$53.3)

insert into Historico_Ventas(UPC_Producto,Fecha_Actualización,Hora_Actualización,Precio_Venta)
values(169567843823,'06-27-2017',(select*from Hora),$246.5)
insert into Historico_Ventas(UPC_Producto,Fecha_Actualización,Hora_Actualización,Precio_Venta)
values(169567843823,'02-17-2018',(select*from Hora),$248.7)

insert into Historico_Ventas(UPC_Producto,Fecha_Actualización,Hora_Actualización,Precio_Venta)
values(169567943823,'05-28-2017',(select*from Hora),$634.3)
insert into Historico_Ventas(UPC_Producto,Fecha_Actualización,Hora_Actualización,Precio_Venta)
values(169567943823,'12-27-2017',(select*from Hora),$637.6)
insert into Historico_Ventas(UPC_Producto,Fecha_Actualización,Hora_Actualización,Precio_Venta)
values(169567943823,'04-28-2018',(select*from Hora),$638.5)

insert into Historico_Ventas(UPC_Producto,Fecha_Actualización,Hora_Actualización,Precio_Venta)
values(171247017183,'04-29-2018',(select*from Hora),$290.3)
insert into Historico_Ventas(UPC_Producto,Fecha_Actualización,Hora_Actualización,Precio_Venta)
values(171247017183,'11-21-2017',(select*from Hora),$293.5)
insert into Historico_Ventas(UPC_Producto,Fecha_Actualización,Hora_Actualización,Precio_Venta)
values(171247017183,'09-24-2018',(select*from Hora),$294.4)

insert into Historico_Ventas(UPC_Producto,Fecha_Actualización,Hora_Actualización,Precio_Venta)
values(171247502183,'04-12-2017',(select*from Hora),$87.5)
insert into Historico_Ventas(UPC_Producto,Fecha_Actualización,Hora_Actualización,Precio_Venta)
values(171247502183,'12-21-2017',(select*from Hora),$88.5)

insert into Historico_Ventas(UPC_Producto,Fecha_Actualización,Hora_Actualización,Precio_Venta)
values(172670665286,'05-05-2017',(select*from Hora),$894.5)
insert into Historico_Ventas(UPC_Producto,Fecha_Actualización,Hora_Actualización,Precio_Venta)
values(172670665286,'10-02-2017',(select*from Hora),$896.7)
insert into Historico_Ventas(UPC_Producto,Fecha_Actualización,Hora_Actualización,Precio_Venta)
values(172670665286,'01-14-2018',(select*from Hora),$898.2)

insert into Historico_Ventas(UPC_Producto,Fecha_Actualización,Hora_Actualización,Precio_Venta)
values(180160089042,'06-23-2017',(select*from Hora),$167.5)
insert into Historico_Ventas(UPC_Producto,Fecha_Actualización,Hora_Actualización,Precio_Venta)
values(180160089042,'07-24-2017',(select*from Hora),$168.4)

insert into Historico_Ventas(UPC_Producto,Fecha_Actualización,Hora_Actualización,Precio_Venta)
values(180160717042,'05-26-2017',(select*from Hora),$528.6)
insert into Historico_Ventas(UPC_Producto,Fecha_Actualización,Hora_Actualización,Precio_Venta)
values(180160717042,'08-13-2017',(select*from Hora),$529.2)
insert into Historico_Ventas(UPC_Producto,Fecha_Actualización,Hora_Actualización,Precio_Venta)
values(180160717042,'04-02-2018',(select*from Hora),$531)

insert into Historico_Ventas(UPC_Producto,Fecha_Actualización,Hora_Actualización,Precio_Venta)
values(186865765893,'05-10-2017',(select*from Hora),$2817.3)
insert into Historico_Ventas(UPC_Producto,Fecha_Actualización,Hora_Actualización,Precio_Venta)
values(186865765893,'02-05-2018',(select*from Hora),$2819.5)

insert into Historico_Ventas(UPC_Producto,Fecha_Actualización,Hora_Actualización,Precio_Venta)
values(186865883233,'04-12-2017',(select*from Hora),$1561.2)
insert into Historico_Ventas(UPC_Producto,Fecha_Actualización,Hora_Actualización,Precio_Venta)
values(186865883233,'10-27-2017',(select*from Hora),$1562.5)
insert into Historico_Ventas(UPC_Producto,Fecha_Actualización,Hora_Actualización,Precio_Venta)
values(186865883233,'10-21-2018',(select*from Hora),$1563)

insert into Historico_Ventas(UPC_Producto,Fecha_Actualización,Hora_Actualización,Precio_Venta)
values(190036470253,'07-02-2017',(select*from Hora),$375.4)
insert into Historico_Ventas(UPC_Producto,Fecha_Actualización,Hora_Actualización,Precio_Venta)
values(190036470253,'09-29-2018',(select*from Hora),$377.4)


insert into Historico_Ventas(UPC_Producto,Fecha_Actualización,Hora_Actualización,Precio_Venta)
values(190959243160,'06-12-2017',(select*from Hora),$642)
insert into Historico_Ventas(UPC_Producto,Fecha_Actualización,Hora_Actualización,Precio_Venta)
values(190959243160,'12-21-2017',(select*from Hora),$643.5)
insert into Historico_Ventas(UPC_Producto,Fecha_Actualización,Hora_Actualización,Precio_Venta)
values(190959243160,'06-03-2018',(select*from Hora),$644.2)

insert into Historico_Ventas(UPC_Producto,Fecha_Actualización,Hora_Actualización,Precio_Venta)
values(199900210299,'04-10-2017',(select*from Hora),$96.5)
insert into Historico_Ventas(UPC_Producto,Fecha_Actualización,Hora_Actualización,Precio_Venta)
values(199900210299,'02-15-2018',(select*from Hora),$98.00)

insert into Historico_Ventas(UPC_Producto,Fecha_Actualización,Hora_Actualización,Precio_Venta)
values(199910640299,'05-12-2017',(select*from Hora),$2341.6)
insert into Historico_Ventas(UPC_Producto,Fecha_Actualización,Hora_Actualización,Precio_Venta)
values(199910640299,'03-28-2018',(select*from Hora),$2344.5)

insert into Historico_Ventas(UPC_Producto,Fecha_Actualización,Hora_Actualización,Precio_Venta)
values(711232159464,'08-01-2017',(select*from Hora),$354.3)
insert into Historico_Ventas(UPC_Producto,Fecha_Actualización,Hora_Actualización,Precio_Venta)
values(711232159464,'12-02-2017',(select*from Hora),$356.4)
insert into Historico_Ventas(UPC_Producto,Fecha_Actualización,Hora_Actualización,Precio_Venta)
values(711232159464,'11-05-2018',(select*from Hora),$358.00)

insert into Historico_Ventas(UPC_Producto,Fecha_Actualización,Hora_Actualización,Precio_Venta)
values(711255919464,'10-03-2017',(select*from Hora),$7.6)
insert into Historico_Ventas(UPC_Producto,Fecha_Actualización,Hora_Actualización,Precio_Venta)
values(711255919464,'03-27-2018',(select*from Hora),$8.00)

insert into Historico_Ventas(UPC_Producto,Fecha_Actualización,Hora_Actualización,Precio_Venta)
values(713767063950,'05-17-2017',(select*from Hora),$238.4)
insert into Historico_Ventas(UPC_Producto,Fecha_Actualización,Hora_Actualización,Precio_Venta)
values(713767063950,'10-12-2017',(select*from Hora),$239)
insert into Historico_Ventas(UPC_Producto,Fecha_Actualización,Hora_Actualización,Precio_Venta)
values(713767063950,'03-05-2018',(select*from Hora),$242.5)

insert into Historico_Ventas(UPC_Producto,Fecha_Actualización,Hora_Actualización,Precio_Venta)
values(739251063190,'04-20-2017',(select*from Hora),$534.5)
insert into Historico_Ventas(UPC_Producto,Fecha_Actualización,Hora_Actualización,Precio_Venta)
values(739251063190,'01-17-2018',(select*from Hora),$538.2)

insert into Historico_Ventas(UPC_Producto,Fecha_Actualización,Hora_Actualización,Precio_Venta)
values(739251629190,'04-12-2017',(select*from Hora),$785.6)
insert into Historico_Ventas(UPC_Producto,Fecha_Actualización,Hora_Actualización,Precio_Venta)
values(739251629190,'02-10-2018',(select*from Hora),$788.7)

insert into Historico_Ventas(UPC_Producto,Fecha_Actualización,Hora_Actualización,Precio_Venta)
values(752229106791,'05-12-2017',(select*from Hora),$893.2)
insert into Historico_Ventas(UPC_Producto,Fecha_Actualización,Hora_Actualización,Precio_Venta)
values(752229106791,'03-21-2018',(select*from Hora),$896.5)

insert into Historico_Ventas(UPC_Producto,Fecha_Actualización,Hora_Actualización,Precio_Venta)
values(752229872791,'05-02-2017',(select*from Hora),$1665.5)
insert into Historico_Ventas(UPC_Producto,Fecha_Actualización,Hora_Actualización,Precio_Venta)
values(752229872791,'06-12-2017',(select*from Hora),$1666)
insert into Historico_Ventas(UPC_Producto,Fecha_Actualización,Hora_Actualización,Precio_Venta)
values(752229872791,'11-27-2018',(select*from Hora),$1678.5)

insert into Historico_Ventas(UPC_Producto,Fecha_Actualización,Hora_Actualización,Precio_Venta)
values(754165106575,'05-12-2017',(select*from Hora),$884.3)
insert into Historico_Ventas(UPC_Producto,Fecha_Actualización,Hora_Actualización,Precio_Venta)
values(754165106575,'10-02-2017',(select*from Hora),$886.5)
insert into Historico_Ventas(UPC_Producto,Fecha_Actualización,Hora_Actualización,Precio_Venta)
values(754165106575,'08-02-2018',(select*from Hora),$888.00)

insert into Historico_Ventas(UPC_Producto,Fecha_Actualización,Hora_Actualización,Precio_Venta)
values(754165146475,'06-02-2017',(select*from Hora),$1415)
insert into Historico_Ventas(UPC_Producto,Fecha_Actualización,Hora_Actualización,Precio_Venta)
values(754165146475,'02-23-2018',(select*from Hora),$1417.4)

insert into Historico_Ventas(UPC_Producto,Fecha_Actualización,Hora_Actualización,Precio_Venta)
values(756800548345,'05-23-2017',(select*from Hora),$741.5)
insert into Historico_Ventas(UPC_Producto,Fecha_Actualización,Hora_Actualización,Precio_Venta)
values(756800548345,'10-23-2018',(select*from Hora),$743)

insert into Historico_Ventas(UPC_Producto,Fecha_Actualización,Hora_Actualización,Precio_Venta)
values(756803428345,'06-14-2017',(select*from Hora),$118)
insert into Historico_Ventas(UPC_Producto,Fecha_Actualización,Hora_Actualización,Precio_Venta)
values(756803428345,'05-18-2018',(select*from Hora),$119)

insert into Historico_Ventas(UPC_Producto,Fecha_Actualización,Hora_Actualización,Precio_Venta)
values(757704328277,'07-12-2017',(select*from Hora),$132.5)
insert into Historico_Ventas(UPC_Producto,Fecha_Actualización,Hora_Actualización,Precio_Venta)
values(757704328277,'12-23-2017',(select*from Hora),$134)

insert into Historico_Ventas(UPC_Producto,Fecha_Actualización,Hora_Actualización,Precio_Venta)
values(757780878277,'04-20-2017',(select*from Hora),$2130.4)

insert into Historico_Ventas(UPC_Producto,Fecha_Actualización,Hora_Actualización,Precio_Venta)
values(760803117475,'08-13-2017',(select*from Hora),$769.5)
insert into Historico_Ventas(UPC_Producto,Fecha_Actualización,Hora_Actualización,Precio_Venta)
values(760803117475,'10-28-2018',(select*from Hora),$771.5)

insert into Historico_Ventas(UPC_Producto,Fecha_Actualización,Hora_Actualización,Precio_Venta)
values(766376969832,'05-20-2017',(select*from Hora),$425.5)
insert into Historico_Ventas(UPC_Producto,Fecha_Actualización,Hora_Actualización,Precio_Venta)
values(766376969832,'10-12-2017',(select*from Hora),$426.4)
insert into Historico_Ventas(UPC_Producto,Fecha_Actualización,Hora_Actualización,Precio_Venta)
values(766376969832,'08-23-2018',(select*from Hora),$428)

insert into Historico_Ventas(UPC_Producto,Fecha_Actualización,Hora_Actualización,Precio_Venta)
values(767112048952,'05-12-2017',(select*from Hora),$783.5)
insert into Historico_Ventas(UPC_Producto,Fecha_Actualización,Hora_Actualización,Precio_Venta)
values(767112048952,'04-02-2018',(select*from Hora),$786)

insert into Historico_Ventas(UPC_Producto,Fecha_Actualización,Hora_Actualización,Precio_Venta)
values(767163568952,'07-02-2017',(select*from Hora),$352.5)
insert into Historico_Ventas(UPC_Producto,Fecha_Actualización,Hora_Actualización,Precio_Venta)
values(767163568952,'03-27-2018',(select*from Hora),$353)

insert into Historico_Ventas(UPC_Producto,Fecha_Actualización,Hora_Actualización,Precio_Venta)
values(775845546653,'06-16-2017',(select*from Hora),$117.5)
insert into Historico_Ventas(UPC_Producto,Fecha_Actualización,Hora_Actualización,Precio_Venta)
values(775845546653,'05-23-2018',(select*from Hora),$119.5)

insert into Historico_Ventas(UPC_Producto,Fecha_Actualización,Hora_Actualización,Precio_Venta)
values(776954606417,'04-16-2017',(select*from Hora),$294.5)
insert into Historico_Ventas(UPC_Producto,Fecha_Actualización,Hora_Actualización,Precio_Venta)
values(776954606417,'03-23-2018',(select*from Hora),$296)

insert into Historico_Ventas(UPC_Producto,Fecha_Actualización,Hora_Actualización,Precio_Venta)
values(799076751480,'07-27-2017',(select*from Hora),$1550)
insert into Historico_Ventas(UPC_Producto,Fecha_Actualización,Hora_Actualización,Precio_Venta)
values(799076751480,'06-23-2018',(select*from Hora),$1553.5)

insert into Historico_Ventas(UPC_Producto,Fecha_Actualización,Hora_Actualización,Precio_Venta)
values(799120351480,'08-12-2017',(select*from Hora),$163)
insert into Historico_Ventas(UPC_Producto,Fecha_Actualización,Hora_Actualización,Precio_Venta)
values(799120351480,'08-17-2018',(select*from Hora),$165.7)

---Peligrosidad Etiqueta
select*from Peligrosidad_Etiqueta
select*from Etiqueta_Peligro
select Producto.ID,Producto.Nombre,Familia.Nombre from Producto inner join Familia on familia.ID=Producto.ID_Familia

insert into Peligrosidad_Etiqueta(ID_Producto,ID_Etiqueta)
values(1,47)
insert into Peligrosidad_Etiqueta(ID_Producto,ID_Etiqueta)
values(1,29)
insert into PeligrosIDad_Etiqueta(ID_Producto,ID_Etiqueta)
values(2,47)
insert into PeligrosIDad_Etiqueta(ID_Producto,ID_Etiqueta)
values(4,38)
insert into PeligrosIDad_Etiqueta(ID_Producto,ID_Etiqueta)
values(4,41)
insert into PeligrosIDad_Etiqueta(ID_Producto,ID_Etiqueta)
values(5,32)
insert into PeligrosIDad_Etiqueta(ID_Producto,ID_Etiqueta)
values(5,38)
insert into PeligrosIDad_Etiqueta(ID_Producto,ID_Etiqueta)
values(6,35)
insert into PeligrosIDad_Etiqueta(ID_Producto,ID_Etiqueta)
values(8,32)
insert into PeligrosIDad_Etiqueta(ID_Producto,ID_Etiqueta)
values(8,44)
insert into PeligrosIDad_Etiqueta(ID_Producto,ID_Etiqueta)
values(9,41)
insert into PeligrosIDad_Etiqueta(ID_Producto,ID_Etiqueta)
values(9,35)
insert into PeligrosIDad_Etiqueta(ID_Producto,ID_Etiqueta)
values(10,32)
insert into PeligrosIDad_Etiqueta(ID_Producto,ID_Etiqueta)
values(11,38)
insert into PeligrosIDad_Etiqueta(ID_Producto,ID_Etiqueta)
values(13,38)
insert into PeligrosIDad_Etiqueta(ID_Producto,ID_Etiqueta)
values(13,23)
insert into PeligrosIDad_Etiqueta(ID_Producto,ID_Etiqueta)
values(14,41)
insert into PeligrosIDad_Etiqueta(ID_Producto,ID_Etiqueta)
values(16,47)
insert into PeligrosIDad_Etiqueta(ID_Producto,ID_Etiqueta)
values(17,38)
insert into PeligrosIDad_Etiqueta(ID_Producto,ID_Etiqueta)
values(17,41)
insert into PeligrosIDad_Etiqueta(ID_Producto,ID_Etiqueta)
values(19,32)
insert into PeligrosIDad_Etiqueta(ID_Producto,ID_Etiqueta)
values(19,41)
insert into PeligrosIDad_Etiqueta(ID_Producto,ID_Etiqueta)
values(20,32)
insert into PeligrosIDad_Etiqueta(ID_Producto,ID_Etiqueta)
values(20,23)
insert into PeligrosIDad_Etiqueta(ID_Producto,ID_Etiqueta)
values(21,32)
insert into PeligrosIDad_Etiqueta(ID_Producto,ID_Etiqueta)
values(22,35)
insert into PeligrosIDad_Etiqueta(ID_Producto,ID_Etiqueta)
values(23,32)
insert into PeligrosIDad_Etiqueta(ID_Producto,ID_Etiqueta)
values(24,32)
insert into PeligrosIDad_Etiqueta(ID_Producto,ID_Etiqueta)
values(24,38)
insert into PeligrosIDad_Etiqueta(ID_Producto,ID_Etiqueta)
values(25,41)
insert into PeligrosIDad_Etiqueta(ID_Producto,ID_Etiqueta)
values(26,38)
insert into PeligrosIDad_Etiqueta(ID_Producto,ID_Etiqueta)
values(26,35)

---Compra
select format(FechaCompra,'MM/dd/yyyy') from Compra order by FechaCompra
select*from CEDIS
insert into Compra(ID_CEDIS,FechaCompra,HoraCompra,Folio)
values((select*from CEDISRand),'04/07/2017',(select*from Hora),1)
insert into Compra(ID_CEDIS,FechaCompra,HoraCompra,Folio)
values((select*from CEDISRand),'04/07/2017',(select*from Hora),2)
insert into Compra(ID_CEDIS,FechaCompra,HoraCompra,Folio)
values((select*from CEDISRand),'04/07/2017',(select*from Hora),3)
insert into Compra(ID_CEDIS,FechaCompra,HoraCompra,Folio)
values((select*from CEDISRand),'04/18/2017',(select*from Hora),4)
insert into Compra(ID_CEDIS,FechaCompra,HoraCompra,Folio)
values((select*from CEDISRand),'04/30/2017',(select*from Hora),5)
insert into Compra(ID_CEDIS,FechaCompra,HoraCompra,Folio)
values((select*from CEDISRand),'05/15/2017',(select*from Hora),6)
insert into Compra(ID_CEDIS,FechaCompra,HoraCompra,Folio)
values((select*from CEDISRand),'05/16/2017',(select*from Hora),7)
insert into Compra(ID_CEDIS,FechaCompra,HoraCompra,Folio)
values((select*from CEDISRand),'06/02/2017',(select*from Hora),8)
insert into Compra(ID_CEDIS,FechaCompra,HoraCompra,Folio)
values((select*from CEDISRand),'06/07/2017',(select*from Hora),9)
insert into Compra(ID_CEDIS,FechaCompra,HoraCompra,Folio)
values((select*from CEDISRand),'06/09/2017',(select*from Hora),10)
insert into Compra(ID_CEDIS,FechaCompra,HoraCompra,Folio)
values((select*from CEDISRand),'07/16/2017',(select*from Hora),11)
insert into Compra(ID_CEDIS,FechaCompra,HoraCompra,Folio)
values((select*from CEDISRand),'07/20/2017',(select*from Hora),12)
insert into Compra(ID_CEDIS,FechaCompra,HoraCompra,Folio)
values((select*from CEDISRand),'08/17/2017',(select*from Hora),13)
insert into Compra(ID_CEDIS,FechaCompra,HoraCompra,Folio)
values((select*from CEDISRand),'08/18/2017',(select*from Hora),14)
insert into Compra(ID_CEDIS,FechaCompra,HoraCompra,Folio)
values((select*from CEDISRand),'08/28/2017',(select*from Hora),15)
insert into Compra(ID_CEDIS,FechaCompra,HoraCompra,Folio)
values((select*from CEDISRand),'09/26/2017',(select*from Hora),16)
insert into Compra(ID_CEDIS,FechaCompra,HoraCompra,Folio)
values((select*from CEDISRand),'10/03/2017',(select*from Hora),17)
insert into Compra(ID_CEDIS,FechaCompra,HoraCompra,Folio)
values((select*from CEDISRand),'10/06/2017',(select*from Hora),18)
insert into Compra(ID_CEDIS,FechaCompra,HoraCompra,Folio)
values((select*from CEDISRand),'10/26/2017',(select*from Hora),19)
insert into Compra(ID_CEDIS,FechaCompra,HoraCompra,Folio)
values((select*from CEDISRand),'10/30/2017',(select*from Hora),20)
insert into Compra(ID_CEDIS,FechaCompra,HoraCompra,Folio)
values((select*from CEDISRand),'11/04/2017',(select*from Hora),21)
insert into Compra(ID_CEDIS,FechaCompra,HoraCompra,Folio)
values((select*from CEDISRand),'11/14/2017',(select*from Hora),22)
insert into Compra(ID_CEDIS,FechaCompra,HoraCompra,Folio)
values((select*from CEDISRand),'11/15/2017',(select*from Hora),23)
insert into Compra(ID_CEDIS,FechaCompra,HoraCompra,Folio)
values((select*from CEDISRand),'11/15/2017',(select*from Hora),24)
insert into Compra(ID_CEDIS,FechaCompra,HoraCompra,Folio)
values((select*from CEDISRand),'11/23/2017',(select*from Hora),25)
insert into Compra(ID_CEDIS,FechaCompra,HoraCompra,Folio)
values((select*from CEDISRand),'12/01/2017',(select*from Hora),26)
insert into Compra(ID_CEDIS,FechaCompra,HoraCompra,Folio)
values((select*from CEDISRand),'12/17/2017',(select*from Hora),27)
insert into Compra(ID_CEDIS,FechaCompra,HoraCompra,Folio)
values((select*from CEDISRand),'01/08/2018',(select*from Hora),28)
insert into Compra(ID_CEDIS,FechaCompra,HoraCompra,Folio)
values((select*from CEDISRand),'01/14/2018',(select*from Hora),29)
insert into Compra(ID_CEDIS,FechaCompra,HoraCompra,Folio)
values((select*from CEDISRand),'01/17/2018',(select*from Hora),30)
insert into Compra(ID_CEDIS,FechaCompra,HoraCompra,Folio)
values((select*from CEDISRand),'02/02/2018',(select*from Hora),31)
insert into Compra(ID_CEDIS,FechaCompra,HoraCompra,Folio)
values((select*from CEDISRand),'03/07/2018',(select*from Hora),32)
insert into Compra(ID_CEDIS,FechaCompra,HoraCompra,Folio)
values((select*from CEDISRand),'03/22/2018',(select*from Hora),33)
insert into Compra(ID_CEDIS,FechaCompra,HoraCompra,Folio)
values((select*from CEDISRand),'04/01/2018',(select*from Hora),34)
insert into Compra(ID_CEDIS,FechaCompra,HoraCompra,Folio)
values((select*from CEDISRand),'04/06/2018',(select*from Hora),35)
insert into Compra(ID_CEDIS,FechaCompra,HoraCompra,Folio)
values((select*from CEDISRand),'05/03/2018',(select*from Hora),36)
insert into Compra(ID_CEDIS,FechaCompra,HoraCompra,Folio)
values((select*from CEDISRand),'06/04/2018',(select*from Hora),37)
insert into Compra(ID_CEDIS,FechaCompra,HoraCompra,Folio)
values((select*from CEDISRand),'06/08/2018',(select*from Hora),38)
insert into Compra(ID_CEDIS,FechaCompra,HoraCompra,Folio)
values((select*from CEDISRand),'06/29/2018',(select*from Hora),39)
insert into Compra(ID_CEDIS,FechaCompra,HoraCompra,Folio)
values((select*from CEDISRand),'07/02/2018',(select*from Hora),40)
insert into Compra(ID_CEDIS,FechaCompra,HoraCompra,Folio)
values((select*from CEDISRand),'07/27/2018',(select*from Hora),41)
insert into Compra(ID_CEDIS,FechaCompra,HoraCompra,Folio)
values((select*from CEDISRand),'08/02/2018',(select*from Hora),42)
insert into Compra(ID_CEDIS,FechaCompra,HoraCompra,Folio)
values((select*from CEDISRand),'08/25/2018',(select*from Hora),43)
insert into Compra(ID_CEDIS,FechaCompra,HoraCompra,Folio)
values((select*from CEDISRand),'09/01/2018',(select*from Hora),44)
insert into Compra(ID_CEDIS,FechaCompra,HoraCompra,Folio)
values((select*from CEDISRand),'09/02/2018',(select*from Hora),45)
insert into Compra(ID_CEDIS,FechaCompra,HoraCompra,Folio)
values((select*from CEDISRand),'09/07/2018',(select*from Hora),46)
insert into Compra(ID_CEDIS,FechaCompra,HoraCompra,Folio)
values((select*from CEDISRand),'09/27/2018',(select*from Hora),47)
insert into Compra(ID_CEDIS,FechaCompra,HoraCompra,Folio)
values((select*from CEDISRand),'09/28/2018',(select*from Hora),48)
insert into Compra(ID_CEDIS,FechaCompra,HoraCompra,Folio)
values((select*from CEDISRand),'10/03/2018',(select*from Hora),49)
insert into Compra(ID_CEDIS,FechaCompra,HoraCompra,Folio)
values((select*from CEDISRand),'10/12/2018',(select*from Hora),50)

---Venta
select format(Fecha,'MM/dd/yyyy') from Venta order by Fecha

insert into Venta(Folio,ID_Cliente,ID_Sucursal,ID_Entrega,Fecha,Hora)
values(1,140,(select*from SucursalRand),3,'04/24/2017',(select*from Hora))
insert into Venta(Folio,ID_Cliente,ID_Sucursal,ID_Entrega,Fecha,Hora)
values(2,124,(select*from SucursalRand),1,'04/22/2017',(select*from Hora))
insert into Venta(Folio,ID_Cliente,ID_Sucursal,ID_Entrega,Fecha,Hora)
values(3,124,(select*from SucursalRand),1,'04/26/2017',(select*from Hora))
insert into Venta(Folio,ID_Cliente,ID_Sucursal,ID_Entrega,Fecha,Hora)
values(4,124,(select*from SucursalRand),3,'04/29/2017',(select*from Hora))
insert into Venta(Folio,ID_Cliente,ID_Sucursal,ID_Entrega,Fecha,Hora)
values(5,104,(select*from SucursalRand),2,'04/30/2017',(select*from Hora))
insert into Venta(Folio,ID_Cliente,ID_Sucursal,ID_Entrega,Fecha,Hora)
values(6,116,(select*from SucursalRand),1,'05/26/2017',(select*from Hora))
insert into Venta(Folio,ID_Cliente,ID_Sucursal,ID_Entrega,Fecha,Hora)
values(7,136,(select*from SucursalRand),2,'06/07/2017',(select*from Hora))
insert into Venta(Folio,ID_Cliente,ID_Sucursal,ID_Entrega,Fecha,Hora)
values(8,152,(select*from SucursalRand),1,'06/27/2017',(select*from Hora))
insert into Venta(Folio,ID_Cliente,ID_Sucursal,ID_Entrega,Fecha,Hora)
values(9,164,(select*from SucursalRand),3,'06/27/2017',(select*from Hora))
insert into Venta(Folio,ID_Cliente,ID_Sucursal,ID_Entrega,Fecha,Hora)
values(10,164,(select*from SucursalRand),1,'07/05/2017',(select*from Hora))
insert into Venta(Folio,ID_Cliente,ID_Sucursal,ID_Entrega,Fecha,Hora)
values(11,132,(select*from SucursalRand),3,'07/06/2017',(select*from Hora))
insert into Venta(Folio,ID_Cliente,ID_Sucursal,ID_Entrega,Fecha,Hora)
values(12,104,(select*from SucursalRand),3,'07/13/2017',(select*from Hora))
insert into Venta(Folio,ID_Cliente,ID_Sucursal,ID_Entrega,Fecha,Hora)
values(13,148,(select*from SucursalRand),2,'08/13/2017',(select*from Hora))
insert into Venta(Folio,ID_Cliente,ID_Sucursal,ID_Entrega,Fecha,Hora)
values(14,168,(select*from SucursalRand),1,'08/30/2017',(select*from Hora))
insert into Venta(Folio,ID_Cliente,ID_Sucursal,ID_Entrega,Fecha,Hora)
values(15,160,(select*from SucursalRand),3,'09/22/2017',(select*from Hora))
insert into Venta(Folio,ID_Cliente,ID_Sucursal,ID_Entrega,Fecha,Hora)
values(16,140,(select*from SucursalRand),1,'10/03/2017',(select*from Hora))
insert into Venta(Folio,ID_Cliente,ID_Sucursal,ID_Entrega,Fecha,Hora)
values(17,152,(select*from SucursalRand),3,'10/24/2017',(select*from Hora))
insert into Venta(Folio,ID_Cliente,ID_Sucursal,ID_Entrega,Fecha,Hora)
values(18,168,(select*from SucursalRand),2,'10/27/2017',(select*from Hora))
insert into Venta(Folio,ID_Cliente,ID_Sucursal,ID_Entrega,Fecha,Hora)
values(19,136,(select*from SucursalRand),1,'11/25/2017',(select*from Hora))
insert into Venta(Folio,ID_Cliente,ID_Sucursal,ID_Entrega,Fecha,Hora)
values(20,144,(select*from SucursalRand),3,'12/04/2017',(select*from Hora))
insert into Venta(Folio,ID_Cliente,ID_Sucursal,ID_Entrega,Fecha,Hora)
values(21,116,(select*from SucursalRand),3,'12/09/2017',(select*from Hora))
insert into Venta(Folio,ID_Cliente,ID_Sucursal,ID_Entrega,Fecha,Hora)
values(22,116,(select*from SucursalRand),3,'12/13/2017',(select*from Hora))
insert into Venta(Folio,ID_Cliente,ID_Sucursal,ID_Entrega,Fecha,Hora)
values(23,124,(select*from SucursalRand),2,'12/21/2017',(select*from Hora))
insert into Venta(Folio,ID_Cliente,ID_Sucursal,ID_Entrega,Fecha,Hora)
values(24,124,(select*from SucursalRand),2,'12/22/2017',(select*from Hora))
insert into Venta(Folio,ID_Cliente,ID_Sucursal,ID_Entrega,Fecha,Hora)
values(25,144,(select*from SucursalRand),2,'01/02/2018',(select*from Hora))
insert into Venta(Folio,ID_Cliente,ID_Sucursal,ID_Entrega,Fecha,Hora)
values(26,168,(select*from SucursalRand),3,'01/04/2018',(select*from Hora))
insert into Venta(Folio,ID_Cliente,ID_Sucursal,ID_Entrega,Fecha,Hora)
values(27,136,(select*from SucursalRand),1,'01/06/2018',(select*from Hora))
insert into Venta(Folio,ID_Cliente,ID_Sucursal,ID_Entrega,Fecha,Hora)
values(28,116,(select*from SucursalRand),2,'02/05/2018',(select*from Hora))
insert into Venta(Folio,ID_Cliente,ID_Sucursal,ID_Entrega,Fecha,Hora)
values(29,156,(select*from SucursalRand),2,'02/23/2018',(select*from Hora))
insert into Venta(Folio,ID_Cliente,ID_Sucursal,ID_Entrega,Fecha,Hora)
values(30,136,(select*from SucursalRand),2,'03/14/2018',(select*from Hora))
insert into Venta(Folio,ID_Cliente,ID_Sucursal,ID_Entrega,Fecha,Hora)
values(31,120,(select*from SucursalRand),2,'03/16/2018',(select*from Hora))
insert into Venta(Folio,ID_Cliente,ID_Sucursal,ID_Entrega,Fecha,Hora)
values(32,152,(select*from SucursalRand),3,'03/19/2018',(select*from Hora))
insert into Venta(Folio,ID_Cliente,ID_Sucursal,ID_Entrega,Fecha,Hora)
values(33,104,(select*from SucursalRand),3,'03/23/2018',(select*from Hora))
insert into Venta(Folio,ID_Cliente,ID_Sucursal,ID_Entrega,Fecha,Hora)
values(34,124,(select*from SucursalRand),1,'03/24/2018',(select*from Hora))
insert into Venta(Folio,ID_Cliente,ID_Sucursal,ID_Entrega,Fecha,Hora)
values(35,160,(select*from SucursalRand),2,'04/05/2018',(select*from Hora))
insert into Venta(Folio,ID_Cliente,ID_Sucursal,ID_Entrega,Fecha,Hora)
values(36,148,(select*from SucursalRand),2,'06/06/2018',(select*from Hora))
insert into Venta(Folio,ID_Cliente,ID_Sucursal,ID_Entrega,Fecha,Hora)
values(37,128,(select*from SucursalRand),3,'06/11/2018',(select*from Hora))
insert into Venta(Folio,ID_Cliente,ID_Sucursal,ID_Entrega,Fecha,Hora)
values(38,124,(select*from SucursalRand),3,'06/21/2018',(select*from Hora))
insert into Venta(Folio,ID_Cliente,ID_Sucursal,ID_Entrega,Fecha,Hora)
values(39,132,(select*from SucursalRand),3,'06/21/2018',(select*from Hora))
insert into Venta(Folio,ID_Cliente,ID_Sucursal,ID_Entrega,Fecha,Hora)
values(40,160,(select*from SucursalRand),1,'07/02/2018',(select*from Hora))
insert into Venta(Folio,ID_Cliente,ID_Sucursal,ID_Entrega,Fecha,Hora)
values(41,128,(select*from SucursalRand),1,'07/22/2018',(select*from Hora))
insert into Venta(Folio,ID_Cliente,ID_Sucursal,ID_Entrega,Fecha,Hora)
values(42,100,(select*from SucursalRand),3,'07/31/2018',(select*from Hora))
insert into Venta(Folio,ID_Cliente,ID_Sucursal,ID_Entrega,Fecha,Hora)
values(43,140,(select*from SucursalRand),2,'08/24/2018',(select*from Hora))
insert into Venta(Folio,ID_Cliente,ID_Sucursal,ID_Entrega,Fecha,Hora)
values(44,156,(select*from SucursalRand),1,'08/26/2018',(select*from Hora))
insert into Venta(Folio,ID_Cliente,ID_Sucursal,ID_Entrega,Fecha,Hora)
values(45,116,(select*from SucursalRand),2,'09/23/2018',(select*from Hora))
insert into Venta(Folio,ID_Cliente,ID_Sucursal,ID_Entrega,Fecha,Hora)
values(46,148,(select*from SucursalRand),3,'10/05/2018',(select*from Hora))
insert into Venta(Folio,ID_Cliente,ID_Sucursal,ID_Entrega,Fecha,Hora)
values(47,112,(select*from SucursalRand),2,'10/16/2018',(select*from Hora))
insert into Venta(Folio,ID_Cliente,ID_Sucursal,ID_Entrega,Fecha,Hora)
values(48,120,(select*from SucursalRand),2,'11/13/2018',(select*from Hora))
insert into Venta(Folio,ID_Cliente,ID_Sucursal,ID_Entrega,Fecha,Hora)
values(49,136,(select*from SucursalRand),2,'11/16/2018',(select*from Hora))
insert into Venta(Folio,ID_Cliente,ID_Sucursal,ID_Entrega,Fecha,Hora)
values(50,132,(select*from SucursalRand),2,'11/22/2018',(select*from Hora))

---Transferencia de Inventario
---Transferencia Inventario
select*from TransferenciaInventario
select ID_Almacen as [ID Sucursal],ID_CEDIS from Sucursal
select ID_Almacen as [ID CEDIS] from CEDIS

insert into TransferenciaInventario(ID,ID_AlmacenEnvío,ID_AlmacenRecibe,Fecha)
values(1,254,258,(select*from Fecha))
insert into TransferenciaInventario(ID,ID_AlmacenEnvío,ID_AlmacenRecibe,Fecha)
values(2,266,250,(select*from Fecha))
insert into TransferenciaInventario(ID,ID_AlmacenEnvío,ID_AlmacenRecibe,Fecha)
values(3,250,270,(select*from Fecha))
insert into TransferenciaInventario(ID,ID_AlmacenEnvío,ID_AlmacenRecibe,Fecha)
values(4,262,286,(select*from Fecha))
insert into TransferenciaInventario(ID,ID_AlmacenEnvío,ID_AlmacenRecibe,Fecha)
values(5,270,294,(select*from Fecha))
insert into TransferenciaInventario(ID,ID_AlmacenEnvío,ID_AlmacenRecibe,Fecha)
values(6,282,262,(select*from Fecha))
insert into TransferenciaInventario(ID,ID_AlmacenEnvío,ID_AlmacenRecibe,Fecha)
values(7,286,302,(select*from Fecha))
insert into TransferenciaInventario(ID,ID_AlmacenEnvío,ID_AlmacenRecibe,Fecha)
values(8,270,290,(select*from Fecha))
insert into TransferenciaInventario(ID,ID_AlmacenEnvío,ID_AlmacenRecibe,Fecha)
values(9,298,322,(select*from Fecha))
insert into TransferenciaInventario(ID,ID_AlmacenEnvío,ID_AlmacenRecibe,Fecha)
values(10,294,314,(select*from Fecha))
insert into TransferenciaInventario(ID,ID_AlmacenEnvío,ID_AlmacenRecibe,Fecha)
values(11,250,270,(select*from Fecha))
insert into TransferenciaInventario(ID,ID_AlmacenEnvío,ID_AlmacenRecibe,Fecha)
values(12,310,286,(select*from Fecha))
insert into TransferenciaInventario(ID,ID_AlmacenEnvío,ID_AlmacenRecibe,Fecha)
values(13,262,274,(select*from Fecha))
insert into TransferenciaInventario(ID,ID_AlmacenEnvío,ID_AlmacenRecibe,Fecha)
values(14,298,322,(select*from Fecha))
insert into TransferenciaInventario(ID,ID_AlmacenEnvío,ID_AlmacenRecibe,Fecha)
values(15,294,250,(select*from Fecha))
insert into TransferenciaInventario(ID,ID_AlmacenEnvío,ID_AlmacenRecibe,Fecha)
values(16,258,254,(select*from Fecha))
insert into TransferenciaInventario(ID,ID_AlmacenEnvío,ID_AlmacenRecibe,Fecha)
values(17,270,294,(select*from Fecha))
insert into TransferenciaInventario(ID,ID_AlmacenEnvío,ID_AlmacenRecibe,Fecha)
values(18,278,298,(select*from Fecha))
insert into TransferenciaInventario(ID,ID_AlmacenEnvío,ID_AlmacenRecibe,Fecha)
values(19,310,286,(select*from Fecha))
insert into TransferenciaInventario(ID,ID_AlmacenEnvío,ID_AlmacenRecibe,Fecha)
values(20,318,270,(select*from Fecha))


---Compra Producto, Detalle Venta y Transferencias de Producto
select*from CompraProducto order by Folio_Compra 
select*from Inventario 
select format(FechaCompra, 'dd/MM/yyyy'),Folio from Compra order by FechaCompra
select*from Producto_Rand

---Compras entre el 07/04/2017 y el 09/06/2017
insert into CompraProducto(Folio_Compra,Cantidad,UPC_Producto)
values(1,64,129303147829)
insert into CompraProducto(Folio_Compra,Cantidad,UPC_Producto)
values(1,46,799120351480)
insert into CompraProducto(Folio_Compra,Cantidad,UPC_Producto)
values(2,37,129303147829)
insert into CompraProducto(Folio_Compra,Cantidad,UPC_Producto)
values(2,8,159302415944)
insert into CompraProducto(Folio_Compra,Cantidad,UPC_Producto)
values(3,79,129303147829)
insert into CompraProducto(Folio_Compra,Cantidad,UPC_Producto)
values(4,30,186865765893)
insert into CompraProducto(Folio_Compra,Cantidad,UPC_Producto)
values(4,30,752229106791)
insert into CompraProducto(Folio_Compra,Cantidad,UPC_Producto)
values(4,17,760803117475)
insert into CompraProducto(Folio_Compra,Cantidad,UPC_Producto)
values(5,58,130494031901)
insert into CompraProducto(Folio_Compra,Cantidad,UPC_Producto)
values(5,17,186865765893)
insert into CompraProducto(Folio_Compra,Cantidad,UPC_Producto)
values(5,37,186865765893)
insert into CompraProducto(Folio_Compra,Cantidad,UPC_Producto)
values(6,74,760803117475)
insert into CompraProducto(Folio_Compra,Cantidad,UPC_Producto)
values(6,46,186865765893)
insert into CompraProducto(Folio_Compra,Cantidad,UPC_Producto)
values(6,29,754165106575)
insert into CompraProducto(Folio_Compra,Cantidad,UPC_Producto)
values(6,31,190959243160)
insert into CompraProducto(Folio_Compra,Cantidad,UPC_Producto)
values(7,32,711232159464)
insert into CompraProducto(Folio_Compra,Cantidad,UPC_Producto)
values(7,6,130494031901)
insert into CompraProducto(Folio_Compra,Cantidad,UPC_Producto)
values(7,7,711232159464)
insert into CompraProducto(Folio_Compra,Cantidad,UPC_Producto)
values(8,56,133511834602)
insert into CompraProducto(Folio_Compra,Cantidad,UPC_Producto)
values(8,3,739251629190)
insert into CompraProducto(Folio_Compra,Cantidad,UPC_Producto)
values(8,39,129303147829)
insert into CompraProducto(Folio_Compra,Cantidad,UPC_Producto)
values(8,62,766376969832)
insert into CompraProducto(Folio_Compra,Cantidad,UPC_Producto)
values(9,56,171247017183)
insert into CompraProducto(Folio_Compra,Cantidad,UPC_Producto)
values(10,4,799076751480)
insert into CompraProducto(Folio_Compra,Cantidad,UPC_Producto)
values(10,63,799076751480)

---Transferencias de Inventario
select*from Compra c inner join CompraProducto cp on c.Folio=cp.Folio_Compra 
select*from Sucursal
insert into TransferenciaInventario(ID,ID_AlmacenEnvío,ID_AlmacenRecibe,Fecha)
values(1,258,254,(select*from Fecha))
insert into TransferenciaInventario(ID,ID_AlmacenEnvío,ID_AlmacenRecibe,Fecha)
values(2,250,266,(select*from Fecha))
insert into TransferenciaInventario(ID,ID_AlmacenEnvío,ID_AlmacenRecibe,Fecha)
values(3,286,310,(select*from Fecha))
insert into TransferenciaInventario(ID,ID_AlmacenEnvío,ID_AlmacenRecibe,Fecha)
values(4,262,298,(select*from Fecha))
insert into TransferenciaInventario(ID,ID_AlmacenEnvío,ID_AlmacenRecibe,Fecha)
values(5,294,314,(select*from Fecha))
insert into TransferenciaInventario(ID,ID_AlmacenEnvío,ID_AlmacenRecibe,Fecha)
values(6,254,258,(select*from Fecha))
insert into TransferenciaInventario(ID,ID_AlmacenEnvío,ID_AlmacenRecibe,Fecha)
values(7,250,266,(select*from Fecha))
insert into TransferenciaInventario(ID,ID_AlmacenEnvío,ID_AlmacenRecibe,Fecha)
values(8,270,290,(select*from Fecha))
insert into TransferenciaInventario(ID,ID_AlmacenEnvío,ID_AlmacenRecibe,Fecha)
values(9,250,266,(select*from Fecha))
insert into TransferenciaInventario(ID,ID_AlmacenEnvío,ID_AlmacenRecibe,Fecha)
values(10,286,302,(select*from Fecha))

---Ventas
select*from DetalleVenta
select*from Inventario

insert into DetalleVenta(Folio_Venta,UPC_Producto,Cantidad)
values(1,754165146475,48)
insert into DetalleVenta(Folio_Venta,UPC_Producto,Cantidad)
values(2,(select*from Producto_Rand),21)
insert into DetalleVenta(Folio_Venta,UPC_Producto,Cantidad)
values(3,(select*from Producto_Rand),17)
insert into DetalleVenta(Folio_Venta,UPC_Producto,Cantidad)
values(4,(select*from Producto_Rand),37)
insert into DetalleVenta(Folio_Venta,UPC_Producto,Cantidad)
values(5,(select*from Producto_Rand),20)
insert into DetalleVenta(Folio_Venta,UPC_Producto,Cantidad)
values(6,(select*from Producto_Rand),4)
insert into DetalleVenta(Folio_Venta,UPC_Producto,Cantidad)
values(7,(select*from Producto_Rand),35)
insert into DetalleVenta(Folio_Venta,UPC_Producto,Cantidad)
values(8,(select*from Producto_Rand),41)
insert into DetalleVenta(Folio_Venta,UPC_Producto,Cantidad)
values(9,(select*from Producto_Rand),26)
insert into DetalleVenta(Folio_Venta,UPC_Producto,Cantidad)
values(10,(select*from Producto_Rand),8)
insert into DetalleVenta(Folio_Venta,UPC_Producto,Cantidad)
values(11,(select*from Producto_Rand),13)

---Transferencia_Producto
select*from TransferenciaProducto
select*from Inventario

insert into TransferenciaProducto([UPC-Producto],Cantidad,ID_TransferenciaInventario)
values(169567943823,52,20)
insert into TransferenciaProducto([UPC-Producto],Cantidad,ID_TransferenciaInventario)
values(754165146475,27,15)
insert into TransferenciaProducto([UPC-Producto],Cantidad,ID_TransferenciaInventario)
values(171247017183,65,7)
insert into TransferenciaProducto([UPC-Producto],Cantidad,ID_TransferenciaInventario)
values(180160717042,111,3)
insert into TransferenciaProducto([UPC-Producto],Cantidad,ID_TransferenciaInventario)
values(754165106575,98,12)
insert into TransferenciaProducto([UPC-Producto],Cantidad,ID_TransferenciaInventario)
values(172670665286,113,7)
insert into TransferenciaProducto([UPC-Producto],Cantidad,ID_TransferenciaInventario)
values(739251063190,91,16)
insert into TransferenciaProducto([UPC-Producto],Cantidad,ID_TransferenciaInventario)
values(756800548345,125,12)
insert into TransferenciaProducto([UPC-Producto],Cantidad,ID_TransferenciaInventario)
values(172670665286,32,5)
insert into TransferenciaProducto([UPC-Producto],Cantidad,ID_TransferenciaInventario)
values(739251063190,123,13)
insert into TransferenciaProducto([UPC-Producto],Cantidad,ID_TransferenciaInventario)
values(172670665286,79,18)
insert into TransferenciaProducto([UPC-Producto],Cantidad,ID_TransferenciaInventario)
values(752229106791,123,10)
insert into TransferenciaProducto([UPC-Producto],Cantidad,ID_TransferenciaInventario)
values(752229106791,114,9)
insert into TransferenciaProducto([UPC-Producto],Cantidad,ID_TransferenciaInventario)
values(171247017183,73,10)
insert into TransferenciaProducto([UPC-Producto],Cantidad,ID_TransferenciaInventario)
values(756800548345,114,15)
insert into TransferenciaProducto([UPC-Producto],Cantidad,ID_TransferenciaInventario)
values(754165146475,124,1)
insert into TransferenciaProducto([UPC-Producto],Cantidad,ID_TransferenciaInventario)
values(144844572326,50,4)
insert into TransferenciaProducto([UPC-Producto],Cantidad,ID_TransferenciaInventario)
values(754165106575,70,13)
insert into TransferenciaProducto([UPC-Producto],Cantidad,ID_TransferenciaInventario)
values(180160717042,20,5)
insert into TransferenciaProducto([UPC-Producto],Cantidad,ID_TransferenciaInventario)
values(760803117475,109,2)
insert into TransferenciaProducto([UPC-Producto],Cantidad,ID_TransferenciaInventario)
values(129303147829,61,10)
insert into TransferenciaProducto([UPC-Producto],Cantidad,ID_TransferenciaInventario)
values(172670665286,58,2)
insert into TransferenciaProducto([UPC-Producto],Cantidad,ID_TransferenciaInventario)
values(144844572326,84,7)
insert into TransferenciaProducto([UPC-Producto],Cantidad,ID_TransferenciaInventario)
values(756800548345,98,14)
insert into TransferenciaProducto([UPC-Producto],Cantidad,ID_TransferenciaInventario)
values(171247502183,81,1)
insert into TransferenciaProducto([UPC-Producto],Cantidad,ID_TransferenciaInventario)
values(171247017183,60,19)
insert into TransferenciaProducto([UPC-Producto],Cantidad,ID_TransferenciaInventario)
values(129303147829,27,11)
insert into TransferenciaProducto([UPC-Producto],Cantidad,ID_TransferenciaInventario)
values(186865765893,100,9)
insert into TransferenciaProducto([UPC-Producto],Cantidad,ID_TransferenciaInventario)
values(180160089042,101,6)
insert into TransferenciaProducto([UPC-Producto],Cantidad,ID_TransferenciaInventario)
values(739251629190,86,1)
insert into TransferenciaProducto([UPC-Producto],Cantidad,ID_TransferenciaInventario)
values(752229106791,32,17)
insert into TransferenciaProducto([UPC-Producto],Cantidad,ID_TransferenciaInventario)
values(756803428345,99,5)
insert into TransferenciaProducto([UPC-Producto],Cantidad,ID_TransferenciaInventario)
values(752229872791,73,18)
insert into TransferenciaProducto([UPC-Producto],Cantidad,ID_TransferenciaInventario)
values(171247017183,75,15)
insert into TransferenciaProducto([UPC-Producto],Cantidad,ID_TransferenciaInventario)
values(739251629190,118,15)
insert into TransferenciaProducto([UPC-Producto],Cantidad,ID_TransferenciaInventario)
values(144844572326,57,1)
insert into TransferenciaProducto([UPC-Producto],Cantidad,ID_TransferenciaInventario)
values(169567843823,47,15)
insert into TransferenciaProducto([UPC-Producto],Cantidad,ID_TransferenciaInventario)
values(180160717042,119,11)
insert into TransferenciaProducto([UPC-Producto],Cantidad,ID_TransferenciaInventario)
values(752229872791,130,7)
insert into TransferenciaProducto([UPC-Producto],Cantidad,ID_TransferenciaInventario)
values(186865765893,105,14)
insert into TransferenciaProducto([UPC-Producto],Cantidad,ID_TransferenciaInventario)
values(754165146475,21,8)
insert into TransferenciaProducto([UPC-Producto],Cantidad,ID_TransferenciaInventario)
values(754165106575,42,14)
insert into TransferenciaProducto([UPC-Producto],Cantidad,ID_TransferenciaInventario)
values(172670665286,96,9)
insert into TransferenciaProducto([UPC-Producto],Cantidad,ID_TransferenciaInventario)
values(144844572326,104,3)
insert into TransferenciaProducto([UPC-Producto],Cantidad,ID_TransferenciaInventario)
values(169567943823,36,11)
insert into TransferenciaProducto([UPC-Producto],Cantidad,ID_TransferenciaInventario)
values(756803428345,96,14)
insert into TransferenciaProducto([UPC-Producto],Cantidad,ID_TransferenciaInventario)
values(760803117475,44,19)
insert into TransferenciaProducto([UPC-Producto],Cantidad,ID_TransferenciaInventario)
values(129303147829,85,9)
insert into TransferenciaProducto([UPC-Producto],Cantidad,ID_TransferenciaInventario)
values(180160089042,78,9)
insert into TransferenciaProducto([UPC-Producto],Cantidad,ID_TransferenciaInventario)
values(144844572326,27,11)
insert into TransferenciaProducto([UPC-Producto],Cantidad,ID_TransferenciaInventario)
values(752229106791,95,6)
insert into TransferenciaProducto([UPC-Producto],Cantidad,ID_TransferenciaInventario)
values(144844572326,30,17)
insert into TransferenciaProducto([UPC-Producto],Cantidad,ID_TransferenciaInventario)
values(180160717042,90,15)
insert into TransferenciaProducto([UPC-Producto],Cantidad,ID_TransferenciaInventario)
values(739251629190,30,13)
insert into TransferenciaProducto([UPC-Producto],Cantidad,ID_TransferenciaInventario)
values(172670665286,67,16)
insert into TransferenciaProducto([UPC-Producto],Cantidad,ID_TransferenciaInventario)
values(186865765893,65,1)
insert into TransferenciaProducto([UPC-Producto],Cantidad,ID_TransferenciaInventario)
values(129303147829,52,7)
insert into TransferenciaProducto([UPC-Producto],Cantidad,ID_TransferenciaInventario)
values(186865883233,130,20)
insert into TransferenciaProducto([UPC-Producto],Cantidad,ID_TransferenciaInventario)
values(760803117475,130,5)
insert into TransferenciaProducto([UPC-Producto],Cantidad,ID_TransferenciaInventario)
values(754165146475,26,16)
insert into TransferenciaProducto([UPC-Producto],Cantidad,ID_TransferenciaInventario)
values(752229872791,95,8)
insert into TransferenciaProducto([UPC-Producto],Cantidad,ID_TransferenciaInventario)
values(752229106791,117,2)
insert into TransferenciaProducto([UPC-Producto],Cantidad,ID_TransferenciaInventario)
values(144844572326,62,15)
insert into TransferenciaProducto([UPC-Producto],Cantidad,ID_TransferenciaInventario)
values(756803428345,110,1)
insert into TransferenciaProducto([UPC-Producto],Cantidad,ID_TransferenciaInventario)
values(171247502183,120,19)
insert into TransferenciaProducto([UPC-Producto],Cantidad,ID_TransferenciaInventario)
values(752229106791,79,19)
insert into TransferenciaProducto([UPC-Producto],Cantidad,ID_TransferenciaInventario)
values(129303147829,123,2)
insert into TransferenciaProducto([UPC-Producto],Cantidad,ID_TransferenciaInventario)
values(144844572326,122,8)
insert into TransferenciaProducto([UPC-Producto],Cantidad,ID_TransferenciaInventario)
values(739251629190,89,14)
insert into TransferenciaProducto([UPC-Producto],Cantidad,ID_TransferenciaInventario)
values(739251063190,95,11)
insert into TransferenciaProducto([UPC-Producto],Cantidad,ID_TransferenciaInventario)
values(754165146475,61,10)
insert into TransferenciaProducto([UPC-Producto],Cantidad,ID_TransferenciaInventario)
values(756803428345,65,4)
insert into TransferenciaProducto([UPC-Producto],Cantidad,ID_TransferenciaInventario)
values(739251063190,39,19)
insert into TransferenciaProducto([UPC-Producto],Cantidad,ID_TransferenciaInventario)
values(756800548345,102,8)
insert into TransferenciaProducto([UPC-Producto],Cantidad,ID_TransferenciaInventario)
values(739251063190,100,14)
insert into TransferenciaProducto([UPC-Producto],Cantidad,ID_TransferenciaInventario)
values(171247017183,28,18)
insert into TransferenciaProducto([UPC-Producto],Cantidad,ID_TransferenciaInventario)
values(180160089042,67,2)
insert into TransferenciaProducto([UPC-Producto],Cantidad,ID_TransferenciaInventario)
values(186865765893,100,10)
insert into TransferenciaProducto([UPC-Producto],Cantidad,ID_TransferenciaInventario)
values(754165146475,42,4)
insert into TransferenciaProducto([UPC-Producto],Cantidad,ID_TransferenciaInventario)
values(739251063190,110,9)
insert into TransferenciaProducto([UPC-Producto],Cantidad,ID_TransferenciaInventario)
values(169567843823,67,6)

---Tipo Pago
select*from TipoPago
insert into TipoPago(Tipo, Descripción)
values('Efectivo','El pago se realizó en papel y/o moneda.')
insert into TipoPago(Tipo, Descripción)
values('Tarjeta de Crédito','El pago se emitió mediante una tarjeta de crédito/debito.')
insert into TipoPago(Tipo, Descripción)
values('Cheque Bancario','El pago se realizó mediante un cheque afiliado a una entidad financiera.')

---Pago
select*from Pago
select max(Fecha),ID_Cliente from Venta group by ID_Cliente having ID_Cliente=108
select min(Fecha),ID_Cliente from Venta group by ID_Cliente having ID_Cliente=108
select Fecha, ID_Cliente from Venta where ID_Cliente=108 order by Fecha desc
