Use [Gallo Giro]
Go
---6to Paso: Cargas iniciales

---Region
select*from Region
insert into Region(Nombre)
values('Costas'),('Fronterizo'),('Centro')

---Ciudad
select*from Ciudad
insert into Ciudad(Nombre,ID_region)
values('Anáhuac',2), ('CD. Obregón',2),('Chihuahua',3),('Culiacan',1), ('Guamuchil',1),('Guaymas',1), ('Hermosillo',3),('Mazatlán',1),
('CD.Cuauthemoc',3),('Navojoa',1)

---Dirección
select*from Dirección
insert into Dirección(CP,Número,Calle,ID_Ciudad)
values(80190,3190,'Av. Gral. Maximiliano Gamez',4)
insert into Dirección(CP,Número,Calle,ID_Ciudad)
values(80016,2145,'Profra. Emiliano Zapata',4)
insert into Dirección(CP,Número,Calle,ID_Ciudad)
values(80060,1112,'Gral. Angel Flores',4)
insert into Dirección(CP,Número,Calle,ID_Ciudad)
values(82154,84,'Vison',8)
insert into Dirección(CP,Número,Calle,ID_Ciudad)
values(82190,313,'La Amapá',8)
insert into Dirección(CP,Número,Calle,ID_Ciudad)
values(82190,null,'Manuel J. Clouthier',8)
insert into Dirección(CP,Número,Calle,ID_Ciudad)
values(85440,124,'Calle Ocho',6)
insert into Dirección(CP,Número,Calle,ID_Ciudad)
values(85440,13,'Plaza del Centenario',7)
insert into Dirección(CP,Número,Calle,ID_Ciudad)
values(85456,205,'Oscar Ruiz Almeida',6)
insert into Dirección(CP,Número,Calle,ID_Ciudad)
values(31600,202,'5 de febrero',1)
insert into Dirección(CP,Número,Calle,ID_Ciudad)
values(85060,null,'Calle Ignacio Zaragoza',2)
insert into Dirección(CP,Número,Calle,ID_Ciudad)
values(null,517,'Sta Matilde',2)
insert into Dirección(CP,Número,Calle,ID_Ciudad)
values(85890,211,'Jesus García',10)
insert into Dirección(CP,Número,Calle,ID_Ciudad)
values(81460,534,'16 de septiembre',5)
insert into Dirección(CP,Número,Calle,ID_Ciudad)
values(80016,3774,'Calz de las Americas',4)
insert into Dirección(CP,Número,Calle,ID_Ciudad)
values(31530,3795,'Leona Vicario',9)
insert into Dirección(CP,Número,Calle,ID_Ciudad)
values(31350,2703,'Mariano Horcasitas',3)
insert into Dirección(CP,Número,Calle,ID_Ciudad)
values(85890,300,'Jesus García',10)
insert into Dirección(CP,Número,Calle,ID_Ciudad)
values(85890,304,'Manuel Cubillas',10)
insert into Dirección(CP,Número,Calle,ID_Ciudad)
values(85456,12,'Felipe Bárcenas Sartini',6)
insert into Dirección(CP,Número,Calle,ID_Ciudad)
values(31600,406,'Laguna',1)
insert into Dirección(CP,Número,Calle,ID_Ciudad)
values(31600,405,'De los deportes',1)
insert into Dirección(CP,Número,Calle,ID_Ciudad)
values(null,2795,'San Clemente',2)
insert into Dirección(CP,Número,Calle,ID_Ciudad)
values(31550,null,'21 de marzo',9)
insert into Dirección(CP,Número,Calle,ID_Ciudad)
values(31550,1085,'10 de mayo',9)
insert into Dirección(CP,Número,Calle,ID_Ciudad)
values(31530,3733,'Mariano Jiménez',9)
insert into Dirección(CP,Número,Calle,ID_Ciudad)
values(81460,null,'José Maria Morelos',5)
insert into Dirección(CP,Número,Calle,ID_Ciudad)
values(80190,3280,'Av. Gral. Maximiliano Gamez',4)
insert into Dirección(CP,Número,Calle,ID_Ciudad)
values(83080,50,'Nicaragua',7)
insert into Dirección(CP,Número,Calle,ID_Ciudad)
values(83080,100,'Nicaragua',7)
insert into Dirección(CP,Número,Calle,ID_Ciudad)
values(83118,17,'De los pimas',7)
insert into Dirección(CP,Número,Calle,ID_Ciudad)
values(80060,1325,'Lago de Patzcuaro',4)
insert into Dirección(CP,Número,Calle,ID_Ciudad)
values(83080,221,'Calle Mina',7)
insert into Dirección(CP,Número,Calle,ID_Ciudad)
values(31350,2202,'Calle 35',3)

---Almacen
select ID as AlmacenID from Almacen except (select ID_Almacen from CEDIS) 
select*from Almacen
insert into Almacen(ID_Dirección)
values(9),(10),(4),(3),(12),(15),(31),(24),(19),(7),(18),(21),(13),(11),(8),(27),(30),(14),(22)

---CEDIS
select*from CEDIS
insert into CEDIS(ID_Almacen,[CapacIDad_(palets/nivel)])
values(250,840),(258,250),(262,370),(270,default),(278,default),(286,674),(294,default),(298,530)

---Sucursal
select*from Sucursal
insert into Sucursal(ID_Almacen,ID_CEDIS)
values(254,258),(266,250),(274,262),(282,262),(290,270),(302,286),(310,286),(314,294),(318,270),(322,298),(306,270)

---Tipo Clientes
select*from TipoCliente
insert into TipoCliente(ID,Tipo,Descripción)
values(1,'Domestico','Personas que compran productos para su jardín o huerto familiar.'),
(2,'Agricultor','Persona que siembra grandes cantidades de tierra.')

---Clientes
select d.ID as IdDirección, d.Calle as NombreCalle from Dirección d 
where not exists (select Almacen.ID_Dirección from Almacen where d.ID=Almacen.ID_Dirección) order by IdDirección

select d.ID as IdDirección, d.Calle as NombreCalle from Dirección d 
where d.ID not in (select Almacen.ID_Dirección from Almacen) and d.ID not in(select Cliente.ID_Dirección from Cliente) order by IdDirección

select*from [Cliente]
insert into [Cliente](ID_Dirección,Nombre,ApellIDoPaterno,ApellIDoMaterno,ID_Tipo,RFC)
values(1,'Jorge','Osuna','Quintana',1,'OUQJ990608F53')
insert into [Cliente](ID_Dirección,Nombre,ApellIDoPaterno,ApellIDoMaterno,ID_Tipo,RFC)
values(1,'Carmen','Quintana','Santana',1,'QUSC640831AS3')
insert into [Cliente](ID_Dirección,Nombre,ApellIDoPaterno,ApellIDoMaterno,ID_Tipo,RFC)
values(2,'Oliver','Rodriguez','Gomez',2,'ROGO9907049F6')
insert into [Cliente](ID_Dirección,Nombre,ApellIDoPaterno,ApellIDoMaterno,ID_Tipo,RFC)
values(5,'Juanito','Lopez','Perez',1,'LOPJ941118RE7')
insert into [Cliente](ID_Dirección,Nombre,ApellIDoPaterno,ApellIDoMaterno,ID_Tipo,RFC)
values(6,'Carito','Lopez','Villa',2,'LOVC990101HR5')
insert into [Cliente](ID_Dirección,Nombre,ApellIDoPaterno,ApellIDoMaterno,ID_Tipo,RFC)
values(16,'Pedro','Villas','Casas',2,'VICP650414CF3')
insert into [Cliente](ID_Dirección,Nombre,ApellIDoPaterno,ApellIDoMaterno,ID_Tipo,RFC)
values(17,'Marina','Manjarrez','Quintana',1,'MAQM851209HR2')
insert into [Cliente](ID_Dirección,Nombre,ApellIDoPaterno,ApellIDoMaterno,ID_Tipo,RFC)
values(20,'Luis','Guerrero','Gutierrez',2,'GUGL010220LD4')
insert into [Cliente](ID_Dirección,Nombre,ApellIDoPaterno,ApellIDoMaterno,ID_Tipo,RFC)
values(23,'Fernando','Smith','Peraza',1,'SIPF880515MT7')
insert into [Cliente](ID_Dirección,Nombre,ApellIDoPaterno,ApellIDoMaterno,ID_Tipo,RFC)
values(25,'Daniel','Encizo','Lopez',1,'EILD941012K3A')
insert into [Cliente](ID_Dirección,Nombre,ApellIDoPaterno,ApellIDoMaterno,ID_Tipo,RFC)
values(26,'Francisco','Gonzáles','Esquivel',2,'GOEF900530HCA')
insert into [Cliente](ID_Dirección,Nombre,ApellIDoPaterno,ApellIDoMaterno,ID_Tipo,RFC)
values(26,'Flor','Hernandez','Esquivel',1,'HEEF960816MI0')
insert into [Cliente](ID_Dirección,Nombre,ApellIDoPaterno,ApellIDoMaterno,ID_Tipo,RFC)
values(28,'Nadia','Florencia','Martinez',2,'FOMN8207247F3')
insert into [Cliente](ID_Dirección,Nombre,ApellIDoPaterno,ApellIDoMaterno,ID_Tipo,RFC)
values(29,'Claudia','Bejarano','Martinez',2,'BEMC511110QC9')
insert into [Cliente](ID_Dirección,Nombre,ApellIDoPaterno,ApellIDoMaterno,ID_Tipo,RFC)
values(32,'Daniela','Mascareño','Quiroz',1,'MAQD8307216R8')
insert into [Cliente](ID_Dirección,Nombre,ApellIDoPaterno,ApellIDoMaterno,ID_Tipo,RFC)
values(33,'Luis','Fernando','Arriaga',1,'FEAL681019K12')
insert into [Cliente](ID_Dirección,Nombre,ApellIDoPaterno,ApellIDoMaterno,ID_Tipo,RFC)
values(33,'Clarisa','Fernando','Arriaga',1,'FEAC750117T35')
insert into [Cliente](ID_Dirección,Nombre,ApellIDoPaterno,ApellIDoMaterno,ID_Tipo,RFC)
values(34,'Angel','Esquivel','Morales',2,'EUMA960922Q18')

---Actividad 
select*from Actividad
insert into Actividad(Nombre)
values('Horticultor'),('Floricultor'),('Productor de semillas'),('Productor de granos')

---Actividad agricultor
select Cliente.ID,Nombre,ApellIDoPaterno from Cliente inner join TipoCliente on TipoCliente.ID=Cliente.ID_Tipo where TipoCliente.Tipo='Agricultor'
select*from Actividad order by ID
select*from Actividad_Agricultor
insert into Actividad_Agricultor(ID_Agricultor,ID_Actividad)
values(108,2),(108,4),(120,2),(128,4),(128,3),(140,1),(148,2),(148,4),(152,3),(168,4) 

---Dimensión
select convert(varchar, Cantidad)+' '+Unidad_de_Medida as Presentación from Dimensión---Importante
insert into Dimensión(ID,Cantidad,Unidad_de_Medida)
values(1,100,'g'),(2,1,'Kg'),(3,1,'L'),(4,2.2,'Kg'),(5,10,'L'),(6,3.54,'Kg'),(7,25,'Lb'),(8,20,'Kg'),(9,9.53,'Lb'),(10,250,'ml'),
(11,20,'L'),(12,500,'g'),(13,1,'gal')
insert into Dimensión(ID,Cantidad,Unidad_de_Medida)
values(14,50,'g')
insert into Dimensión(ID,Cantidad,Unidad_de_Medida)
values(15,390,'g')
insert into Dimensión(ID,Cantidad,Unidad_de_Medida)
values(16,10,'Kg')
insert into Dimensión(ID,Cantidad,Unidad_de_Medida)
values(17,6,'L')
insert into Dimensión(ID,Cantidad,Unidad_de_Medida)
values(18,25,'L')
insert into Dimensión(ID,Cantidad,Unidad_de_Medida)
values(19,2.6,'gal')

---Componente activo
select*from Componente_Activo
insert into Componente_Activo(Nombre,Fórmula_Química)
values('Azadiractina','C35H44O16'),('Bacillus thuringiensis',null),('Sales potasicas de acidos grasos','CH3-(CH2)n-COO-Na+'),('Hidróxido cúprico','Cu(OH)2'),
('Bacillus subtilis',null),('Bicarbonato de potasio','2 KHCO3 → K2CO3 + CO2 + H2O'),('Ácido peracético','CH3CO3H'),('Peróxido de hidrógeno','H2O2'),('Gliocladium virens',null)
,('Pineno','C10H16'),('Alcohol Etoxilado','C11-C13')
insert into Componente_Activo(Nombre,Fórmula_Química)
values('Tebuconazole','C16H22ClN3O')
insert into Componente_Activo(Nombre,Fórmula_Química)
values('Cipermetrina','C22H19Cl2NO3')
insert into Componente_Activo(Nombre,Fórmula_Química)
values('Trifluralina','C13H16F3N3O4')
insert into Componente_Activo(Nombre,Fórmula_Química)
values('Nitrogeno','N')
insert into Componente_Activo(Nombre,Fórmula_Química)
values('Dimetilamina','(CH3)2NH')

---Familia
select*from [Familia]
insert into [Familia](Nombre,Descripción)
values('Fertilizantes','Sustancias que facilitan el crecimiento de los cultivos y jardines'),
('Fungicida','Sustancias tóxicas que impiden el crecimiento o eliminar los hongos y mohos perjudiciales.')
,('Herbicida','Producto que se utiliza para interrumpir el desarrollo de plantas indeseadas(malas hierbas)'),
('Insecticida','Compuesto químico utilizado para matar insectos.'),
('Semillas','Cuerpos que forman parte del fruto que da origen a una nueva planta.'),
('Coadyuvante','Sustancia que se agrega al tanque de pulverización y separada del pesticida para mejorar su rendimiento.')

---Proveedor 
select*from Proveedor
insert into Proveedor(Nombre,RFC,[E-Mail])
values('Agroindustrias Martel','AGM790923QW3','ContactoAgroindustrias@Martel.com')
insert into Proveedor(Nombre,RFC,[E-Mail])
values('Celuz Agro','CEA170612DF6','ventas@celuz.mx')
insert into Proveedor(Nombre,RFC,[E-Mail])
values('Agricola de León','AGL980312GL9','ContactoVentas@agleón.mx')
insert into Proveedor(Nombre,RFC,[E-Mail])
values('Agricola del Sur','ASU021014ZM4','ventas@agricoladelsur.com')


---Etiqueta de Peligro
select*from Etiqueta_Peligro
insert into Etiqueta_Peligro(Simbolo,Nombre_Peligro)
values('E','Explosivo')
insert into Etiqueta_Peligro(Simbolo,Nombre_Peligro)
values('O ','Comburente')
insert into Etiqueta_Peligro(Simbolo,Nombre_Peligro)
values('F ','Fácilmente inflamable')
insert into Etiqueta_Peligro(Simbolo,Nombre_Peligro)
values('F+','Extremadamente inflamable')
insert into Etiqueta_Peligro(Simbolo,Nombre_Peligro)
values('T','Tóxico')
insert into Etiqueta_Peligro(Simbolo,Nombre_Peligro)
values('T+',' Muy tóxico')
insert into Etiqueta_Peligro(Simbolo,Nombre_Peligro)
values('Xn','Nocivo')
insert into Etiqueta_Peligro(Simbolo,Nombre_Peligro)
values('Xi','Irritante')
insert into Etiqueta_Peligro(Simbolo,Nombre_Peligro)
values('C','Corrosivo')
insert into Etiqueta_Peligro(Simbolo,Nombre_Peligro)
values('N','Peligroso para el medio ambiente')

---Producto
select*from Producto
insert into Producto(Nombre,ID_ComponenteActivo,ID_Familia,ID_Proveedor,Punto_de_reorden)
values('IMPIDE',3,39,2,25)
insert into Producto(Nombre,ID_ComponenteActivo,ID_Familia,ID_Proveedor,Punto_de_reorden)
values('SoilBuilder',5,45,2,14)
insert into Producto(Nombre,ID_ComponenteActivo,ID_Familia,ID_Proveedor,Punto_de_reorden)
values('Cebada Orchesta',null,42,4,40)
insert into Producto(Nombre,ID_ComponenteActivo,ID_Familia,ID_Proveedor,Punto_de_reorden)
values('Solaris Bio 250 EW',12,30,3,12)
insert into Producto(Nombre,ID_ComponenteActivo,ID_Familia,ID_Proveedor,Punto_de_reorden)
values('CYNOFF® 40 WP',13,39,4,16)
insert into Producto(Nombre,ID_ComponenteActivo,ID_Familia,ID_Proveedor,Punto_de_reorden)
values('OxiCure',8,33,3,23)
insert into Producto(Nombre,ID_ComponenteActivo,ID_Familia,ID_Proveedor,Punto_de_reorden)
values('Nutrileaf',3,30,3,18)
insert into Producto(Nombre,ID_ComponenteActivo,ID_Familia,ID_Proveedor,Punto_de_reorden)
values('OROCIT',11,45,1,25)
insert into Producto(Nombre,ID_ComponenteActivo,ID_Familia,ID_Proveedor,Punto_de_reorden)
values('TRILOGY',4,39,2,23)
insert into Producto(Nombre,ID_ComponenteActivo,ID_Familia,ID_Proveedor,Punto_de_reorden)
values('Triflurex 48 EC',14,36,1,31)
insert into Producto(Nombre,ID_ComponenteActivo,ID_Familia,ID_Proveedor,Punto_de_reorden)
values('PHC® MilStop Plus®',6,33,2,15)
insert into Producto(Nombre,ID_ComponenteActivo,ID_Familia,ID_Proveedor,Punto_de_reorden)
values('Maíz Superbia',null,42,4,53)
insert into Producto(Nombre,ID_ComponenteActivo,ID_Familia,ID_Proveedor,Punto_de_reorden)
values('NITRO BLEND®',15,30,1,23)
insert into Producto(Nombre,ID_ComponenteActivo,ID_Familia,ID_Proveedor,Punto_de_reorden)
values('XenTari DF',5,39,2,18)
insert into Producto(Nombre,ID_ComponenteActivo,ID_Familia,ID_Proveedor,Punto_de_reorden)
values('Sorgo Ascoli',null,42,1,210)
insert into Producto(Nombre,ID_ComponenteActivo,ID_Familia,ID_Proveedor,Punto_de_reorden)
values('PFR-97',2,39,4,16)
insert into Producto(Nombre,ID_ComponenteActivo,ID_Familia,ID_Proveedor,Punto_de_reorden)
values('GESAPRIM® AUTOSUSPENSIBLE',10,36,3,24)
insert into Producto(Nombre,ID_ComponenteActivo,ID_Familia,ID_Proveedor,Punto_de_reorden)
values('Trigo Blando Bonifacio',null,42,3,15)
insert into Producto(Nombre,ID_ComponenteActivo,ID_Familia,ID_Proveedor,Punto_de_reorden)
values('Javelin® WG',2,39,2,29)
insert into Producto(Nombre,ID_ComponenteActivo,ID_Familia,ID_Proveedor,Punto_de_reorden)
values('ECO-FILM',10,45,1,15)
insert into Producto(Nombre,ID_ComponenteActivo,ID_Familia,ID_Proveedor,Punto_de_reorden)
values('CELL FORCE MAX',12,30,4,25)
insert into Producto(Nombre,ID_ComponenteActivo,ID_Familia,ID_Proveedor,Punto_de_reorden)
values('PROMISE',7,45,4,17)
insert into Producto(Nombre,ID_ComponenteActivo,ID_Familia,ID_Proveedor,Punto_de_reorden)
values('Kocide® 2000',4,33,2,34)
insert into Producto(Nombre,ID_ComponenteActivo,ID_Familia,ID_Proveedor,Punto_de_reorden)
values('FAENA ® FUERTE 360',3,36,1,37)
insert into Producto(Nombre,ID_ComponenteActivo,ID_Familia,ID_Proveedor,Punto_de_reorden)
values('AZA-Direct 1.2 CE',1,39,2,34)
insert into Producto(Nombre,ID_ComponenteActivo,ID_Familia,ID_Proveedor,Punto_de_reorden)
values('Paso D',16,36,1,38)
insert into Producto(Nombre,ID_ComponenteActivo,ID_Familia,ID_Proveedor,Punto_de_reorden)
values('Remolacha Maressa',null,42,3,30)

---Tipo entrega
select*from TipoEntrega
insert into TipoEntrega(Nombre,Descripción)
values('A Domicilio','El producto se entrega en el domicilio o campo donde se utilizará el producto.')
insert into TipoEntrega(Nombre,Descripción)
values('En CEDIS','El cliente recoge directamente del CEDIS el producto comprado cuando no se tienen unidades en sucursal.')
insert into TipoEntrega(Nombre,Descripción)
values('En Sucursal','El cliente recoge el producto comprado en sucursal si hay unidades en existencia.')

---Presentación
select UPC,PrecioUnitarioActual from Presentación inner join Dimensión on Dimensión.ID=Presentación.ID_Dimensión
select p.ID,p.Nombre,f.Nombre,pr.Nombre from Producto p inner join Familia f on f.ID=p.ID_Familia inner join Proveedor pr on pr.ID=p.ID_Proveedor
select ID, Cantidad, Unidad_de_medida from Dimensión 

insert into Presentación(ID_Base,ID_Dimensión,PrecioUnitarioActual,[Volumen(dm3)],UPC)
values(1,5,$1420,10,754165146475)
insert into Presentación(ID_Base,ID_Dimensión,PrecioUnitarioActual,[Volumen(dm3)],UPC)
values(1,17,$890,6,754165106575)
insert into Presentación(ID_Base,ID_Dimensión,PrecioUnitarioActual,[Volumen(dm3)],UPC)
values(2,5,$1564,10,186865883233)
insert into Presentación(ID_Base,ID_Dimensión,PrecioUnitarioActual,[Volumen(dm3)],UPC)
values(2,11,$2820,20,186865765893)
insert into Presentación(ID_Base,ID_Dimensión,PrecioUnitarioActual,[Volumen(dm3)],UPC)
values(3,7,$540,null,739251063190)
insert into Presentación(ID_Base,ID_Dimensión,PrecioUnitarioActual,[Volumen(dm3)],UPC)
values(3,8,$790,null,739251629190)
insert into Presentación(ID_Base,ID_Dimensión,PrecioUnitarioActual,[Volumen(dm3)],UPC)
values(4,10,$250,0.250,169567843823)
insert into Presentación(ID_Base,ID_Dimensión,PrecioUnitarioActual,[Volumen(dm3)],UPC)
values(4,3,$640,1,169567943823)
insert into Presentación(ID_Base,ID_Dimensión,PrecioUnitarioActual,[Volumen(dm3)],UPC)
values(5,14,$900,null,752229106791)
insert into Presentación(ID_Base,ID_Dimensión,PrecioUnitarioActual,[Volumen(dm3)],UPC)
values(5,12,$1679,1.65,752229872791)
insert into Presentación(ID_Base,ID_Dimensión,PrecioUnitarioActual,[Volumen(dm3)],UPC)
values(6,3,$217,1,144844572326)
insert into Presentación(ID_Base,ID_Dimensión,PrecioUnitarioActual,[Volumen(dm3)],UPC)
values(7,7,$774,4,760803117475)
insert into Presentación(ID_Base,ID_Dimensión,PrecioUnitarioActual,[Volumen(dm3)],UPC)
values(8,5,$532,10,180160717042)
insert into Presentación(ID_Base,ID_Dimensión,PrecioUnitarioActual,[Volumen(dm3)],UPC)
values(8,13,$170,3.73,180160089042)
insert into Presentación(ID_Base,ID_Dimensión,PrecioUnitarioActual,[Volumen(dm3)],UPC)
values(9,3,$900,1,172670665286)
insert into Presentación(ID_Base,ID_Dimensión,PrecioUnitarioActual,[Volumen(dm3)],UPC)
values(9,19,$2736,9.46,129303147829)
insert into Presentación(ID_Base,ID_Dimensión,PrecioUnitarioActual,[Volumen(dm3)],UPC)
values(10,3,$120,1,756803428345)
insert into Presentación(ID_Base,ID_Dimensión,PrecioUnitarioActual,[Volumen(dm3)],UPC)
values(10,5,$744,10,756800548345)
insert into Presentación(ID_Base,ID_Dimensión,PrecioUnitarioActual,[Volumen(dm3)],UPC)
values(11,2,$296,1,171247017183)
insert into Presentación(ID_Base,ID_Dimensión,PrecioUnitarioActual,[Volumen(dm3)],UPC)
values(11,15,$90,null,171247502183)
insert into Presentación(ID_Base,ID_Dimensión,PrecioUnitarioActual,[Volumen(dm3)],UPC)
values(12,15,$9,null,711255919464)
insert into Presentación(ID_Base,ID_Dimensión,PrecioUnitarioActual,[Volumen(dm3)],UPC)
values(12,8,$360,null,711232159464)
insert into Presentación(ID_Base,ID_Dimensión,PrecioUnitarioActual,[Volumen(dm3)],UPC)
values(13,11,$1120,20,190959722260)
insert into Presentación(ID_Base,ID_Dimensión,PrecioUnitarioActual,[Volumen(dm3)],UPC)
values(13,5,$645,10,190959243160)
insert into Presentación(ID_Base,ID_Dimensión,PrecioUnitarioActual,[Volumen(dm3)],UPC)
values(14,12,$300,4,776954606417)
insert into Presentación(ID_Base,ID_Dimensión,PrecioUnitarioActual,[Volumen(dm3)],UPC)
values(15,8,$2346,32,199910640299)
insert into Presentación(ID_Base,ID_Dimensión,PrecioUnitarioActual,[Volumen(dm3)],UPC)
values(15,2,$100,3,199900210299)
insert into Presentación(ID_Base,ID_Dimensión,PrecioUnitarioActual,[Volumen(dm3)],UPC)
values(16,4,$121,3,775845546653)
insert into Presentación(ID_Base,ID_Dimensión,PrecioUnitarioActual,[Volumen(dm3)],UPC)
values(17,3,$379,1,190036470253)
insert into Presentación(ID_Base,ID_Dimensión,PrecioUnitarioActual,[Volumen(dm3)],UPC)
values(18,8,$3400,12,133511834602)
insert into Presentación(ID_Base,ID_Dimensión,PrecioUnitarioActual,[Volumen(dm3)],UPC)
values(19,2,$723.93,3,155864423261)
insert into Presentación(ID_Base,ID_Dimensión,PrecioUnitarioActual,[Volumen(dm3)],UPC)
values(20,3,$430,1,766376969832)
insert into Presentación(ID_Base,ID_Dimensión,PrecioUnitarioActual,[Volumen(dm3)],UPC)
values(21,19,$1114.5,4.3,132534950485)
insert into Presentación(ID_Base,ID_Dimensión,PrecioUnitarioActual,[Volumen(dm3)],UPC)
values(22,19,$238.6,4.3,130494031901)
insert into Presentación(ID_Base,ID_Dimensión,PrecioUnitarioActual,[Volumen(dm3)],UPC)
values(23,2,$356,2,767163568952)
insert into Presentación(ID_Base,ID_Dimensión,PrecioUnitarioActual,[Volumen(dm3)],UPC)
values(23,9,$789.3,4,767112048952)
insert into Presentación(ID_Base,ID_Dimensión,PrecioUnitarioActual,[Volumen(dm3)],UPC)
values(24,5,$1555,10,799076751480)
insert into Presentación(ID_Base,ID_Dimensión,PrecioUnitarioActual,[Volumen(dm3)],UPC)
values(24,3,$168.5,1.5,799120351480)
insert into Presentación(ID_Base,ID_Dimensión,PrecioUnitarioActual,[Volumen(dm3)],UPC)
values(25,3,$243.5,1.3,713767063950)
insert into Presentación(ID_Base,ID_Dimensión,PrecioUnitarioActual,[Volumen(dm3)],UPC)
values(26,3,$139.4,1.6,757704328277)
insert into Presentación(ID_Base,ID_Dimensión,PrecioUnitarioActual,[Volumen(dm3)],UPC)
values(26,5,$2134.5,10,757780878277)
insert into Presentación(ID_Base,ID_Dimensión,PrecioUnitarioActual,[Volumen(dm3)],UPC)
values(27,12,$54,.3,159335575944)
insert into Presentación(ID_Base,ID_Dimensión,PrecioUnitarioActual,[Volumen(dm3)],UPC)
values(27,8,$980.4,10,159302415944)

---Precio Historico 
select * from (select ROW_NUMBER()over(partition by UPC_Producto order by Fecha_Actualización) as [Orden], UPC_Producto,format(Fecha_Actualización,'dd/MM/yyyy') as Fecha,Precio_Venta
from Historico_Ventas ) Tp where UPC_Producto=130494031901 order by UPC_Producto,Orden desc
select UPC,PrecioUnitarioActual from Presentación inner join Dimensión on Dimensión.ID=Presentación.ID_Dimensión

insert into Historico_Ventas(UPC_Producto,Fecha_Actualización,Hora_Actualización,Precio_Venta)
values(799120351480,'04-03-2017',(select*from Hora),$161.3)
insert into Historico_Ventas(UPC_Producto,Fecha_Actualización,Hora_Actualización,Precio_Venta)
values(799120351480,'08-13-2017',(select*from Hora),$163.5)

insert into Historico_Ventas(UPC_Producto,Fecha_Actualización,Hora_Actualización,Precio_Venta)
values(799076751480,'05-15-2017',(select*from Hora),$13222)
insert into Historico_Ventas(UPC_Producto,Fecha_Actualización,Hora_Actualización,Precio_Venta)
values(799076751480,'01-03-2018',(select*from Hora),$1325.2)
insert into Historico_Ventas(UPC_Producto,Fecha_Actualización,Hora_Actualización,Precio_Venta)
values(799076751480,'06-30-2018',(select*from Hora),$1328.5)

insert into Historico_Ventas(UPC_Producto,Fecha_Actualización,Hora_Actualización,Precio_Venta)
values(129303147829,'04-02-2017',(select*from Hora),$2733.50)
insert into Historico_Ventas(UPC_Producto,Fecha_Actualización,Hora_Actualización,Precio_Venta)
values(129303147829,'09-08-2018',(select*from Hora),$2735.50)

insert into Historico_Ventas(UPC_Producto,Fecha_Actualización,Hora_Actualización,Precio_Venta)
values(130494031901,'04-16-2017',(select*from Hora),$234.7)
insert into Historico_Ventas(UPC_Producto,Fecha_Actualización,Hora_Actualización,Precio_Venta)
values(130494031901,'07-20-2017',(select*from Hora),$236.5)
insert into Historico_Ventas(UPC_Producto,Fecha_Actualización,Hora_Actualización,Precio_Venta)
values(130494031901,'05-04-2018',(select*from Hora),$237)

insert into Historico_Ventas(UPC_Producto,Fecha_Actualización,Hora_Actualización,Precio_Venta)
values(,'--',(select*from Hora),$)

---Peligrosidad Etiqueta
select*from Peligrosidad_Etiqueta
select*from Etiqueta_Peligro

insert into Peligrosidad_Etiqueta(ID_Producto,ID_Etiqueta)
values(1,38)
insert into PeligrosIDad_Etiqueta(ID_Producto,ID_Etiqueta)
values(2,41)
insert into PeligrosIDad_Etiqueta(ID_Producto,ID_Etiqueta)
values(4,38)
insert into PeligrosIDad_Etiqueta(ID_Producto,ID_Etiqueta)
values(4,41)
insert into PeligrosIDad_Etiqueta(ID_Producto,ID_Etiqueta)
values(5,32)
insert into PeligrosIDad_Etiqueta(ID_Producto,ID_Etiqueta)
values(5,38)
insert into PeligrosIDad_Etiqueta(ID_Producto,ID_Etiqueta)
values(6,38)
insert into PeligrosIDad_Etiqueta(ID_Producto,ID_Etiqueta)
values(6,41)
insert into PeligrosIDad_Etiqueta(ID_Producto,ID_Etiqueta)
values(7,41)
insert into PeligrosIDad_Etiqueta(ID_Producto,ID_Etiqueta)
values(8,35)
insert into PeligrosIDad_Etiqueta(ID_Producto,ID_Etiqueta)
values(8,44)
insert into PeligrosIDad_Etiqueta(ID_Producto,ID_Etiqueta)
values(9,41)

---Compra
select*from Compra
select*from CEDIS


---Compra Producto
select*from CompraProducto
select PrecioUnitarioActual from Presentación where UPC=739251063190
select format(FechaCompra, 'dd/MM/yyyy') from Compra where Folio=47

insert into CompraProducto(Folio_Compra,Cantidad,UPC_Producto,PrecioUnitario)
values(49,156,180160089042,170)
insert into CompraProducto(Folio_Compra,Cantidad,UPC_Producto,PrecioUnitario)
values(6,56,180160089042,166)
insert into CompraProducto(Folio_Compra,Cantidad,UPC_Producto,PrecioUnitario)
values(32,175,180160089042,166)
insert into CompraProducto(Folio_Compra,Cantidad,UPC_Producto,PrecioUnitario)
values(41,76,180160089042,168)
insert into CompraProducto(Folio_Compra,Cantidad,UPC_Producto,PrecioUnitario)
values(19,126,739251629190,785)
insert into CompraProducto(Folio_Compra,Cantidad,UPC_Producto,PrecioUnitario)
values(27,204,739251629190,787)

---Venta
select*from Venta

---Detalle_Venta
select*from DetalleVenta



---Tipo Pago
select*from TipoPago
insert into TipoPago(Tipo, Descripción)
values('Efectivo','El pago se realizó en papel y/o moneda.')
insert into TipoPago(Tipo, Descripción)
values('Tarjeta de Crédito','El pago se emitió mediante una tarjeta de crédito/debito.')
insert into TipoPago(Tipo, Descripción)
values('Cheque Bancario','El pago se realizó mediante un cheque afiliado a una entidad financiera.')

---Pago
select*from Pago
select max(Fecha),ID_Cliente from Venta group by ID_Cliente having ID_Cliente=108
select min(Fecha),ID_Cliente from Venta group by ID_Cliente having ID_Cliente=108
select Fecha, ID_Cliente from Venta where ID_Cliente=108 order by Fecha desc

insert into Pago(ID_Cliente,ID_TipoPAgo,Monto,Fecha,Hora)
values(112,3,$3995.8,(select*from Fecha),(select*from Hora))
insert into Pago(ID_Cliente,ID_TipoPAgo,Monto,Fecha,Hora)
values(164,2,$5801.9,(select*from Fecha),(select*from Hora))
insert into Pago(ID_Cliente,ID_TipoPAgo,Monto,Fecha,Hora)
values(128,3,$1855.6,(select*from Fecha),(select*from Hora))
insert into Pago(ID_Cliente,ID_TipoPAgo,Monto,Fecha,Hora)
values(100,1,$4840.2,(select*from Fecha),(select*from Hora))
insert into Pago(ID_Cliente,ID_TipoPAgo,Monto,Fecha,Hora)
values(120,2,$363,(select*from Fecha),(select*from Hora))
insert into Pago(ID_Cliente,ID_TipoPAgo,Monto,Fecha,Hora)
values(168,2,$2983.7,(select*from Fecha),(select*from Hora))
insert into Pago(ID_Cliente,ID_TipoPAgo,Monto,Fecha,Hora)
values(112,2,$4536.5,(select*from Fecha),(select*from Hora))
insert into Pago(ID_Cliente,ID_TipoPAgo,Monto,Fecha,Hora)
values(100,2,$1312.1,(select*from Fecha),(select*from Hora))
insert into Pago(ID_Cliente,ID_TipoPAgo,Monto,Fecha,Hora)
values(168,3,$339.5,(select*from Fecha),(select*from Hora))
insert into Pago(ID_Cliente,ID_TipoPAgo,Monto,Fecha,Hora)
values(128,1,$5959,(select*from Fecha),(select*from Hora))
insert into Pago(ID_Cliente,ID_TipoPAgo,Monto,Fecha,Hora)
values(140,2,$5340.7,(select*from Fecha),(select*from Hora))
insert into Pago(ID_Cliente,ID_TipoPAgo,Monto,Fecha,Hora)
values(140,1,$1403,(select*from Fecha),(select*from Hora))
insert into Pago(ID_Cliente,ID_TipoPAgo,Monto,Fecha,Hora)
values(120,2,$1446.5,(select*from Fecha),(select*from Hora))
insert into Pago(ID_Cliente,ID_TipoPAgo,Monto,Fecha,Hora)
values(132,3,$1055.1,(select*from Fecha),(select*from Hora))
insert into Pago(ID_Cliente,ID_TipoPAgo,Monto,Fecha,Hora)
values(160,3,$3182.7,(select*from Fecha),(select*from Hora))
insert into Pago(ID_Cliente,ID_TipoPAgo,Monto,Fecha,Hora)
values(132,2,$3742.6,(select*from Fecha),(select*from Hora))
insert into Pago(ID_Cliente,ID_TipoPAgo,Monto,Fecha,Hora)
values(100,3,$3607.9,(select*from Fecha),(select*from Hora))
insert into Pago(ID_Cliente,ID_TipoPAgo,Monto,Fecha,Hora)
values(156,3,$3993.5,(select*from Fecha),(select*from Hora))
insert into Pago(ID_Cliente,ID_TipoPAgo,Monto,Fecha,Hora)
values(156,1,$1019.3,(select*from Fecha),(select*from Hora))
insert into Pago(ID_Cliente,ID_TipoPAgo,Monto,Fecha,Hora)
values(100,1,$2413.3,(select*from Fecha),(select*from Hora))
insert into Pago(ID_Cliente,ID_TipoPAgo,Monto,Fecha,Hora)
values(104,1,$2822.9,(select*from Fecha),(select*from Hora))
insert into Pago(ID_Cliente,ID_TipoPAgo,Monto,Fecha,Hora)
values(148,2,$761.6,(select*from Fecha),(select*from Hora))
insert into Pago(ID_Cliente,ID_TipoPAgo,Monto,Fecha,Hora)
values(136,2,$1394.5,(select*from Fecha),(select*from Hora))
insert into Pago(ID_Cliente,ID_TipoPAgo,Monto,Fecha,Hora)
values(124,2,$646.7,(select*from Fecha),(select*from Hora))
insert into Pago(ID_Cliente,ID_TipoPAgo,Monto,Fecha,Hora)
values(148,1,$1288.7,(select*from Fecha),(select*from Hora))
insert into Pago(ID_Cliente,ID_TipoPAgo,Monto,Fecha,Hora)
values(164,2,$1935.4,(select*from Fecha),(select*from Hora))
insert into Pago(ID_Cliente,ID_TipoPAgo,Monto,Fecha,Hora)
values(120,3,$1139.8,(select*from Fecha),(select*from Hora))
insert into Pago(ID_Cliente,ID_TipoPAgo,Monto,Fecha,Hora)
values(132,2,$5190.4,(select*from Fecha),(select*from Hora))
insert into Pago(ID_Cliente,ID_TipoPAgo,Monto,Fecha,Hora)
values(168,1,$540.4,(select*from Fecha),(select*from Hora))
insert into Pago(ID_Cliente,ID_TipoPAgo,Monto,Fecha,Hora)
values(156,1,$4174.6,(select*from Fecha),(select*from Hora))
insert into Pago(ID_Cliente,ID_TipoPAgo,Monto,Fecha,Hora)
values(100,3,$5348.9,(select*from Fecha),(select*from Hora))
insert into Pago(ID_Cliente,ID_TipoPAgo,Monto,Fecha,Hora)
values(160,3,$4861.9,(select*from Fecha),(select*from Hora))
insert into Pago(ID_Cliente,ID_TipoPAgo,Monto,Fecha,Hora)
values(112,1,$5864.4,(select*from Fecha),(select*from Hora))
insert into Pago(ID_Cliente,ID_TipoPAgo,Monto,Fecha,Hora)
values(120,1,$2038.5,(select*from Fecha),(select*from Hora))
insert into Pago(ID_Cliente,ID_TipoPAgo,Monto,Fecha,Hora)
values(148,1,$3930.9,(select*from Fecha),(select*from Hora))
insert into Pago(ID_Cliente,ID_TipoPAgo,Monto,Fecha,Hora)
values(100,2,$3872,(select*from Fecha),(select*from Hora))
insert into Pago(ID_Cliente,ID_TipoPAgo,Monto,Fecha,Hora)
values(104,2,$650.7,(select*from Fecha),(select*from Hora))
insert into Pago(ID_Cliente,ID_TipoPAgo,Monto,Fecha,Hora)
values(120,3,$4767.5,(select*from Fecha),(select*from Hora))
insert into Pago(ID_Cliente,ID_TipoPAgo,Monto,Fecha,Hora)
values(156,2,$5677.9,(select*from Fecha),(select*from Hora))
insert into Pago(ID_Cliente,ID_TipoPAgo,Monto,Fecha,Hora)
values(112,3,$3700.2,(select*from Fecha),(select*from Hora))
insert into Pago(ID_Cliente,ID_TipoPAgo,Monto,Fecha,Hora)
values(164,2,$5038.2,(select*from Fecha),(select*from Hora))
insert into Pago(ID_Cliente,ID_TipoPAgo,Monto,Fecha,Hora)
values(144,2,$1328.9,(select*from Fecha),(select*from Hora))
insert into Pago(ID_Cliente,ID_TipoPAgo,Monto,Fecha,Hora)
values(156,3,$5979.7,(select*from Fecha),(select*from Hora))
insert into Pago(ID_Cliente,ID_TipoPAgo,Monto,Fecha,Hora)
values(128,1,$2913,(select*from Fecha),(select*from Hora))
insert into Pago(ID_Cliente,ID_TipoPAgo,Monto,Fecha,Hora)
values(124,2,$936.9,(select*from Fecha),(select*from Hora))
insert into Pago(ID_Cliente,ID_TipoPAgo,Monto,Fecha,Hora)
values(100,1,$812.8,(select*from Fecha),(select*from Hora))
insert into Pago(ID_Cliente,ID_TipoPAgo,Monto,Fecha,Hora)
values(124,2,$928.7,(select*from Fecha),(select*from Hora))
insert into Pago(ID_Cliente,ID_TipoPAgo,Monto,Fecha,Hora)
values(128,2,$1734.1,(select*from Fecha),(select*from Hora))
insert into Pago(ID_Cliente,ID_TipoPAgo,Monto,Fecha,Hora)
values(116,3,$5059,(select*from Fecha),(select*from Hora))
insert into Pago(ID_Cliente,ID_TipoPAgo,Monto,Fecha,Hora)
values(140,2,$5800.3,(select*from Fecha),(select*from Hora))
insert into Pago(ID_Cliente,ID_TipoPAgo,Monto,Fecha,Hora)
values(104,3,$4496.1,(select*from Fecha),(select*from Hora))
insert into Pago(ID_Cliente,ID_TipoPAgo,Monto,Fecha,Hora)
values(120,2,$3646.2,(select*from Fecha),(select*from Hora))
insert into Pago(ID_Cliente,ID_TipoPAgo,Monto,Fecha,Hora)
values(148,2,$4828.5,(select*from Fecha),(select*from Hora))
insert into Pago(ID_Cliente,ID_TipoPAgo,Monto,Fecha,Hora)
values(168,2,$3212.3,(select*from Fecha),(select*from Hora))
insert into Pago(ID_Cliente,ID_TipoPAgo,Monto,Fecha,Hora)
values(164,3,$4923.7,(select*from Fecha),(select*from Hora))
insert into Pago(ID_Cliente,ID_TipoPAgo,Monto,Fecha,Hora)
values(144,2,$4739.2,(select*from Fecha),(select*from Hora))
insert into Pago(ID_Cliente,ID_TipoPAgo,Monto,Fecha,Hora)
values(144,2,$1506.2,(select*from Fecha),(select*from Hora))
insert into Pago(ID_Cliente,ID_TipoPAgo,Monto,Fecha,Hora)
values(120,1,$803.1,(select*from Fecha),(select*from Hora))
insert into Pago(ID_Cliente,ID_TipoPAgo,Monto,Fecha,Hora)
values(124,1,$887.7,(select*from Fecha),(select*from Hora))
insert into Pago(ID_Cliente,ID_TipoPAgo,Monto,Fecha,Hora)
values(140,1,$1575.7,(select*from Fecha),(select*from Hora))
insert into Pago(ID_Cliente,ID_TipoPAgo,Monto,Fecha,Hora)
values(132,1,$5111.2,(select*from Fecha),(select*from Hora))
insert into Pago(ID_Cliente,ID_TipoPAgo,Monto,Fecha,Hora)
values(152,1,$3229.5,(select*from Fecha),(select*from Hora))
insert into Pago(ID_Cliente,ID_TipoPAgo,Monto,Fecha,Hora)
values(116,2,$6126.2,(select*from Fecha),(select*from Hora))
insert into Pago(ID_Cliente,ID_TipoPAgo,Monto,Fecha,Hora)
values(140,1,$1418,(select*from Fecha),(select*from Hora))
insert into Pago(ID_Cliente,ID_TipoPAgo,Monto,Fecha,Hora)
values(156,3,$5733.8,(select*from Fecha),(select*from Hora))
insert into Pago(ID_Cliente,ID_TipoPAgo,Monto,Fecha,Hora)
values(152,3,$6027.7,(select*from Fecha),(select*from Hora))
insert into Pago(ID_Cliente,ID_TipoPAgo,Monto,Fecha,Hora)
values(168,3,$2623.7,(select*from Fecha),(select*from Hora))
insert into Pago(ID_Cliente,ID_TipoPAgo,Monto,Fecha,Hora)
values(152,2,$2756.6,(select*from Fecha),(select*from Hora))
insert into Pago(ID_Cliente,ID_TipoPAgo,Monto,Fecha,Hora)
values(156,3,$630.7,(select*from Fecha),(select*from Hora))
insert into Pago(ID_Cliente,ID_TipoPAgo,Monto,Fecha,Hora)
values(116,1,$4952.8,(select*from Fecha),(select*from Hora))
insert into Pago(ID_Cliente,ID_TipoPAgo,Monto,Fecha,Hora)
values(108,3,$5403.4,(select*from Fecha),(select*from Hora))
insert into Pago(ID_Cliente,ID_TipoPAgo,Monto,Fecha,Hora)
values(108,2,$4319.7,(select*from Fecha),(select*from Hora))
insert into Pago(ID_Cliente,ID_TipoPAgo,Monto,Fecha,Hora)
values(148,2,$3944.2,(select*from Fecha),(select*from Hora))
insert into Pago(ID_Cliente,ID_TipoPAgo,Monto,Fecha,Hora)
values(124,2,$4586.6,(select*from Fecha),(select*from Hora))
insert into Pago(ID_Cliente,ID_TipoPAgo,Monto,Fecha,Hora)
values(156,2,$510.9,(select*from Fecha),(select*from Hora))
insert into Pago(ID_Cliente,ID_TipoPAgo,Monto,Fecha,Hora)
values(112,3,$5180.4,(select*from Fecha),(select*from Hora))
insert into Pago(ID_Cliente,ID_TipoPAgo,Monto,Fecha,Hora)
values(100,1,$2885.8,(select*from Fecha),(select*from Hora))
insert into Pago(ID_Cliente,ID_TipoPAgo,Monto,Fecha,Hora)
values(144,1,$3207.4,(select*from Fecha),(select*from Hora))
insert into Pago(ID_Cliente,ID_TipoPAgo,Monto,Fecha,Hora)
values(168,2,$5242.6,(select*from Fecha),(select*from Hora))
insert into Pago(ID_Cliente,ID_TipoPAgo,Monto,Fecha,Hora)
values(148,2,$4994.9,(select*from Fecha),(select*from Hora))
insert into Pago(ID_Cliente,ID_TipoPAgo,Monto,Fecha,Hora)
values(148,1,$2183.9,(select*from Fecha),(select*from Hora))
insert into Pago(ID_Cliente,ID_TipoPAgo,Monto,Fecha,Hora)
values(112,2,$2407.6,(select*from Fecha),(select*from Hora))
insert into Pago(ID_Cliente,ID_TipoPAgo,Monto,Fecha,Hora)
values(164,3,$2994.8,(select*from Fecha),(select*from Hora))
insert into Pago(ID_Cliente,ID_TipoPAgo,Monto,Fecha,Hora)
values(124,1,$4394.5,(select*from Fecha),(select*from Hora))
insert into Pago(ID_Cliente,ID_TipoPAgo,Monto,Fecha,Hora)
values(124,3,$282.8,(select*from Fecha),(select*from Hora))
insert into Pago(ID_Cliente,ID_TipoPAgo,Monto,Fecha,Hora)
values(120,1,$1951.2,(select*from Fecha),(select*from Hora))
insert into Pago(ID_Cliente,ID_TipoPAgo,Monto,Fecha,Hora)
values(120,2,$1916.5,(select*from Fecha),(select*from Hora))
insert into Pago(ID_Cliente,ID_TipoPAgo,Monto,Fecha,Hora)
values(168,3,$2136.4,(select*from Fecha),(select*from Hora))
insert into Pago(ID_Cliente,ID_TipoPAgo,Monto,Fecha,Hora)
values(156,3,$1273.7,(select*from Fecha),(select*from Hora))
insert into Pago(ID_Cliente,ID_TipoPAgo,Monto,Fecha,Hora)
values(152,2,$105.7,(select*from Fecha),(select*from Hora))
insert into Pago(ID_Cliente,ID_TipoPAgo,Monto,Fecha,Hora)
values(148,3,$2430.7,(select*from Fecha),(select*from Hora))
insert into Pago(ID_Cliente,ID_TipoPAgo,Monto,Fecha,Hora)
values(144,3,$2189,(select*from Fecha),(select*from Hora))
insert into Pago(ID_Cliente,ID_TipoPAgo,Monto,Fecha,Hora)
values(108,1,$3227.2,(select*from Fecha),(select*from Hora))
insert into Pago(ID_Cliente,ID_TipoPAgo,Monto,Fecha,Hora)
values(168,1,$5888.1,(select*from Fecha),(select*from Hora))
insert into Pago(ID_Cliente,ID_TipoPAgo,Monto,Fecha,Hora)
values(132,1,$3196.4,(select*from Fecha),(select*from Hora))
insert into Pago(ID_Cliente,ID_TipoPAgo,Monto,Fecha,Hora)
values(140,1,$1587.3,(select*from Fecha),(select*from Hora))
insert into Pago(ID_Cliente,ID_TipoPAgo,Monto,Fecha,Hora)
values(104,2,$2196.1,(select*from Fecha),(select*from Hora))
insert into Pago(ID_Cliente,ID_TipoPAgo,Monto,Fecha,Hora)
values(100,3,$139,(select*from Fecha),(select*from Hora))
insert into Pago(ID_Cliente,ID_TipoPAgo,Monto,Fecha,Hora)
values(128,1,$1546.6,(select*from Fecha),(select*from Hora))
insert into Pago(ID_Cliente,ID_TipoPAgo,Monto,Fecha,Hora)
values(164,3,$2394.2,(select*from Fecha),(select*from Hora))

---Transferencia Inventario
select*from TransferenciaInventario
select ID_Almacen as [ID Sucursal],ID_CEDIS from Sucursal
select ID_Almacen as [ID CEDIS] from CEDIS

insert into TransferenciaInventario(ID,ID_AlmacenEnvío,ID_AlmacenRecibe,Fecha)
values(1,254,258,(select*from Fecha))
insert into TransferenciaInventario(ID,ID_AlmacenEnvío,ID_AlmacenRecibe,Fecha)
values(2,266,250,(select*from Fecha))
insert into TransferenciaInventario(ID,ID_AlmacenEnvío,ID_AlmacenRecibe,Fecha)
values(3,250,270,(select*from Fecha))
insert into TransferenciaInventario(ID,ID_AlmacenEnvío,ID_AlmacenRecibe,Fecha)
values(4,262,286,(select*from Fecha))
insert into TransferenciaInventario(ID,ID_AlmacenEnvío,ID_AlmacenRecibe,Fecha)
values(5,270,294,(select*from Fecha))
insert into TransferenciaInventario(ID,ID_AlmacenEnvío,ID_AlmacenRecibe,Fecha)
values(6,282,262,(select*from Fecha))
insert into TransferenciaInventario(ID,ID_AlmacenEnvío,ID_AlmacenRecibe,Fecha)
values(7,286,302,(select*from Fecha))
insert into TransferenciaInventario(ID,ID_AlmacenEnvío,ID_AlmacenRecibe,Fecha)
values(8,270,290,(select*from Fecha))
insert into TransferenciaInventario(ID,ID_AlmacenEnvío,ID_AlmacenRecibe,Fecha)
values(9,298,322,(select*from Fecha))
insert into TransferenciaInventario(ID,ID_AlmacenEnvío,ID_AlmacenRecibe,Fecha)
values(10,294,314,(select*from Fecha))
insert into TransferenciaInventario(ID,ID_AlmacenEnvío,ID_AlmacenRecibe,Fecha)
values(11,250,270,(select*from Fecha))
insert into TransferenciaInventario(ID,ID_AlmacenEnvío,ID_AlmacenRecibe,Fecha)
values(12,310,286,(select*from Fecha))
insert into TransferenciaInventario(ID,ID_AlmacenEnvío,ID_AlmacenRecibe,Fecha)
values(13,262,274,(select*from Fecha))
insert into TransferenciaInventario(ID,ID_AlmacenEnvío,ID_AlmacenRecibe,Fecha)
values(14,298,322,(select*from Fecha))
insert into TransferenciaInventario(ID,ID_AlmacenEnvío,ID_AlmacenRecibe,Fecha)
values(15,294,250,(select*from Fecha))
insert into TransferenciaInventario(ID,ID_AlmacenEnvío,ID_AlmacenRecibe,Fecha)
values(16,258,254,(select*from Fecha))
insert into TransferenciaInventario(ID,ID_AlmacenEnvío,ID_AlmacenRecibe,Fecha)
values(17,270,294,(select*from Fecha))
insert into TransferenciaInventario(ID,ID_AlmacenEnvío,ID_AlmacenRecibe,Fecha)
values(18,278,298,(select*from Fecha))
insert into TransferenciaInventario(ID,ID_AlmacenEnvío,ID_AlmacenRecibe,Fecha)
values(19,310,286,(select*from Fecha))
insert into TransferenciaInventario(ID,ID_AlmacenEnvío,ID_AlmacenRecibe,Fecha)
values(20,318,270,(select*from Fecha))

---Transferencia_Producto
select*from TransferenciaProducto

insert into TransferenciaProducto([UPC-Producto],Cantidad,ID_TransferenciaInventario)
values(169567943823,52,20)
insert into TransferenciaProducto([UPC-Producto],Cantidad,ID_TransferenciaInventario)
values(754165146475,27,15)
insert into TransferenciaProducto([UPC-Producto],Cantidad,ID_TransferenciaInventario)
values(171247017183,65,7)
insert into TransferenciaProducto([UPC-Producto],Cantidad,ID_TransferenciaInventario)
values(180160717042,111,3)
insert into TransferenciaProducto([UPC-Producto],Cantidad,ID_TransferenciaInventario)
values(754165106575,98,12)
insert into TransferenciaProducto([UPC-Producto],Cantidad,ID_TransferenciaInventario)
values(172670665286,113,7)
insert into TransferenciaProducto([UPC-Producto],Cantidad,ID_TransferenciaInventario)
values(739251063190,91,16)
insert into TransferenciaProducto([UPC-Producto],Cantidad,ID_TransferenciaInventario)
values(756800548345,125,12)
insert into TransferenciaProducto([UPC-Producto],Cantidad,ID_TransferenciaInventario)
values(172670665286,32,5)
insert into TransferenciaProducto([UPC-Producto],Cantidad,ID_TransferenciaInventario)
values(739251063190,123,13)
insert into TransferenciaProducto([UPC-Producto],Cantidad,ID_TransferenciaInventario)
values(172670665286,79,18)
insert into TransferenciaProducto([UPC-Producto],Cantidad,ID_TransferenciaInventario)
values(752229106791,123,10)
insert into TransferenciaProducto([UPC-Producto],Cantidad,ID_TransferenciaInventario)
values(752229106791,114,9)
insert into TransferenciaProducto([UPC-Producto],Cantidad,ID_TransferenciaInventario)
values(171247017183,73,10)
insert into TransferenciaProducto([UPC-Producto],Cantidad,ID_TransferenciaInventario)
values(756800548345,114,15)
insert into TransferenciaProducto([UPC-Producto],Cantidad,ID_TransferenciaInventario)
values(754165146475,124,1)
insert into TransferenciaProducto([UPC-Producto],Cantidad,ID_TransferenciaInventario)
values(144844572326,50,4)
insert into TransferenciaProducto([UPC-Producto],Cantidad,ID_TransferenciaInventario)
values(754165106575,70,13)
insert into TransferenciaProducto([UPC-Producto],Cantidad,ID_TransferenciaInventario)
values(180160717042,20,5)
insert into TransferenciaProducto([UPC-Producto],Cantidad,ID_TransferenciaInventario)
values(760803117475,109,2)
insert into TransferenciaProducto([UPC-Producto],Cantidad,ID_TransferenciaInventario)
values(129303147829,61,10)
insert into TransferenciaProducto([UPC-Producto],Cantidad,ID_TransferenciaInventario)
values(172670665286,58,2)
insert into TransferenciaProducto([UPC-Producto],Cantidad,ID_TransferenciaInventario)
values(144844572326,84,7)
insert into TransferenciaProducto([UPC-Producto],Cantidad,ID_TransferenciaInventario)
values(756800548345,98,14)
insert into TransferenciaProducto([UPC-Producto],Cantidad,ID_TransferenciaInventario)
values(171247502183,81,1)
insert into TransferenciaProducto([UPC-Producto],Cantidad,ID_TransferenciaInventario)
values(171247017183,60,19)
insert into TransferenciaProducto([UPC-Producto],Cantidad,ID_TransferenciaInventario)
values(129303147829,27,11)
insert into TransferenciaProducto([UPC-Producto],Cantidad,ID_TransferenciaInventario)
values(186865765893,100,9)
insert into TransferenciaProducto([UPC-Producto],Cantidad,ID_TransferenciaInventario)
values(180160089042,101,6)
insert into TransferenciaProducto([UPC-Producto],Cantidad,ID_TransferenciaInventario)
values(739251629190,86,1)
insert into TransferenciaProducto([UPC-Producto],Cantidad,ID_TransferenciaInventario)
values(752229106791,32,17)
insert into TransferenciaProducto([UPC-Producto],Cantidad,ID_TransferenciaInventario)
values(756803428345,99,5)
insert into TransferenciaProducto([UPC-Producto],Cantidad,ID_TransferenciaInventario)
values(752229872791,73,18)
insert into TransferenciaProducto([UPC-Producto],Cantidad,ID_TransferenciaInventario)
values(171247017183,75,15)
insert into TransferenciaProducto([UPC-Producto],Cantidad,ID_TransferenciaInventario)
values(739251629190,118,15)
insert into TransferenciaProducto([UPC-Producto],Cantidad,ID_TransferenciaInventario)
values(144844572326,57,1)
insert into TransferenciaProducto([UPC-Producto],Cantidad,ID_TransferenciaInventario)
values(169567843823,47,15)
insert into TransferenciaProducto([UPC-Producto],Cantidad,ID_TransferenciaInventario)
values(180160717042,119,11)
insert into TransferenciaProducto([UPC-Producto],Cantidad,ID_TransferenciaInventario)
values(752229872791,130,7)
insert into TransferenciaProducto([UPC-Producto],Cantidad,ID_TransferenciaInventario)
values(186865765893,105,14)
insert into TransferenciaProducto([UPC-Producto],Cantidad,ID_TransferenciaInventario)
values(754165146475,21,8)
insert into TransferenciaProducto([UPC-Producto],Cantidad,ID_TransferenciaInventario)
values(754165106575,42,14)
insert into TransferenciaProducto([UPC-Producto],Cantidad,ID_TransferenciaInventario)
values(172670665286,96,9)
insert into TransferenciaProducto([UPC-Producto],Cantidad,ID_TransferenciaInventario)
values(144844572326,104,3)
insert into TransferenciaProducto([UPC-Producto],Cantidad,ID_TransferenciaInventario)
values(169567943823,36,11)
insert into TransferenciaProducto([UPC-Producto],Cantidad,ID_TransferenciaInventario)
values(756803428345,96,14)
insert into TransferenciaProducto([UPC-Producto],Cantidad,ID_TransferenciaInventario)
values(760803117475,44,19)
insert into TransferenciaProducto([UPC-Producto],Cantidad,ID_TransferenciaInventario)
values(129303147829,85,9)
insert into TransferenciaProducto([UPC-Producto],Cantidad,ID_TransferenciaInventario)
values(180160089042,78,9)
insert into TransferenciaProducto([UPC-Producto],Cantidad,ID_TransferenciaInventario)
values(144844572326,27,11)
insert into TransferenciaProducto([UPC-Producto],Cantidad,ID_TransferenciaInventario)
values(752229106791,95,6)
insert into TransferenciaProducto([UPC-Producto],Cantidad,ID_TransferenciaInventario)
values(144844572326,30,17)
insert into TransferenciaProducto([UPC-Producto],Cantidad,ID_TransferenciaInventario)
values(180160717042,90,15)
insert into TransferenciaProducto([UPC-Producto],Cantidad,ID_TransferenciaInventario)
values(739251629190,30,13)
insert into TransferenciaProducto([UPC-Producto],Cantidad,ID_TransferenciaInventario)
values(172670665286,67,16)
insert into TransferenciaProducto([UPC-Producto],Cantidad,ID_TransferenciaInventario)
values(186865765893,65,1)
insert into TransferenciaProducto([UPC-Producto],Cantidad,ID_TransferenciaInventario)
values(129303147829,52,7)
insert into TransferenciaProducto([UPC-Producto],Cantidad,ID_TransferenciaInventario)
values(186865883233,130,20)
insert into TransferenciaProducto([UPC-Producto],Cantidad,ID_TransferenciaInventario)
values(760803117475,130,5)
insert into TransferenciaProducto([UPC-Producto],Cantidad,ID_TransferenciaInventario)
values(754165146475,26,16)
insert into TransferenciaProducto([UPC-Producto],Cantidad,ID_TransferenciaInventario)
values(752229872791,95,8)
insert into TransferenciaProducto([UPC-Producto],Cantidad,ID_TransferenciaInventario)
values(752229106791,117,2)
insert into TransferenciaProducto([UPC-Producto],Cantidad,ID_TransferenciaInventario)
values(144844572326,62,15)
insert into TransferenciaProducto([UPC-Producto],Cantidad,ID_TransferenciaInventario)
values(756803428345,110,1)
insert into TransferenciaProducto([UPC-Producto],Cantidad,ID_TransferenciaInventario)
values(171247502183,120,19)
insert into TransferenciaProducto([UPC-Producto],Cantidad,ID_TransferenciaInventario)
values(752229106791,79,19)
insert into TransferenciaProducto([UPC-Producto],Cantidad,ID_TransferenciaInventario)
values(129303147829,123,2)
insert into TransferenciaProducto([UPC-Producto],Cantidad,ID_TransferenciaInventario)
values(144844572326,122,8)
insert into TransferenciaProducto([UPC-Producto],Cantidad,ID_TransferenciaInventario)
values(739251629190,89,14)
insert into TransferenciaProducto([UPC-Producto],Cantidad,ID_TransferenciaInventario)
values(739251063190,95,11)
insert into TransferenciaProducto([UPC-Producto],Cantidad,ID_TransferenciaInventario)
values(754165146475,61,10)
insert into TransferenciaProducto([UPC-Producto],Cantidad,ID_TransferenciaInventario)
values(756803428345,65,4)
insert into TransferenciaProducto([UPC-Producto],Cantidad,ID_TransferenciaInventario)
values(739251063190,39,19)
insert into TransferenciaProducto([UPC-Producto],Cantidad,ID_TransferenciaInventario)
values(756800548345,102,8)
insert into TransferenciaProducto([UPC-Producto],Cantidad,ID_TransferenciaInventario)
values(739251063190,100,14)
insert into TransferenciaProducto([UPC-Producto],Cantidad,ID_TransferenciaInventario)
values(171247017183,28,18)
insert into TransferenciaProducto([UPC-Producto],Cantidad,ID_TransferenciaInventario)
values(180160089042,67,2)
insert into TransferenciaProducto([UPC-Producto],Cantidad,ID_TransferenciaInventario)
values(186865765893,100,10)
insert into TransferenciaProducto([UPC-Producto],Cantidad,ID_TransferenciaInventario)
values(754165146475,42,4)
insert into TransferenciaProducto([UPC-Producto],Cantidad,ID_TransferenciaInventario)
values(739251063190,110,9)
insert into TransferenciaProducto([UPC-Producto],Cantidad,ID_TransferenciaInventario)
values(169567843823,67,6)

